run_id,status,rqvae_seed,checkpoint_tag,rqvae_epoch,gpt2_seed,tiebreak,vocab_size,sid_token_levels,sid_max_dupe_with_disambig,unique_sids,collapsed,best_epoch,gpt2_best_val_loss,epochs_done,train_time_min,checkpoint_path_recsys,run_dir,val_Recall@1,val_Recall@5,val_Recall@10,val_Recall@20,val_NDCG@1,val_NDCG@5,val_NDCG@10,val_NDCG@20,val_n_users,test_Recall@1,test_Recall@5,test_Recall@10,test_Recall@20,test_NDCG@1,test_NDCG@5,test_NDCG@10,test_NDCG@20,test_n_users,source_dir,error,rqvae_seed_sid,sid_epoch,checkpoint_path_sid,rqvae_train_loss,rqvae_val_loss,rqvae_best_val_loss,rqvae_best_epoch,n_layers,codebook_size,payload_tag,payload_epoch,rq_train_loss,rq_train_r_loss,rq_train_q_loss,rq_train_con_loss,rq_train_entropy_l0,rq_train_entropy_l1,rq_train_entropy_l2,rq_train_entropy_l3,rq_train_entropy_mean,rq_train_entropy_std,rq_train_entropy_min,rq_train_entropy_max,rq_train_entropy_sum,rq_train_sids_num_l0,rq_train_sids_num_l1,rq_train_sids_num_l2,rq_train_sids_num_l3,rq_train_sids_num_mean,rq_train_sids_num_std,rq_train_sids_num_min,rq_train_sids_num_max,rq_train_sids_num_sum,rq_val_loss,rq_val_r_loss,rq_val_q_loss,rq_val_con_loss,rq_val_entropy_l0,rq_val_entropy_l1,rq_val_entropy_l2,rq_val_entropy_l3,rq_val_entropy_mean,rq_val_entropy_std,rq_val_entropy_min,rq_val_entropy_max,rq_val_entropy_sum,rq_val_sids_num_l0,rq_val_sids_num_l1,rq_val_sids_num_l2,rq_val_sids_num_l3,rq_val_sids_num_mean,rq_val_sids_num_std,rq_val_sids_num_min,rq_val_sids_num_max,rq_val_sids_num_sum,sid_unique_total,sid_collisions,sid_max_cluster_size,sid_icr,sid_path_avg_similarity,sid_cur_total,rqvae_total_loss
rq0_best_ep103_base_only_gpt0,completed,0,best,103,0,base_only,1026.0,4.0,0.0,11579.0,522.0,40.0,1.7648429491303184,40.0,4.81,/workspace/Data_hetero/rqvae_l4_seed0_best.pt,gpt2_rqvae_base_only_final_test2000/rq0_best_ep103_base_only_gpt0,0.026,0.0815,0.1305,0.192,0.026,0.0528883358808644,0.0687480948348417,0.0842336112359538,2000.0,0.0085,0.037,0.0615,0.0975,0.0085,0.0227242553463661,0.0306267972341767,0.0396781340955896,2000.0,gpt2_rqvae_base_only_final_test2000,,0,103,C:\Users\Admin\Documents\GitHub\plum_sid_coursework/checkpoints/rqvae_longitudinal_l4/rqvae_l4_seed0_best.pt,0.2621870623393492,0.3779210746288299,0.3779210746288299,103,4,256,best,103,0.2621870623393492,0.0011491339748979,0.0008971098709893,2.601408140225844,7.207295894622803,7.908987522125244,7.88591194152832,7.917991638183594,7.73004674911499,0.3020370406303147,7.207295894622803,7.917991638183594,30.92018699645996,189.0,256.0,256.0,256.0,239.25,29.011851026778693,189.0,256.0,957.0,0.3779210746288299,0.0010972339659929,0.0012035350082442,3.756202936172485,7.039355754852295,7.489826679229736,7.472903728485107,7.352067947387695,7.338538527488708,0.1807176587533949,7.039355754852295,7.489826679229736,29.354154109954838,174.0,239.0,236.0,231.0,220.0,26.711420778386163,174.0,239.0,880.0,11579.0,522.0,17.0,0.9568630691678374,0.9835347533226012,2.6959460228681564e-06,0.0022223254923758
rq0_best_ep103_base_only_gpt1,completed,0,best,103,1,base_only,1026.0,4.0,0.0,11579.0,522.0,40.0,1.77219942483035,40.0,4.85,/workspace/Data_hetero/rqvae_l4_seed0_best.pt,gpt2_rqvae_base_only_final_test2000/rq0_best_ep103_base_only_gpt1,0.025,0.075,0.1205,0.173,0.025,0.0503753290232337,0.0650897696531515,0.0782219102067317,2000.0,0.013,0.037,0.0585,0.0925,0.013,0.0251173022943053,0.0319083802462096,0.0404668156670507,2000.0,gpt2_rqvae_base_only_final_test2000,,0,103,C:\Users\Admin\Documents\GitHub\plum_sid_coursework/checkpoints/rqvae_longitudinal_l4/rqvae_l4_seed0_best.pt,0.2621870623393492,0.3779210746288299,0.3779210746288299,103,4,256,best,103,0.2621870623393492,0.0011491339748979,0.0008971098709893,2.601408140225844,7.207295894622803,7.908987522125244,7.88591194152832,7.917991638183594,7.73004674911499,0.3020370406303147,7.207295894622803,7.917991638183594,30.92018699645996,189.0,256.0,256.0,256.0,239.25,29.011851026778693,189.0,256.0,957.0,0.3779210746288299,0.0010972339659929,0.0012035350082442,3.756202936172485,7.039355754852295,7.489826679229736,7.472903728485107,7.352067947387695,7.338538527488708,0.1807176587533949,7.039355754852295,7.489826679229736,29.354154109954838,174.0,239.0,236.0,231.0,220.0,26.711420778386163,174.0,239.0,880.0,11579.0,522.0,17.0,0.9568630691678374,0.9835347533226012,2.6959460228681564e-06,0.0022223254923758
rq0_best_ep103_base_only_gpt2,completed,0,best,103,2,base_only,1026.0,4.0,0.0,11579.0,522.0,40.0,1.7647247422825207,40.0,4.91,/workspace/Data_hetero/rqvae_l4_seed0_best.pt,gpt2_rqvae_base_only_final_test2000/rq0_best_ep103_base_only_gpt2,0.029,0.0865,0.1295,0.1945,0.029,0.0579212172625948,0.0718657560130595,0.0882129559854062,2000.0,0.0135,0.0485,0.0695,0.098,0.0135,0.0312283977232273,0.0378740123851603,0.0450050350903431,2000.0,gpt2_rqvae_base_only_final_test2000,,0,103,C:\Users\Admin\Documents\GitHub\plum_sid_coursework/checkpoints/rqvae_longitudinal_l4/rqvae_l4_seed0_best.pt,0.2621870623393492,0.3779210746288299,0.3779210746288299,103,4,256,best,103,0.2621870623393492,0.0011491339748979,0.0008971098709893,2.601408140225844,7.207295894622803,7.908987522125244,7.88591194152832,7.917991638183594,7.73004674911499,0.3020370406303147,7.207295894622803,7.917991638183594,30.92018699645996,189.0,256.0,256.0,256.0,239.25,29.011851026778693,189.0,256.0,957.0,0.3779210746288299,0.0010972339659929,0.0012035350082442,3.756202936172485,7.039355754852295,7.489826679229736,7.472903728485107,7.352067947387695,7.338538527488708,0.1807176587533949,7.039355754852295,7.489826679229736,29.354154109954838,174.0,239.0,236.0,231.0,220.0,26.711420778386163,174.0,239.0,880.0,11579.0,522.0,17.0,0.9568630691678374,0.9835347533226012,2.6959460228681564e-06,0.0022223254923758
rq1_best_ep91_base_only_gpt0,completed,1,best,91,0,base_only,1026.0,4.0,0.0,11516.0,585.0,40.0,1.765788804401051,40.0,4.96,/workspace/Data_hetero/rqvae_l4_seed1_best.pt,gpt2_rqvae_base_only_final_test2000/rq1_best_ep91_base_only_gpt0,0.029,0.0915,0.1365,0.193,0.029,0.0610154338689284,0.075373534561347,0.0895938157826723,2000.0,0.013,0.047,0.073,0.112,0.013,0.0299662674666118,0.0383593731130606,0.0481329870196993,2000.0,gpt2_rqvae_base_only_final_test2000,,1,91,C:\Users\Admin\Documents\GitHub\plum_sid_coursework/checkpoints/rqvae_longitudinal_l4/rqvae_l4_seed1_best.pt,0.2663411945104599,0.37823086977005,0.37823086977005,91,4,256,best,91,0.2663411945104599,0.0011573008219288,0.0010150327183179,2.64168859611858,7.145940780639648,7.887249946594238,7.891703128814697,7.90686559677124,7.707939863204956,0.3245517909639998,7.145940780639648,7.90686559677124,30.831759452819824,175.0,256.0,256.0,256.0,235.75,35.074028853269766,175.0,256.0,943.0,0.37823086977005,0.0011306293308734,0.0013551972806453,3.757450580596924,7.048818588256836,7.490468025207519,7.5426740646362305,7.532044410705566,7.403501272201538,0.2057033221834036,7.048818588256836,7.5426740646362305,29.614005088806152,172.0,237.0,244.0,235.0,222.0,29.06028217344078,172.0,244.0,888.0,11516.0,585.0,19.0,0.9516568878605074,0.977216899394989,2.6812776923179622e-06,0.002413878058032
rq1_best_ep91_base_only_gpt1,completed,1,best,91,1,base_only,1026.0,4.0,0.0,11516.0,585.0,40.0,1.7736741304397583,40.0,4.87,/workspace/Data_hetero/rqvae_l4_seed1_best.pt,gpt2_rqvae_base_only_final_test2000/rq1_best_ep91_base_only_gpt1,0.0235,0.08,0.1225,0.179,0.0235,0.0520646261122376,0.0656426095304078,0.0798430221440461,2000.0,0.011,0.0375,0.058,0.097,0.011,0.0239318634328733,0.0304679893051093,0.0402165635273308,2000.0,gpt2_rqvae_base_only_final_test2000,,1,91,C:\Users\Admin\Documents\GitHub\plum_sid_coursework/checkpoints/rqvae_longitudinal_l4/rqvae_l4_seed1_best.pt,0.2663411945104599,0.37823086977005,0.37823086977005,91,4,256,best,91,0.2663411945104599,0.0011573008219288,0.0010150327183179,2.64168859611858,7.145940780639648,7.887249946594238,7.891703128814697,7.90686559677124,7.707939863204956,0.3245517909639998,7.145940780639648,7.90686559677124,30.831759452819824,175.0,256.0,256.0,256.0,235.75,35.074028853269766,175.0,256.0,943.0,0.37823086977005,0.0011306293308734,0.0013551972806453,3.757450580596924,7.048818588256836,7.490468025207519,7.5426740646362305,7.532044410705566,7.403501272201538,0.2057033221834036,7.048818588256836,7.5426740646362305,29.614005088806152,172.0,237.0,244.0,235.0,222.0,29.06028217344078,172.0,244.0,888.0,11516.0,585.0,19.0,0.9516568878605074,0.977216899394989,2.6812776923179622e-06,0.002413878058032
rq1_best_ep91_base_only_gpt2,completed,1,best,91,2,base_only,1026.0,4.0,0.0,11516.0,585.0,40.0,1.7542383941737087,40.0,3.62,/workspace/Data_hetero/rqvae_l4_seed1_best.pt,gpt2_rqvae_base_only_final_test2000/rq1_best_ep91_base_only_gpt2,0.032,0.0955,0.1345,0.1855,0.032,0.0638697675337052,0.0764635663448512,0.0895120766375124,2000.0,0.0145,0.048,0.0775,0.1155,0.0145,0.0310251763009893,0.0404141015153622,0.0499462174890059,2000.0,gpt2_rqvae_base_only_final_test2000,,1,91,C:\Users\Admin\Documents\GitHub\plum_sid_coursework/checkpoints/rqvae_longitudinal_l4/rqvae_l4_seed1_best.pt,0.2663411945104599,0.37823086977005,0.37823086977005,91,4,256,best,91,0.2663411945104599,0.0011573008219288,0.0010150327183179,2.64168859611858,7.145940780639648,7.887249946594238,7.891703128814697,7.90686559677124,7.707939863204956,0.3245517909639998,7.145940780639648,7.90686559677124,30.831759452819824,175.0,256.0,256.0,256.0,235.75,35.074028853269766,175.0,256.0,943.0,0.37823086977005,0.0011306293308734,0.0013551972806453,3.757450580596924,7.048818588256836,7.490468025207519,7.5426740646362305,7.532044410705566,7.403501272201538,0.2057033221834036,7.048818588256836,7.5426740646362305,29.614005088806152,172.0,237.0,244.0,235.0,222.0,29.06028217344078,172.0,244.0,888.0,11516.0,585.0,19.0,0.9516568878605074,0.977216899394989,2.6812776923179622e-06,0.002413878058032
rq2_best_ep86_base_only_gpt0,completed,2,best,86,0,base_only,1026.0,4.0,0.0,11315.0,786.0,40.0,1.7668215740810742,40.0,3.9,/workspace/Data_hetero/rqvae_l4_seed2_best.pt,gpt2_rqvae_base_only_final_test2000/rq2_best_ep86_base_only_gpt0,0.024,0.0775,0.123,0.1775,0.024,0.0501451626727452,0.0647570409134281,0.0783669996117646,2000.0,0.009,0.0395,0.062,0.092,0.009,0.0245251766385583,0.0318530687597927,0.0393770943217892,2000.0,gpt2_rqvae_base_only_final_test2000,,2,86,C:\Users\Admin\Documents\GitHub\plum_sid_coursework/checkpoints/rqvae_longitudinal_l4/rqvae_l4_seed2_best.pt,0.2718249688094312,0.3858888149261474,0.3858888149261474,86,4,256,best,86,0.2718249688094312,0.0012651440444063,0.0010908930562436,2.694689214229584,6.355825424194336,7.893074035644531,7.849274158477783,7.9116668701171875,7.5024601221084595,0.6623972558720409,6.355825424194336,7.9116668701171875,30.00984048843384,99.0,256.0,256.0,256.0,216.75,67.98299419707844,99.0,256.0,867.0,0.3858888149261474,0.0011590362992137,0.0015581604093313,3.831716060638428,6.2497735023498535,7.484471321105957,7.446333885192871,7.404326438903809,7.146226286888123,0.5183429263311609,6.2497735023498535,7.484471321105957,28.58490514755249,98.0,239.0,238.0,238.0,203.25,60.76748719504535,98.0,239.0,813.0,11315.0,786.0,14.0,0.9350466903561688,0.9753886461257936,2.634478732943535e-06,0.0026366665114252
rq2_best_ep86_base_only_gpt1,completed,2,best,86,1,base_only,1026.0,4.0,0.0,11315.0,786.0,40.0,1.7660499865358523,40.0,4.92,/workspace/Data_hetero/rqvae_l4_seed2_best.pt,gpt2_rqvae_base_only_final_test2000/rq2_best_ep86_base_only_gpt1,0.024,0.0765,0.1165,0.1655,0.024,0.050175153917719,0.062924069799516,0.0753058297976347,2000.0,0.0085,0.0385,0.0685,0.104,0.0085,0.0235577735334304,0.0332131150920049,0.0422049314011542,2000.0,gpt2_rqvae_base_only_final_test2000,,2,86,C:\Users\Admin\Documents\GitHub\plum_sid_coursework/checkpoints/rqvae_longitudinal_l4/rqvae_l4_seed2_best.pt,0.2718249688094312,0.3858888149261474,0.3858888149261474,86,4,256,best,86,0.2718249688094312,0.0012651440444063,0.0010908930562436,2.694689214229584,6.355825424194336,7.893074035644531,7.849274158477783,7.9116668701171875,7.5024601221084595,0.6623972558720409,6.355825424194336,7.9116668701171875,30.00984048843384,99.0,256.0,256.0,256.0,216.75,67.98299419707844,99.0,256.0,867.0,0.3858888149261474,0.0011590362992137,0.0015581604093313,3.831716060638428,6.2497735023498535,7.484471321105957,7.446333885192871,7.404326438903809,7.146226286888123,0.5183429263311609,6.2497735023498535,7.484471321105957,28.58490514755249,98.0,239.0,238.0,238.0,203.25,60.76748719504535,98.0,239.0,813.0,11315.0,786.0,14.0,0.9350466903561688,0.9753886461257936,2.634478732943535e-06,0.0026366665114252
rq2_best_ep86_base_only_gpt2,completed,2,best,86,2,base_only,1026.0,4.0,0.0,11315.0,786.0,40.0,1.7659868489612232,40.0,4.94,/workspace/Data_hetero/rqvae_l4_seed2_best.pt,gpt2_rqvae_base_only_final_test2000/rq2_best_ep86_base_only_gpt2,0.027,0.089,0.133,0.1775,0.027,0.0575017668853501,0.0718794083097253,0.0831108484249677,2000.0,0.0105,0.04,0.0645,0.107,0.0105,0.0249763198348883,0.0328925106929201,0.0436413790510591,2000.0,gpt2_rqvae_base_only_final_test2000,,2,86,C:\Users\Admin\Documents\GitHub\plum_sid_coursework/checkpoints/rqvae_longitudinal_l4/rqvae_l4_seed2_best.pt,0.2718249688094312,0.3858888149261474,0.3858888149261474,86,4,256,best,86,0.2718249688094312,0.0012651440444063,0.0010908930562436,2.694689214229584,6.355825424194336,7.893074035644531,7.849274158477783,7.9116668701171875,7.5024601221084595,0.6623972558720409,6.355825424194336,7.9116668701171875,30.00984048843384,99.0,256.0,256.0,256.0,216.75,67.98299419707844,99.0,256.0,867.0,0.3858888149261474,0.0011590362992137,0.0015581604093313,3.831716060638428,6.2497735023498535,7.484471321105957,7.446333885192871,7.404326438903809,7.146226286888123,0.5183429263311609,6.2497735023498535,7.484471321105957,28.58490514755249,98.0,239.0,238.0,238.0,203.25,60.76748719504535,98.0,239.0,813.0,11315.0,786.0,14.0,0.9350466903561688,0.9753886461257936,2.634478732943535e-06,0.0026366665114252
rq0_final_ep123_base_only_gpt0,completed,0,final,123,0,base_only,1026.0,4.0,0.0,11549.0,552.0,40.0,1.7692309617996216,40.0,4.93,/workspace/Data_hetero/rqvae_l4_seed0_final_epoch123.pt,gpt2_rqvae_base_only_final_test2000/rq0_final_ep123_base_only_gpt0,0.023,0.0905,0.1315,0.1905,0.023,0.0575071752397015,0.0707238742235868,0.0856036803372046,2000.0,0.012,0.0405,0.063,0.1035,0.012,0.0266086948256226,0.0337932886995313,0.0440433284450208,2000.0,gpt2_rqvae_base_only_final_test2000,,0,123,C:\Users\Admin\Documents\GitHub\plum_sid_coursework/checkpoints/rqvae_longitudinal_l4/rqvae_l4_seed0_final_epoch123.pt,0.2569916546344757,0.3940248191356659,0.3779210746288299,103,4,256,final,123,0.2569916546344757,0.0011029564934274,0.0009623257025271,2.549263672395186,7.287461757659912,7.887316703796387,7.870784282684326,7.912321090698242,7.739470958709717,0.261386227332097,7.287461757659912,7.912321090698242,30.957883834838867,200.0,256.0,256.0,256.0,242.0,24.24871130596428,200.0,256.0,968.0,0.3940248191356659,0.0011171080404892,0.0011350093409419,3.917726755142212,7.098540306091309,7.458889484405518,7.400403022766113,7.575559139251709,7.383347988128662,0.1761092943528023,7.098540306091309,7.575559139251709,29.53339195251465,182.0,237.0,241.0,239.0,224.75,24.722206616724165,182.0,241.0,899.0,11549.0,552.0,22.0,0.954383935211966,0.9806492924690248,2.6889611035585403e-06,0.0021596606835637
rq0_final_ep123_base_only_gpt1,completed,0,final,123,1,base_only,1026.0,4.0,0.0,11549.0,552.0,40.0,1.7676850882443516,40.0,4.76,/workspace/Data_hetero/rqvae_l4_seed0_final_epoch123.pt,gpt2_rqvae_base_only_final_test2000/rq0_final_ep123_base_only_gpt1,0.0235,0.079,0.117,0.1655,0.0235,0.0519748360320543,0.0642963490016747,0.076656304596924,2000.0,0.0105,0.034,0.068,0.104,0.0105,0.0221629197841938,0.033253529749379,0.0423432659248401,2000.0,gpt2_rqvae_base_only_final_test2000,,0,123,C:\Users\Admin\Documents\GitHub\plum_sid_coursework/checkpoints/rqvae_longitudinal_l4/rqvae_l4_seed0_final_epoch123.pt,0.2569916546344757,0.3940248191356659,0.3779210746288299,103,4,256,final,123,0.2569916546344757,0.0011029564934274,0.0009623257025271,2.549263672395186,7.287461757659912,7.887316703796387,7.870784282684326,7.912321090698242,7.739470958709717,0.261386227332097,7.287461757659912,7.912321090698242,30.957883834838867,200.0,256.0,256.0,256.0,242.0,24.24871130596428,200.0,256.0,968.0,0.3940248191356659,0.0011171080404892,0.0011350093409419,3.917726755142212,7.098540306091309,7.458889484405518,7.400403022766113,7.575559139251709,7.383347988128662,0.1761092943528023,7.098540306091309,7.575559139251709,29.53339195251465,182.0,237.0,241.0,239.0,224.75,24.722206616724165,182.0,241.0,899.0,11549.0,552.0,22.0,0.954383935211966,0.9806492924690248,2.6889611035585403e-06,0.0021596606835637
rq0_final_ep123_base_only_gpt2,completed,0,final,123,2,base_only,1026.0,4.0,0.0,11549.0,552.0,40.0,1.7611349712718616,40.0,4.99,/workspace/Data_hetero/rqvae_l4_seed0_final_epoch123.pt,gpt2_rqvae_base_only_final_test2000/rq0_final_ep123_base_only_gpt2,0.0295,0.097,0.135,0.198,0.0295,0.0636810250058942,0.0758182400546604,0.0917278812408997,2000.0,0.012,0.047,0.07,0.1005,0.012,0.0298157744754324,0.0373259566897094,0.0448665760561528,2000.0,gpt2_rqvae_base_only_final_test2000,,0,123,C:\Users\Admin\Documents\GitHub\plum_sid_coursework/checkpoints/rqvae_longitudinal_l4/rqvae_l4_seed0_final_epoch123.pt,0.2569916546344757,0.3940248191356659,0.3779210746288299,103,4,256,final,123,0.2569916546344757,0.0011029564934274,0.0009623257025271,2.549263672395186,7.287461757659912,7.887316703796387,7.870784282684326,7.912321090698242,7.739470958709717,0.261386227332097,7.287461757659912,7.912321090698242,30.957883834838867,200.0,256.0,256.0,256.0,242.0,24.24871130596428,200.0,256.0,968.0,0.3940248191356659,0.0011171080404892,0.0011350093409419,3.917726755142212,7.098540306091309,7.458889484405518,7.400403022766113,7.575559139251709,7.383347988128662,0.1761092943528023,7.098540306091309,7.575559139251709,29.53339195251465,182.0,237.0,241.0,239.0,224.75,24.722206616724165,182.0,241.0,899.0,11549.0,552.0,22.0,0.954383935211966,0.9806492924690248,2.6889611035585403e-06,0.0021596606835637
rq1_final_ep111_base_only_gpt0,completed,1,final,111,0,base_only,1026.0,4.0,0.0,11574.0,527.0,40.0,1.7637579170140354,40.0,4.97,/workspace/Data_hetero/rqvae_l4_seed1_final_epoch111.pt,gpt2_rqvae_base_only_final_test2000/rq1_final_ep111_base_only_gpt0,0.027,0.0885,0.1325,0.1925,0.027,0.057962356598414,0.0721957354935926,0.0872984006601137,2000.0,0.011,0.0375,0.061,0.0985,0.011,0.0241718110645968,0.0316040671517057,0.0410336771172211,2000.0,gpt2_rqvae_base_only_final_test2000,,1,111,C:\Users\Admin\Documents\GitHub\plum_sid_coursework/checkpoints/rqvae_longitudinal_l4/rqvae_l4_seed1_final_epoch111.pt,0.2602901018478654,0.3892492651939392,0.37823086977005,91,4,256,final,111,0.2602901018478654,0.0011484612530859,0.0009573443940925,2.581842904741114,7.200212001800537,7.891486644744873,7.882557392120361,7.920541763305664,7.723699450492859,0.3025617264398211,7.200212001800537,7.920541763305664,30.89479780197144,180.0,256.0,256.0,256.0,237.0,32.90896534380867,180.0,256.0,948.0,0.3892492651939392,0.0010672627249732,0.001315694884397,3.86866307258606,7.087811470031738,7.599608421325684,7.529748916625977,7.595329284667969,7.453124523162842,0.212723206936428,7.087811470031738,7.599608421325684,29.812498092651367,177.0,243.0,238.0,243.0,225.25,27.931836674304108,177.0,243.0,901.0,11574.0,527.0,31.0,0.9564498801751922,0.979689121246338,2.694781869649887e-06,0.0022989929044575
rq1_final_ep111_base_only_gpt1,completed,1,final,111,1,base_only,1026.0,4.0,0.0,11574.0,527.0,40.0,1.769345332275737,40.0,2.81,/workspace/Data_hetero/rqvae_l4_seed1_final_epoch111.pt,gpt2_rqvae_base_only_final_test2000/rq1_final_ep111_base_only_gpt1,0.0335,0.0805,0.124,0.1825,0.0335,0.0568981181748064,0.0707958652535604,0.0854407843369614,2000.0,0.0115,0.0365,0.062,0.1015,0.0115,0.0242698731738236,0.0324497852926229,0.0423591249582292,2000.0,gpt2_rqvae_base_only_final_test2000,,1,111,C:\Users\Admin\Documents\GitHub\plum_sid_coursework/checkpoints/rqvae_longitudinal_l4/rqvae_l4_seed1_final_epoch111.pt,0.2602901018478654,0.3892492651939392,0.37823086977005,91,4,256,final,111,0.2602901018478654,0.0011484612530859,0.0009573443940925,2.581842904741114,7.200212001800537,7.891486644744873,7.882557392120361,7.920541763305664,7.723699450492859,0.3025617264398211,7.200212001800537,7.920541763305664,30.89479780197144,180.0,256.0,256.0,256.0,237.0,32.90896534380867,180.0,256.0,948.0,0.3892492651939392,0.0010672627249732,0.001315694884397,3.86866307258606,7.087811470031738,7.599608421325684,7.529748916625977,7.595329284667969,7.453124523162842,0.212723206936428,7.087811470031738,7.599608421325684,29.812498092651367,177.0,243.0,238.0,243.0,225.25,27.931836674304108,177.0,243.0,901.0,11574.0,527.0,31.0,0.9564498801751922,0.979689121246338,2.694781869649887e-06,0.0022989929044575
rq1_final_ep111_base_only_gpt2,completed,1,final,111,2,base_only,1026.0,4.0,0.0,11574.0,527.0,40.0,1.7526640837842768,40.0,4.76,/workspace/Data_hetero/rqvae_l4_seed1_final_epoch111.pt,gpt2_rqvae_base_only_final_test2000/rq1_final_ep111_base_only_gpt2,0.0305,0.0955,0.1395,0.19,0.0305,0.0624848877251928,0.0766515865283643,0.0892398193685748,2000.0,0.0135,0.049,0.0715,0.1045,0.0135,0.0308121732599473,0.038036109541116,0.0463807201183904,2000.0,gpt2_rqvae_base_only_final_test2000,,1,111,C:\Users\Admin\Documents\GitHub\plum_sid_coursework/checkpoints/rqvae_longitudinal_l4/rqvae_l4_seed1_final_epoch111.pt,0.2602901018478654,0.3892492651939392,0.37823086977005,91,4,256,final,111,0.2602901018478654,0.0011484612530859,0.0009573443940925,2.581842904741114,7.200212001800537,7.891486644744873,7.882557392120361,7.920541763305664,7.723699450492859,0.3025617264398211,7.200212001800537,7.920541763305664,30.89479780197144,180.0,256.0,256.0,256.0,237.0,32.90896534380867,180.0,256.0,948.0,0.3892492651939392,0.0010672627249732,0.001315694884397,3.86866307258606,7.087811470031738,7.599608421325684,7.529748916625977,7.595329284667969,7.453124523162842,0.212723206936428,7.087811470031738,7.599608421325684,29.812498092651367,177.0,243.0,238.0,243.0,225.25,27.931836674304108,177.0,243.0,901.0,11574.0,527.0,31.0,0.9564498801751922,0.979689121246338,2.694781869649887e-06,0.0022989929044575
rq2_final_ep106_base_only_gpt0,completed,2,final,106,0,base_only,1026.0,4.0,0.0,11270.0,831.0,40.0,1.7694150859659368,40.0,5.01,/workspace/Data_hetero/rqvae_l4_seed2_final_epoch106.pt,gpt2_rqvae_base_only_final_test2000/rq2_final_ep106_base_only_gpt0,0.027,0.0775,0.121,0.1755,0.027,0.0522325397625193,0.0661921532308195,0.0798275416524528,2000.0,0.009,0.0335,0.0605,0.094,0.009,0.0211321166283714,0.0296774340125041,0.0381362663989054,2000.0,gpt2_rqvae_base_only_final_test2000,,2,106,C:\Users\Admin\Documents\GitHub\plum_sid_coursework/checkpoints/rqvae_longitudinal_l4/rqvae_l4_seed2_final_epoch106.pt,0.2640410668470643,0.3949435949325561,0.3858888149261474,86,4,256,final,106,0.2640410668470643,0.0011918655945919,0.001097143871117,2.617520494894548,6.466334819793701,7.896768093109131,7.892333984375,7.92463207244873,7.545017242431641,0.6229006277616531,6.466334819793701,7.92463207244873,30.18006896972656,107.0,256.0,256.0,256.0,218.75,64.51889258194068,107.0,256.0,875.0,0.3949435949325561,0.001131321885623,0.0014601447619497,3.923521280288696,6.356132984161377,7.532801151275635,7.3391852378845215,7.267952442169189,7.124017953872681,0.4538075380097058,6.356132984161377,7.532801151275635,28.496071815490723,107.0,244.0,227.0,222.0,200.0,54.30929938785806,107.0,244.0,800.0,11270.0,831.0,20.0,0.9313279894223618,0.9750528931617736,2.6240013539791107e-06,0.0025124153219788
rq2_final_ep106_base_only_gpt1,completed,2,final,106,1,base_only,1026.0,4.0,0.0,11270.0,831.0,40.0,1.7760120955380527,40.0,5.08,/workspace/Data_hetero/rqvae_l4_seed2_final_epoch106.pt,gpt2_rqvae_base_only_final_test2000/rq2_final_ep106_base_only_gpt1,0.0225,0.071,0.1115,0.166,0.0225,0.0465373192822835,0.0595273872402033,0.0731994060981511,2000.0,0.012,0.0375,0.057,0.0945,0.012,0.0242058397968149,0.0305741835730918,0.0399785398594875,2000.0,gpt2_rqvae_base_only_final_test2000,,2,106,C:\Users\Admin\Documents\GitHub\plum_sid_coursework/checkpoints/rqvae_longitudinal_l4/rqvae_l4_seed2_final_epoch106.pt,0.2640410668470643,0.3949435949325561,0.3858888149261474,86,4,256,final,106,0.2640410668470643,0.0011918655945919,0.001097143871117,2.617520494894548,6.466334819793701,7.896768093109131,7.892333984375,7.92463207244873,7.545017242431641,0.6229006277616531,6.466334819793701,7.92463207244873,30.18006896972656,107.0,256.0,256.0,256.0,218.75,64.51889258194068,107.0,256.0,875.0,0.3949435949325561,0.001131321885623,0.0014601447619497,3.923521280288696,6.356132984161377,7.532801151275635,7.3391852378845215,7.267952442169189,7.124017953872681,0.4538075380097058,6.356132984161377,7.532801151275635,28.496071815490723,107.0,244.0,227.0,222.0,200.0,54.30929938785806,107.0,244.0,800.0,11270.0,831.0,20.0,0.9313279894223618,0.9750528931617736,2.6240013539791107e-06,0.0025124153219788
rq2_final_ep106_base_only_gpt2,completed,2,final,106,2,base_only,1026.0,4.0,0.0,11270.0,831.0,40.0,1.765500615943562,40.0,4.87,/workspace/Data_hetero/rqvae_l4_seed2_final_epoch106.pt,gpt2_rqvae_base_only_final_test2000/rq2_final_ep106_base_only_gpt2,0.033,0.092,0.1335,0.187,0.033,0.0627672145457304,0.0760208781563126,0.0895907632291377,2000.0,0.0085,0.04,0.0705,0.0985,0.0085,0.0239777647344821,0.0338416180655968,0.0409264195197309,2000.0,gpt2_rqvae_base_only_final_test2000,,2,106,C:\Users\Admin\Documents\GitHub\plum_sid_coursework/checkpoints/rqvae_longitudinal_l4/rqvae_l4_seed2_final_epoch106.pt,0.2640410668470643,0.3949435949325561,0.3858888149261474,86,4,256,final,106,0.2640410668470643,0.0011918655945919,0.001097143871117,2.617520494894548,6.466334819793701,7.896768093109131,7.892333984375,7.92463207244873,7.545017242431641,0.6229006277616531,6.466334819793701,7.92463207244873,30.18006896972656,107.0,256.0,256.0,256.0,218.75,64.51889258194068,107.0,256.0,875.0,0.3949435949325561,0.001131321885623,0.0014601447619497,3.923521280288696,6.356132984161377,7.532801151275635,7.3391852378845215,7.267952442169189,7.124017953872681,0.4538075380097058,6.356132984161377,7.532801151275635,28.496071815490723,107.0,244.0,227.0,222.0,200.0,54.30929938785806,107.0,244.0,800.0,11270.0,831.0,20.0,0.9313279894223618,0.9750528931617736,2.6240013539791107e-06,0.0025124153219788
rq0_epoch_010_ep10_base_only_gpt0,completed,0,epoch_010,10,0,base_only,1026.0,4.0,0.0,8589.0,3512.0,39.0,1.6939757628874346,40.0,4.85,/workspace/Data_hetero/rqvae_l4_seed0_epoch010.pt,gpt2_rqvae_base_only_final_test2000/rq0_epoch_010_ep10_base_only_gpt0,0.0105,0.0455,0.0805,0.127,0.0105,0.0280014706865202,0.0392606220109735,0.0510402529328588,2000.0,0.004,0.03,0.05,0.0765,0.004,0.0169434521905437,0.023270201387103,0.0299351117561531,2000.0,gpt2_rqvae_base_only_final_test2000,,0,10,C:\Users\Admin\Documents\GitHub\plum_sid_coursework/checkpoints/rqvae_longitudinal_l4/rqvae_l4_seed0_epoch010.pt,0.3473382680253549,0.4453820884227752,0.4453820884227752,10,4,256,epoch_010,10,0.3473382680253549,0.0020704314176162,0.0022004750472578,3.4306735450571235,3.954368352890015,5.175180912017822,6.458446979522705,7.078859329223633,5.666713893413544,1.2036120568386837,3.954368352890015,7.078859329223633,22.66685557365417,34.0,65.0,154.0,238.0,122.75,79.79779132281796,34.0,238.0,491.0,0.4453820884227752,0.0019464154029265,0.0038410744164139,4.395946025848389,3.978995323181152,5.0251898765563965,6.185868740081787,6.742838382720947,5.483223080635071,1.066868922867475,3.978995323181152,6.742838382720947,21.932892322540283,27.0,56.0,117.0,175.0,93.75,57.05863212520959,27.0,175.0,375.0,8589.0,3512.0,46.0,0.7097760515659863,0.9467541575431824,1.9997823983430862e-06,0.0057951805023297
rq0_epoch_010_ep10_base_only_gpt1,completed,0,epoch_010,10,1,base_only,1026.0,4.0,0.0,8589.0,3512.0,40.0,1.6929923025044529,40.0,4.76,/workspace/Data_hetero/rqvae_l4_seed0_epoch010.pt,gpt2_rqvae_base_only_final_test2000/rq0_epoch_010_ep10_base_only_gpt1,0.0125,0.0525,0.08,0.1185,0.0125,0.0320000254493574,0.0408395124023677,0.0506123683289272,2000.0,0.0055,0.0235,0.042,0.0655,0.0055,0.0141590481568052,0.0199441898346701,0.0257496219349004,2000.0,gpt2_rqvae_base_only_final_test2000,,0,10,C:\Users\Admin\Documents\GitHub\plum_sid_coursework/checkpoints/rqvae_longitudinal_l4/rqvae_l4_seed0_epoch010.pt,0.3473382680253549,0.4453820884227752,0.4453820884227752,10,4,256,epoch_010,10,0.3473382680253549,0.0020704314176162,0.0022004750472578,3.4306735450571235,3.954368352890015,5.175180912017822,6.458446979522705,7.078859329223633,5.666713893413544,1.2036120568386837,3.954368352890015,7.078859329223633,22.66685557365417,34.0,65.0,154.0,238.0,122.75,79.79779132281796,34.0,238.0,491.0,0.4453820884227752,0.0019464154029265,0.0038410744164139,4.395946025848389,3.978995323181152,5.0251898765563965,6.185868740081787,6.742838382720947,5.483223080635071,1.066868922867475,3.978995323181152,6.742838382720947,21.932892322540283,27.0,56.0,117.0,175.0,93.75,57.05863212520959,27.0,175.0,375.0,8589.0,3512.0,46.0,0.7097760515659863,0.9467541575431824,1.9997823983430862e-06,0.0057951805023297
rq0_epoch_010_ep10_base_only_gpt2,completed,0,epoch_010,10,2,base_only,1026.0,4.0,0.0,8589.0,3512.0,40.0,1.6940893151543357,40.0,4.82,/workspace/Data_hetero/rqvae_l4_seed0_epoch010.pt,gpt2_rqvae_base_only_final_test2000/rq0_epoch_010_ep10_base_only_gpt2,0.015,0.0515,0.0785,0.118,0.015,0.0334176948122311,0.0421638184150082,0.0521880758484648,2000.0,0.01,0.0295,0.0475,0.071,0.01,0.0200059491781585,0.0257753095247589,0.0316101006773581,2000.0,gpt2_rqvae_base_only_final_test2000,,0,10,C:\Users\Admin\Documents\GitHub\plum_sid_coursework/checkpoints/rqvae_longitudinal_l4/rqvae_l4_seed0_epoch010.pt,0.3473382680253549,0.4453820884227752,0.4453820884227752,10,4,256,epoch_010,10,0.3473382680253549,0.0020704314176162,0.0022004750472578,3.4306735450571235,3.954368352890015,5.175180912017822,6.458446979522705,7.078859329223633,5.666713893413544,1.2036120568386837,3.954368352890015,7.078859329223633,22.66685557365417,34.0,65.0,154.0,238.0,122.75,79.79779132281796,34.0,238.0,491.0,0.4453820884227752,0.0019464154029265,0.0038410744164139,4.395946025848389,3.978995323181152,5.0251898765563965,6.185868740081787,6.742838382720947,5.483223080635071,1.066868922867475,3.978995323181152,6.742838382720947,21.932892322540283,27.0,56.0,117.0,175.0,93.75,57.05863212520959,27.0,175.0,375.0,8589.0,3512.0,46.0,0.7097760515659863,0.9467541575431824,1.9997823983430862e-06,0.0057951805023297
rq1_epoch_010_ep10_base_only_gpt0,completed,1,epoch_010,10,0,base_only,1026.0,4.0,0.0,6820.0,5281.0,40.0,1.6345764073458584,40.0,3.49,/workspace/Data_hetero/rqvae_l4_seed1_epoch010.pt,gpt2_rqvae_base_only_final_test2000/rq1_epoch_010_ep10_base_only_gpt0,0.013,0.048,0.0745,0.1105,0.013,0.0301051847623685,0.0386617678447043,0.0476315867074537,2000.0,0.005,0.019,0.0375,0.0605,0.005,0.0113838973051733,0.0173602506706133,0.0232428470114355,2000.0,gpt2_rqvae_base_only_final_test2000,,1,10,C:\Users\Admin\Documents\GitHub\plum_sid_coursework/checkpoints/rqvae_longitudinal_l4/rqvae_l4_seed1_epoch010.pt,0.3698514997959137,0.4621277749538421,0.4621277749538421,10,4,256,epoch_010,10,0.3698514997959137,0.0020284733459861,0.0035833482080223,3.642396699298512,4.342733860015869,4.279773712158203,5.519895553588867,7.178600311279297,5.330250859260559,1.1759095274771767,4.279773712158203,7.178600311279297,21.32100343704224,36.0,55.0,96.0,244.0,107.75,81.59771749258677,36.0,244.0,431.0,0.4621277749538421,0.0019161570817232,0.0052633467130362,4.549482822418213,4.312587261199951,3.7456557750701904,5.077202320098877,6.624076843261719,4.939880549907684,1.0810925152374031,3.7456557750701904,6.624076843261719,19.759522199630737,26.0,26.0,62.0,168.0,70.5,58.17860431464474,26.0,168.0,282.0,6820.0,5281.0,96.0,0.5635897859681018,0.9205580949783324,1.5879049897193909e-06,0.007216598389665
rq1_epoch_010_ep10_base_only_gpt1,completed,1,epoch_010,10,1,base_only,1026.0,4.0,0.0,6820.0,5281.0,40.0,1.6393191055818035,40.0,3.57,/workspace/Data_hetero/rqvae_l4_seed1_epoch010.pt,gpt2_rqvae_base_only_final_test2000/rq1_epoch_010_ep10_base_only_gpt1,0.0095,0.0385,0.06,0.0905,0.0095,0.0249286512562943,0.0317588010414417,0.0395202788749126,2000.0,0.0045,0.0225,0.0355,0.0575,0.0045,0.0131462983112613,0.0172186563522134,0.0227134106465029,2000.0,gpt2_rqvae_base_only_final_test2000,,1,10,C:\Users\Admin\Documents\GitHub\plum_sid_coursework/checkpoints/rqvae_longitudinal_l4/rqvae_l4_seed1_epoch010.pt,0.3698514997959137,0.4621277749538421,0.4621277749538421,10,4,256,epoch_010,10,0.3698514997959137,0.0020284733459861,0.0035833482080223,3.642396699298512,4.342733860015869,4.279773712158203,5.519895553588867,7.178600311279297,5.330250859260559,1.1759095274771767,4.279773712158203,7.178600311279297,21.32100343704224,36.0,55.0,96.0,244.0,107.75,81.59771749258677,36.0,244.0,431.0,0.4621277749538421,0.0019161570817232,0.0052633467130362,4.549482822418213,4.312587261199951,3.7456557750701904,5.077202320098877,6.624076843261719,4.939880549907684,1.0810925152374031,3.7456557750701904,6.624076843261719,19.759522199630737,26.0,26.0,62.0,168.0,70.5,58.17860431464474,26.0,168.0,282.0,6820.0,5281.0,96.0,0.5635897859681018,0.9205580949783324,1.5879049897193909e-06,0.007216598389665
rq1_epoch_010_ep10_base_only_gpt2,completed,1,epoch_010,10,2,base_only,1026.0,4.0,0.0,6820.0,5281.0,40.0,1.625388871539723,40.0,4.49,/workspace/Data_hetero/rqvae_l4_seed1_epoch010.pt,gpt2_rqvae_base_only_final_test2000/rq1_epoch_010_ep10_base_only_gpt2,0.0095,0.045,0.071,0.104,0.0095,0.0272215709313465,0.035485192653101,0.0437662998724187,2000.0,0.0055,0.0235,0.041,0.063,0.0055,0.0148998995267464,0.0204713926645619,0.0260554430248906,2000.0,gpt2_rqvae_base_only_final_test2000,,1,10,C:\Users\Admin\Documents\GitHub\plum_sid_coursework/checkpoints/rqvae_longitudinal_l4/rqvae_l4_seed1_epoch010.pt,0.3698514997959137,0.4621277749538421,0.4621277749538421,10,4,256,epoch_010,10,0.3698514997959137,0.0020284733459861,0.0035833482080223,3.642396699298512,4.342733860015869,4.279773712158203,5.519895553588867,7.178600311279297,5.330250859260559,1.1759095274771767,4.279773712158203,7.178600311279297,21.32100343704224,36.0,55.0,96.0,244.0,107.75,81.59771749258677,36.0,244.0,431.0,0.4621277749538421,0.0019161570817232,0.0052633467130362,4.549482822418213,4.312587261199951,3.7456557750701904,5.077202320098877,6.624076843261719,4.939880549907684,1.0810925152374031,3.7456557750701904,6.624076843261719,19.759522199630737,26.0,26.0,62.0,168.0,70.5,58.17860431464474,26.0,168.0,282.0,6820.0,5281.0,96.0,0.5635897859681018,0.9205580949783324,1.5879049897193909e-06,0.007216598389665
rq2_epoch_010_ep10_base_only_gpt0,completed,2,epoch_010,10,0,base_only,1026.0,4.0,0.0,7540.0,4561.0,40.0,1.6625941883433948,40.0,4.82,/workspace/Data_hetero/rqvae_l4_seed2_epoch010.pt,gpt2_rqvae_base_only_final_test2000/rq2_epoch_010_ep10_base_only_gpt0,0.009,0.036,0.0635,0.1055,0.009,0.0224309730944723,0.0311878593074911,0.0417259071252831,2000.0,0.0035,0.021,0.033,0.0575,0.0035,0.0121797989443511,0.0160086418325222,0.0221945920887768,2000.0,gpt2_rqvae_base_only_final_test2000,,2,10,C:\Users\Admin\Documents\GitHub\plum_sid_coursework/checkpoints/rqvae_longitudinal_l4/rqvae_l4_seed2_epoch010.pt,0.3654334992170334,0.4560513496398926,0.4560513496398926,10,4,256,epoch_010,10,0.3654334992170334,0.0021330741212957,0.0034720454502596,3.598283735188571,3.799540042877197,4.565379142761231,6.511020660400391,7.062547206878662,5.48462176322937,1.3442331272309012,3.799540042877197,7.062547206878662,21.93848705291748,19.0,63.0,162.0,229.0,118.25,82.2841874238301,19.0,229.0,473.0,0.4560513496398926,0.002015636768192,0.0040858285501599,4.4994988441467285,3.7559969425201416,4.074499607086182,6.221206188201904,6.854953765869141,5.226664125919342,1.3351765901934547,3.7559969425201416,6.854953765869141,20.906656503677368,17.0,27.0,106.0,155.0,76.25,57.05863212520959,17.0,155.0,305.0,7540.0,4561.0,67.0,0.6230890009090158,0.9354512691497804,1.755543053150177e-06,0.0061666626531226
rq2_epoch_010_ep10_base_only_gpt1,completed,2,epoch_010,10,1,base_only,1026.0,4.0,0.0,7540.0,4561.0,40.0,1.666084891015833,40.0,4.88,/workspace/Data_hetero/rqvae_l4_seed2_epoch010.pt,gpt2_rqvae_base_only_final_test2000/rq2_epoch_010_ep10_base_only_gpt1,0.008,0.039,0.0575,0.085,0.008,0.0239236182034632,0.0299586882808362,0.0368997093830774,2000.0,0.004,0.0205,0.036,0.055,0.004,0.0120657483509369,0.017015919590046,0.0218490038233415,2000.0,gpt2_rqvae_base_only_final_test2000,,2,10,C:\Users\Admin\Documents\GitHub\plum_sid_coursework/checkpoints/rqvae_longitudinal_l4/rqvae_l4_seed2_epoch010.pt,0.3654334992170334,0.4560513496398926,0.4560513496398926,10,4,256,epoch_010,10,0.3654334992170334,0.0021330741212957,0.0034720454502596,3.598283735188571,3.799540042877197,4.565379142761231,6.511020660400391,7.062547206878662,5.48462176322937,1.3442331272309012,3.799540042877197,7.062547206878662,21.93848705291748,19.0,63.0,162.0,229.0,118.25,82.2841874238301,19.0,229.0,473.0,0.4560513496398926,0.002015636768192,0.0040858285501599,4.4994988441467285,3.7559969425201416,4.074499607086182,6.221206188201904,6.854953765869141,5.226664125919342,1.3351765901934547,3.7559969425201416,6.854953765869141,20.906656503677368,17.0,27.0,106.0,155.0,76.25,57.05863212520959,17.0,155.0,305.0,7540.0,4561.0,67.0,0.6230890009090158,0.9354512691497804,1.755543053150177e-06,0.0061666626531226
rq2_epoch_010_ep10_base_only_gpt2,completed,2,epoch_010,10,2,base_only,1026.0,4.0,0.0,7540.0,4561.0,40.0,1.660319902680137,40.0,4.81,/workspace/Data_hetero/rqvae_l4_seed2_epoch010.pt,gpt2_rqvae_base_only_final_test2000/rq2_epoch_010_ep10_base_only_gpt2,0.009,0.0405,0.064,0.0985,0.009,0.0249914183182437,0.0326569228935673,0.0413742476825523,2000.0,0.006,0.025,0.0435,0.062,0.006,0.0150935832800195,0.020951031005609,0.0256355494386952,2000.0,gpt2_rqvae_base_only_final_test2000,,2,10,C:\Users\Admin\Documents\GitHub\plum_sid_coursework/checkpoints/rqvae_longitudinal_l4/rqvae_l4_seed2_epoch010.pt,0.3654334992170334,0.4560513496398926,0.4560513496398926,10,4,256,epoch_010,10,0.3654334992170334,0.0021330741212957,0.0034720454502596,3.598283735188571,3.799540042877197,4.565379142761231,6.511020660400391,7.062547206878662,5.48462176322937,1.3442331272309012,3.799540042877197,7.062547206878662,21.93848705291748,19.0,63.0,162.0,229.0,118.25,82.2841874238301,19.0,229.0,473.0,0.4560513496398926,0.002015636768192,0.0040858285501599,4.4994988441467285,3.7559969425201416,4.074499607086182,6.221206188201904,6.854953765869141,5.226664125919342,1.3351765901934547,3.7559969425201416,6.854953765869141,20.906656503677368,17.0,27.0,106.0,155.0,76.25,57.05863212520959,17.0,155.0,305.0,7540.0,4561.0,67.0,0.6230890009090158,0.9354512691497804,1.755543053150177e-06,0.0061666626531226
rq0_epoch_005_ep5_base_only_gpt0,completed,0,epoch_005,5,0,base_only,1026.0,4.0,0.0,4656.0,7445.0,40.0,1.5211245634339072,40.0,4.67,/workspace/Data_hetero/rqvae_l4_seed0_epoch005.pt,gpt2_rqvae_base_only_final_test2000/rq0_epoch_005_ep5_base_only_gpt0,0.0065,0.0255,0.0435,0.068,0.0065,0.0165169052846527,0.0222064514876878,0.0283668592660099,2000.0,0.002,0.01,0.021,0.038,0.002,0.0058533652363924,0.0093978117295593,0.0135767847793392,2000.0,gpt2_rqvae_base_only_final_test2000,,0,5,C:\Users\Admin\Documents\GitHub\plum_sid_coursework/checkpoints/rqvae_longitudinal_l4/rqvae_l4_seed0_epoch005.pt,0.3807777681133963,0.4768505096435547,0.4768505096435547,5,4,256,epoch_005,5,0.3807777681133963,0.0024441405707462,0.0043069067337042,3.740267190066251,3.0339674949646,4.068429470062256,5.759461879730225,6.7465667724609375,4.902106404304504,1.4423984085733277,3.0339674949646,6.7465667724609375,19.608425617218018,26.0,76.0,150.0,236.0,122.0,79.23383115816122,26.0,236.0,488.0,0.4768505096435547,0.0023082920815795,0.0056226127780973,4.6891961097717285,3.11327862739563,3.727672576904297,5.460498332977295,6.41253662109375,4.678496539592743,1.3202646637884696,3.11327862739563,6.41253662109375,18.71398615837097,15.0,23.0,77.0,146.0,65.25,52.36590016413353,15.0,146.0,261.0,4656.0,7445.0,85.0,0.3847615899512437,0.902444064617157,1.084059476852417e-06,0.0079464811438473
rq0_epoch_005_ep5_base_only_gpt1,completed,0,epoch_005,5,1,base_only,1026.0,4.0,0.0,4656.0,7445.0,40.0,1.5203597979112105,40.0,2.71,/workspace/Data_hetero/rqvae_l4_seed0_epoch005.pt,gpt2_rqvae_base_only_final_test2000/rq0_epoch_005_ep5_base_only_gpt1,0.008,0.0215,0.038,0.0695,0.008,0.0147135572646657,0.0199026545227136,0.0278320682657665,2000.0,0.0025,0.0125,0.023,0.0355,0.0025,0.0073841683922149,0.010677584380377,0.0138041929435347,2000.0,gpt2_rqvae_base_only_final_test2000,,0,5,C:\Users\Admin\Documents\GitHub\plum_sid_coursework/checkpoints/rqvae_longitudinal_l4/rqvae_l4_seed0_epoch005.pt,0.3807777681133963,0.4768505096435547,0.4768505096435547,5,4,256,epoch_005,5,0.3807777681133963,0.0024441405707462,0.0043069067337042,3.740267190066251,3.0339674949646,4.068429470062256,5.759461879730225,6.7465667724609375,4.902106404304504,1.4423984085733277,3.0339674949646,6.7465667724609375,19.608425617218018,26.0,76.0,150.0,236.0,122.0,79.23383115816122,26.0,236.0,488.0,0.4768505096435547,0.0023082920815795,0.0056226127780973,4.6891961097717285,3.11327862739563,3.727672576904297,5.460498332977295,6.41253662109375,4.678496539592743,1.3202646637884696,3.11327862739563,6.41253662109375,18.71398615837097,15.0,23.0,77.0,146.0,65.25,52.36590016413353,15.0,146.0,261.0,4656.0,7445.0,85.0,0.3847615899512437,0.902444064617157,1.084059476852417e-06,0.0079464811438473
rq0_epoch_005_ep5_base_only_gpt2,completed,0,epoch_005,5,2,base_only,1026.0,4.0,0.0,4656.0,7445.0,40.0,1.5210004232146523,40.0,4.77,/workspace/Data_hetero/rqvae_l4_seed0_epoch005.pt,gpt2_rqvae_base_only_final_test2000/rq0_epoch_005_ep5_base_only_gpt2,0.004,0.02,0.035,0.0585,0.004,0.0119721777955962,0.0167878073347376,0.0227302201775368,2000.0,0.005,0.017,0.0235,0.0335,0.005,0.0105977125946329,0.0127102323254022,0.0152423280191575,2000.0,gpt2_rqvae_base_only_final_test2000,,0,5,C:\Users\Admin\Documents\GitHub\plum_sid_coursework/checkpoints/rqvae_longitudinal_l4/rqvae_l4_seed0_epoch005.pt,0.3807777681133963,0.4768505096435547,0.4768505096435547,5,4,256,epoch_005,5,0.3807777681133963,0.0024441405707462,0.0043069067337042,3.740267190066251,3.0339674949646,4.068429470062256,5.759461879730225,6.7465667724609375,4.902106404304504,1.4423984085733277,3.0339674949646,6.7465667724609375,19.608425617218018,26.0,76.0,150.0,236.0,122.0,79.23383115816122,26.0,236.0,488.0,0.4768505096435547,0.0023082920815795,0.0056226127780973,4.6891961097717285,3.11327862739563,3.727672576904297,5.460498332977295,6.41253662109375,4.678496539592743,1.3202646637884696,3.11327862739563,6.41253662109375,18.71398615837097,15.0,23.0,77.0,146.0,65.25,52.36590016413353,15.0,146.0,261.0,4656.0,7445.0,85.0,0.3847615899512437,0.902444064617157,1.084059476852417e-06,0.0079464811438473
rq1_epoch_005_ep5_base_only_gpt0,completed,1,epoch_005,5,0,base_only,1026.0,4.0,0.0,1615.0,10486.0,40.0,1.2786469459533691,40.0,4.6,/workspace/Data_hetero/rqvae_l4_seed1_epoch005.pt,gpt2_rqvae_base_only_final_test2000/rq1_epoch_005_ep5_base_only_gpt0,0.002,0.0095,0.02,0.0335,0.002,0.0054031120408944,0.0088504772923689,0.0122156783476845,2000.0,0.002,0.0075,0.0145,0.022,0.002,0.0048513007478702,0.0070778589631094,0.0089706479894995,2000.0,gpt2_rqvae_base_only_final_test2000,,1,5,C:\Users\Admin\Documents\GitHub\plum_sid_coursework/checkpoints/rqvae_longitudinal_l4/rqvae_l4_seed1_epoch005.pt,0.4455242942680012,0.5247815251350403,0.5247815251350403,5,4,256,epoch_005,5,0.4455242942680012,0.0027090404923497,0.0139738165519454,4.288414348255504,1.645602464675903,2.2952449321746826,3.5367467403411865,5.82188081741333,3.324868738651276,1.5937394714050808,1.645602464675903,5.82188081741333,13.299474954605104,10.0,18.0,62.0,196.0,71.5,74.55702515524611,10.0,196.0,286.0,0.5247815251350403,0.0025639522355049,0.0183382239192724,5.038793563842773,2.0094008445739746,2.629591226577759,3.6871376037597656,5.863180160522461,3.54732745885849,1.4654503297098722,2.0094008445739746,5.863180160522461,14.18930983543396,7.0,17.0,38.0,119.0,45.25,44.02485093671528,7.0,119.0,181.0,1615.0,10486.0,257.0,0.1334600446244112,0.862869381904602,3.7602148950099945e-07,0.0209626313985445
rq1_epoch_005_ep5_base_only_gpt1,completed,1,epoch_005,5,1,base_only,1026.0,4.0,0.0,1615.0,10486.0,40.0,1.2748758521946997,40.0,4.61,/workspace/Data_hetero/rqvae_l4_seed1_epoch005.pt,gpt2_rqvae_base_only_final_test2000/rq1_epoch_005_ep5_base_only_gpt1,0.001,0.007,0.0205,0.034,0.001,0.003722435482821,0.0081555905347777,0.0116472379207054,2000.0,0.002,0.006,0.013,0.024,0.002,0.0039484591188793,0.0062042764069198,0.0089853305482759,2000.0,gpt2_rqvae_base_only_final_test2000,,1,5,C:\Users\Admin\Documents\GitHub\plum_sid_coursework/checkpoints/rqvae_longitudinal_l4/rqvae_l4_seed1_epoch005.pt,0.4455242942680012,0.5247815251350403,0.5247815251350403,5,4,256,epoch_005,5,0.4455242942680012,0.0027090404923497,0.0139738165519454,4.288414348255504,1.645602464675903,2.2952449321746826,3.5367467403411865,5.82188081741333,3.324868738651276,1.5937394714050808,1.645602464675903,5.82188081741333,13.299474954605104,10.0,18.0,62.0,196.0,71.5,74.55702515524611,10.0,196.0,286.0,0.5247815251350403,0.0025639522355049,0.0183382239192724,5.038793563842773,2.0094008445739746,2.629591226577759,3.6871376037597656,5.863180160522461,3.54732745885849,1.4654503297098722,2.0094008445739746,5.863180160522461,14.18930983543396,7.0,17.0,38.0,119.0,45.25,44.02485093671528,7.0,119.0,181.0,1615.0,10486.0,257.0,0.1334600446244112,0.862869381904602,3.7602148950099945e-07,0.0209626313985445
rq1_epoch_005_ep5_base_only_gpt2,completed,1,epoch_005,5,2,base_only,1026.0,4.0,0.0,1615.0,10486.0,40.0,1.2758673998442562,40.0,4.63,/workspace/Data_hetero/rqvae_l4_seed1_epoch005.pt,gpt2_rqvae_base_only_final_test2000/rq1_epoch_005_ep5_base_only_gpt2,0.0035,0.014,0.0225,0.0325,0.0035,0.0091312135652917,0.0118554804397255,0.0142794201207722,2000.0,0.004,0.0125,0.0215,0.0295,0.004,0.0078989827262809,0.0108055263699616,0.0128508177267101,2000.0,gpt2_rqvae_base_only_final_test2000,,1,5,C:\Users\Admin\Documents\GitHub\plum_sid_coursework/checkpoints/rqvae_longitudinal_l4/rqvae_l4_seed1_epoch005.pt,0.4455242942680012,0.5247815251350403,0.5247815251350403,5,4,256,epoch_005,5,0.4455242942680012,0.0027090404923497,0.0139738165519454,4.288414348255504,1.645602464675903,2.2952449321746826,3.5367467403411865,5.82188081741333,3.324868738651276,1.5937394714050808,1.645602464675903,5.82188081741333,13.299474954605104,10.0,18.0,62.0,196.0,71.5,74.55702515524611,10.0,196.0,286.0,0.5247815251350403,0.0025639522355049,0.0183382239192724,5.038793563842773,2.0094008445739746,2.629591226577759,3.6871376037597656,5.863180160522461,3.54732745885849,1.4654503297098722,2.0094008445739746,5.863180160522461,14.18930983543396,7.0,17.0,38.0,119.0,45.25,44.02485093671528,7.0,119.0,181.0,1615.0,10486.0,257.0,0.1334600446244112,0.862869381904602,3.7602148950099945e-07,0.0209626313985445
rq2_epoch_005_ep5_base_only_gpt0,completed,2,epoch_005,5,0,base_only,1026.0,4.0,0.0,3865.0,8236.0,40.0,1.491263974796642,40.0,4.43,/workspace/Data_hetero/rqvae_l4_seed2_epoch005.pt,gpt2_rqvae_base_only_final_test2000/rq2_epoch_005_ep5_base_only_gpt0,0.002,0.0165,0.027,0.043,0.002,0.008961763188047,0.0124168411357033,0.016397988423785,2000.0,0.0015,0.0085,0.018,0.033,0.0015,0.0048880269573557,0.0079540661377758,0.0117628271062141,2000.0,gpt2_rqvae_base_only_final_test2000,,2,5,C:\Users\Admin\Documents\GitHub\plum_sid_coursework/checkpoints/rqvae_longitudinal_l4/rqvae_l4_seed2_epoch005.pt,0.4144455858252265,0.5100703835487366,0.5100703835487366,5,4,256,epoch_005,5,0.4144455858252265,0.0024589154318991,0.0070742019875483,4.049124641851946,2.227336406707764,3.359623670578003,5.515270233154297,6.366144180297852,4.367093622684479,1.6513683196402722,2.227336406707764,6.366144180297852,17.468374490737915,6.0,27.0,103.0,202.0,84.5,76.83911764199274,6.0,202.0,338.0,0.5100703835487366,0.0022925247903913,0.0090598929673433,4.987179756164551,2.429827690124512,3.1836156845092773,5.296849727630615,6.133090019226074,4.26084578037262,1.5076185355473442,2.429827690124512,6.133090019226074,17.04338312149048,7.0,20.0,75.0,113.0,53.75,42.681231238098086,7.0,113.0,215.0,3865.0,8236.0,170.0,0.3193950913147674,0.8991634249687195,8.998904377222061e-07,0.0112778866543436
rq2_epoch_005_ep5_base_only_gpt1,completed,2,epoch_005,5,1,base_only,1026.0,4.0,0.0,3865.0,8236.0,39.0,1.5027313801375302,40.0,3.03,/workspace/Data_hetero/rqvae_l4_seed2_epoch005.pt,gpt2_rqvae_base_only_final_test2000/rq2_epoch_005_ep5_base_only_gpt1,0.004,0.0205,0.0295,0.0445,0.004,0.0125663813396821,0.0154555980930697,0.0191491576524856,2000.0,0.0025,0.012,0.0195,0.0315,0.0025,0.0071907419885976,0.0095995902968793,0.0125884721189972,2000.0,gpt2_rqvae_base_only_final_test2000,,2,5,C:\Users\Admin\Documents\GitHub\plum_sid_coursework/checkpoints/rqvae_longitudinal_l4/rqvae_l4_seed2_epoch005.pt,0.4144455858252265,0.5100703835487366,0.5100703835487366,5,4,256,epoch_005,5,0.4144455858252265,0.0024589154318991,0.0070742019875483,4.049124641851946,2.227336406707764,3.359623670578003,5.515270233154297,6.366144180297852,4.367093622684479,1.6513683196402722,2.227336406707764,6.366144180297852,17.468374490737915,6.0,27.0,103.0,202.0,84.5,76.83911764199274,6.0,202.0,338.0,0.5100703835487366,0.0022925247903913,0.0090598929673433,4.987179756164551,2.429827690124512,3.1836156845092773,5.296849727630615,6.133090019226074,4.26084578037262,1.5076185355473442,2.429827690124512,6.133090019226074,17.04338312149048,7.0,20.0,75.0,113.0,53.75,42.681231238098086,7.0,113.0,215.0,3865.0,8236.0,170.0,0.3193950913147674,0.8991634249687195,8.998904377222061e-07,0.0112778866543436
rq2_epoch_005_ep5_base_only_gpt2,completed,2,epoch_005,5,2,base_only,1026.0,4.0,0.0,3865.0,8236.0,40.0,1.4996352060274645,40.0,4.85,/workspace/Data_hetero/rqvae_l4_seed2_epoch005.pt,gpt2_rqvae_base_only_final_test2000/rq2_epoch_005_ep5_base_only_gpt2,0.005,0.019,0.0275,0.0415,0.005,0.012089454302975,0.0147992862962871,0.0183616364727415,2000.0,0.005,0.0105,0.017,0.0275,0.005,0.0081516805411173,0.0102169801212705,0.0128759647098525,2000.0,gpt2_rqvae_base_only_final_test2000,,2,5,C:\Users\Admin\Documents\GitHub\plum_sid_coursework/checkpoints/rqvae_longitudinal_l4/rqvae_l4_seed2_epoch005.pt,0.4144455858252265,0.5100703835487366,0.5100703835487366,5,4,256,epoch_005,5,0.4144455858252265,0.0024589154318991,0.0070742019875483,4.049124641851946,2.227336406707764,3.359623670578003,5.515270233154297,6.366144180297852,4.367093622684479,1.6513683196402722,2.227336406707764,6.366144180297852,17.468374490737915,6.0,27.0,103.0,202.0,84.5,76.83911764199274,6.0,202.0,338.0,0.5100703835487366,0.0022925247903913,0.0090598929673433,4.987179756164551,2.429827690124512,3.1836156845092773,5.296849727630615,6.133090019226074,4.26084578037262,1.5076185355473442,2.429827690124512,6.133090019226074,17.04338312149048,7.0,20.0,75.0,113.0,53.75,42.681231238098086,7.0,113.0,215.0,3865.0,8236.0,170.0,0.3193950913147674,0.8991634249687195,8.998904377222061e-07,0.0112778866543436
rq0_epoch_003_ep3_base_only_gpt0,completed,0,epoch_003,3,0,base_only,1026.0,4.0,0.0,1981.0,10120.0,40.0,1.337339013814926,40.0,2.17,/workspace/Data_hetero/rqvae_l4_seed0_epoch003.pt,gpt2_rqvae_base_only_final_test2000/rq0_epoch_003_ep3_base_only_gpt0,0.0025,0.0165,0.0305,0.0435,0.0025,0.0091667652870869,0.0136420224233045,0.0169244164040294,2000.0,0.002,0.008,0.016,0.026,0.002,0.0049099388327752,0.007482006908502,0.010007260643545,2000.0,gpt2_rqvae_base_only_final_test2000,,0,3,C:\Users\Admin\Documents\GitHub\plum_sid_coursework/checkpoints/rqvae_longitudinal_l4/rqvae_l4_seed0_epoch003.pt,0.4134250472892414,0.5105004906654358,0.5105004906654358,3,4,256,epoch_003,3,0.4134250472892414,0.0028698142004114,0.0065277997637167,4.040274262428284,2.093135356903076,2.8085639476776123,4.673008918762207,5.958927154541016,3.883408844470978,1.524107545845107,2.093135356903076,5.958927154541016,15.533635377883911,13.0,34.0,87.0,203.0,84.25,73.67284099313667,13.0,203.0,337.0,0.5105004906654358,0.0027220819611102,0.007719243876636,5.00059175491333,2.3419642448425293,2.977930784225464,4.681721210479736,6.000996112823486,4.000653088092804,1.4372226335428178,2.3419642448425293,6.000996112823486,16.002612352371216,9.0,17.0,52.0,125.0,50.75,45.81689099011412,9.0,125.0,203.0,1981.0,10120.0,317.0,0.1637054788860424,0.8733304142951965,4.6123750507831573e-07,0.0103558761688544
rq0_epoch_003_ep3_base_only_gpt1,completed,0,epoch_003,3,1,base_only,1026.0,4.0,0.0,1981.0,10120.0,40.0,1.3423075540499254,40.0,3.97,/workspace/Data_hetero/rqvae_l4_seed0_epoch003.pt,gpt2_rqvae_base_only_final_test2000/rq0_epoch_003_ep3_base_only_gpt1,0.001,0.011,0.0255,0.041,0.001,0.0061371366189548,0.010801802215277,0.0145830198494055,2000.0,0.0035,0.0125,0.0195,0.0315,0.0035,0.0077404887930995,0.0099664724552463,0.0129684710563755,2000.0,gpt2_rqvae_base_only_final_test2000,,0,3,C:\Users\Admin\Documents\GitHub\plum_sid_coursework/checkpoints/rqvae_longitudinal_l4/rqvae_l4_seed0_epoch003.pt,0.4134250472892414,0.5105004906654358,0.5105004906654358,3,4,256,epoch_003,3,0.4134250472892414,0.0028698142004114,0.0065277997637167,4.040274262428284,2.093135356903076,2.8085639476776123,4.673008918762207,5.958927154541016,3.883408844470978,1.524107545845107,2.093135356903076,5.958927154541016,15.533635377883911,13.0,34.0,87.0,203.0,84.25,73.67284099313667,13.0,203.0,337.0,0.5105004906654358,0.0027220819611102,0.007719243876636,5.00059175491333,2.3419642448425293,2.977930784225464,4.681721210479736,6.000996112823486,4.000653088092804,1.4372226335428178,2.3419642448425293,6.000996112823486,16.002612352371216,9.0,17.0,52.0,125.0,50.75,45.81689099011412,9.0,125.0,203.0,1981.0,10120.0,317.0,0.1637054788860424,0.8733304142951965,4.6123750507831573e-07,0.0103558761688544
rq0_epoch_003_ep3_base_only_gpt2,completed,0,epoch_003,3,2,base_only,1026.0,4.0,0.0,1981.0,10120.0,40.0,1.3447848991914229,40.0,4.52,/workspace/Data_hetero/rqvae_l4_seed0_epoch003.pt,gpt2_rqvae_base_only_final_test2000/rq0_epoch_003_ep3_base_only_gpt2,0.003,0.0155,0.0305,0.0465,0.003,0.0090693361666053,0.0137922885028609,0.0177665776812854,2000.0,0.0035,0.012,0.0215,0.033,0.0035,0.0078471714332568,0.0109382965107854,0.0137466779006984,2000.0,gpt2_rqvae_base_only_final_test2000,,0,3,C:\Users\Admin\Documents\GitHub\plum_sid_coursework/checkpoints/rqvae_longitudinal_l4/rqvae_l4_seed0_epoch003.pt,0.4134250472892414,0.5105004906654358,0.5105004906654358,3,4,256,epoch_003,3,0.4134250472892414,0.0028698142004114,0.0065277997637167,4.040274262428284,2.093135356903076,2.8085639476776123,4.673008918762207,5.958927154541016,3.883408844470978,1.524107545845107,2.093135356903076,5.958927154541016,15.533635377883911,13.0,34.0,87.0,203.0,84.25,73.67284099313667,13.0,203.0,337.0,0.5105004906654358,0.0027220819611102,0.007719243876636,5.00059175491333,2.3419642448425293,2.977930784225464,4.681721210479736,6.000996112823486,4.000653088092804,1.4372226335428178,2.3419642448425293,6.000996112823486,16.002612352371216,9.0,17.0,52.0,125.0,50.75,45.81689099011412,9.0,125.0,203.0,1981.0,10120.0,317.0,0.1637054788860424,0.8733304142951965,4.6123750507831573e-07,0.0103558761688544
rq1_epoch_003_ep3_base_only_gpt0,completed,1,epoch_003,3,0,base_only,1026.0,4.0,0.0,155.0,11946.0,34.0,0.8295534767887809,40.0,1.99,/workspace/Data_hetero/rqvae_l4_seed1_epoch003.pt,gpt2_rqvae_base_only_final_test2000/rq1_epoch_003_ep3_base_only_gpt0,0.0005,0.0025,0.003,0.005,0.0005,0.0016617329093938,0.0018194653477867,0.0023225931651477,2000.0,0.001,0.003,0.0045,0.0065,0.001,0.0020308031558224,0.00249251723348,0.002996128114118,2000.0,gpt2_rqvae_base_only_final_test2000,,1,3,C:\Users\Admin\Documents\GitHub\plum_sid_coursework/checkpoints/rqvae_longitudinal_l4/rqvae_l4_seed1_epoch003.pt,0.5309907116673209,0.6026211380958557,0.6026211380958557,3,4,256,epoch_003,3,0.5309907116673209,0.0028766216816041,0.0259264227934181,5.021876638585871,-0.0,1.0246679782867432,2.0412497520446777,3.834630727767944,1.7251371145248413,1.4156840730408773,-0.0,3.834630727767944,6.900548458099365,1.0,4.0,6.0,77.0,22.0,31.804087787578503,1.0,77.0,88.0,0.6026211380958557,0.0025030716788023,0.024487879127264,5.7563018798828125,-0.0,1.039181351661682,2.202986240386963,3.5055267810821533,1.6869235932826996,1.3075663875655252,-0.0,3.5055267810821533,6.747694373130798,1.0,3.0,6.0,27.0,9.25,10.40132203135736,1.0,27.0,37.0,155.0,11946.0,1007.0,0.0128088587720023,0.8317640423774719,3.608874976634979e-08,0.0269999467685348
rq1_epoch_003_ep3_base_only_gpt1,completed,1,epoch_003,3,1,base_only,1026.0,4.0,0.0,155.0,11946.0,34.0,0.8286748582666571,40.0,4.3,/workspace/Data_hetero/rqvae_l4_seed1_epoch003.pt,gpt2_rqvae_base_only_final_test2000/rq1_epoch_003_ep3_base_only_gpt1,0.001,0.0035,0.004,0.0065,0.001,0.0023551593130111,0.002512891751404,0.003122260624304,2000.0,0.0005,0.0025,0.0025,0.005,0.0005,0.0016398210339744,0.0016398210339744,0.0022555769532438,2000.0,gpt2_rqvae_base_only_final_test2000,,1,3,C:\Users\Admin\Documents\GitHub\plum_sid_coursework/checkpoints/rqvae_longitudinal_l4/rqvae_l4_seed1_epoch003.pt,0.5309907116673209,0.6026211380958557,0.6026211380958557,3,4,256,epoch_003,3,0.5309907116673209,0.0028766216816041,0.0259264227934181,5.021876638585871,-0.0,1.0246679782867432,2.0412497520446777,3.834630727767944,1.7251371145248413,1.4156840730408773,-0.0,3.834630727767944,6.900548458099365,1.0,4.0,6.0,77.0,22.0,31.804087787578503,1.0,77.0,88.0,0.6026211380958557,0.0025030716788023,0.024487879127264,5.7563018798828125,-0.0,1.039181351661682,2.202986240386963,3.5055267810821533,1.6869235932826996,1.3075663875655252,-0.0,3.5055267810821533,6.747694373130798,1.0,3.0,6.0,27.0,9.25,10.40132203135736,1.0,27.0,37.0,155.0,11946.0,1007.0,0.0128088587720023,0.8317640423774719,3.608874976634979e-08,0.0269999467685348
rq1_epoch_003_ep3_base_only_gpt2,completed,1,epoch_003,3,2,base_only,1026.0,4.0,0.0,155.0,11946.0,33.0,0.8290256884965029,40.0,2.04,/workspace/Data_hetero/rqvae_l4_seed1_epoch003.pt,gpt2_rqvae_base_only_final_test2000/rq1_epoch_003_ep3_base_only_gpt2,0.001,0.0035,0.005,0.0065,0.001,0.0022677825608059,0.002802093341468,0.0031722532333351,2000.0,0.001,0.002,0.003,0.0045,0.001,0.0014653382790366,0.0018101085392573,0.0021988776550487,2000.0,gpt2_rqvae_base_only_final_test2000,,1,3,C:\Users\Admin\Documents\GitHub\plum_sid_coursework/checkpoints/rqvae_longitudinal_l4/rqvae_l4_seed1_epoch003.pt,0.5309907116673209,0.6026211380958557,0.6026211380958557,3,4,256,epoch_003,3,0.5309907116673209,0.0028766216816041,0.0259264227934181,5.021876638585871,-0.0,1.0246679782867432,2.0412497520446777,3.834630727767944,1.7251371145248413,1.4156840730408773,-0.0,3.834630727767944,6.900548458099365,1.0,4.0,6.0,77.0,22.0,31.804087787578503,1.0,77.0,88.0,0.6026211380958557,0.0025030716788023,0.024487879127264,5.7563018798828125,-0.0,1.039181351661682,2.202986240386963,3.5055267810821533,1.6869235932826996,1.3075663875655252,-0.0,3.5055267810821533,6.747694373130798,1.0,3.0,6.0,27.0,9.25,10.40132203135736,1.0,27.0,37.0,155.0,11946.0,1007.0,0.0128088587720023,0.8317640423774719,3.608874976634979e-08,0.0269999467685348
rq2_epoch_003_ep3_base_only_gpt0,completed,2,epoch_003,3,0,base_only,1026.0,4.0,0.0,1642.0,10459.0,39.0,1.3040381480347027,40.0,4.61,/workspace/Data_hetero/rqvae_l4_seed2_epoch003.pt,gpt2_rqvae_base_only_final_test2000/rq2_epoch_003_ep3_base_only_gpt0,0.004,0.013,0.022,0.0295,0.004,0.008562780461766,0.0114507623592658,0.0133950269359181,2000.0,0.0025,0.0075,0.0125,0.0215,0.0025,0.0047568264543117,0.0063243380777987,0.008502771282375,2000.0,gpt2_rqvae_base_only_final_test2000,,2,3,C:\Users\Admin\Documents\GitHub\plum_sid_coursework/checkpoints/rqvae_longitudinal_l4/rqvae_l4_seed2_epoch003.pt,0.4712424860759215,0.5448081493377686,0.5448081493377686,3,4,256,epoch_003,3,0.4712424860759215,0.0026799109658565,0.0097962820013477,4.587662848559293,1.6261920928955078,2.605032444000244,4.713809013366699,6.032341957092285,3.744343876838684,1.7291179389363154,1.6261920928955078,6.032341957092285,14.977375507354736,4.0,27.0,88.0,200.0,79.75,75.90907389765732,4.0,200.0,319.0,0.5448081493377686,0.0025266390293836,0.0135884117335081,5.286930561065674,1.8931281566619875,2.744009494781494,4.584963798522949,5.66491174697876,3.7217532992362976,1.4849957894145924,1.8931281566619875,5.66491174697876,14.88701319694519,4.0,13.0,43.0,111.0,42.75,41.96650450061335,4.0,111.0,171.0,1642.0,10459.0,306.0,0.1356912651846955,0.8639981746673584,3.8230791687965393e-07,0.0160985076523308
rq2_epoch_003_ep3_base_only_gpt1,completed,2,epoch_003,3,1,base_only,1026.0,4.0,0.0,1642.0,10459.0,40.0,1.3091263635592028,40.0,4.47,/workspace/Data_hetero/rqvae_l4_seed2_epoch003.pt,gpt2_rqvae_base_only_final_test2000/rq2_epoch_003_ep3_base_only_gpt1,0.002,0.0125,0.0175,0.0305,0.002,0.0073741160239383,0.0089369129054779,0.012168396340933,2000.0,0.001,0.005,0.0105,0.02,0.001,0.0028572238015333,0.0045513993816316,0.0069746941485438,2000.0,gpt2_rqvae_base_only_final_test2000,,2,3,C:\Users\Admin\Documents\GitHub\plum_sid_coursework/checkpoints/rqvae_longitudinal_l4/rqvae_l4_seed2_epoch003.pt,0.4712424860759215,0.5448081493377686,0.5448081493377686,3,4,256,epoch_003,3,0.4712424860759215,0.0026799109658565,0.0097962820013477,4.587662848559293,1.6261920928955078,2.605032444000244,4.713809013366699,6.032341957092285,3.744343876838684,1.7291179389363154,1.6261920928955078,6.032341957092285,14.977375507354736,4.0,27.0,88.0,200.0,79.75,75.90907389765732,4.0,200.0,319.0,0.5448081493377686,0.0025266390293836,0.0135884117335081,5.286930561065674,1.8931281566619875,2.744009494781494,4.584963798522949,5.66491174697876,3.7217532992362976,1.4849957894145924,1.8931281566619875,5.66491174697876,14.88701319694519,4.0,13.0,43.0,111.0,42.75,41.96650450061335,4.0,111.0,171.0,1642.0,10459.0,306.0,0.1356912651846955,0.8639981746673584,3.8230791687965393e-07,0.0160985076523308
rq2_epoch_003_ep3_base_only_gpt2,completed,2,epoch_003,3,2,base_only,1026.0,4.0,0.0,1642.0,10459.0,40.0,1.3085651993751526,40.0,3.84,/workspace/Data_hetero/rqvae_l4_seed2_epoch003.pt,gpt2_rqvae_base_only_final_test2000/rq2_epoch_003_ep3_base_only_gpt2,0.0025,0.012,0.0215,0.031,0.0025,0.0074742426216874,0.010558645514276,0.0129791575924092,2000.0,0.003,0.0115,0.0155,0.024,0.003,0.0074949803469856,0.0087453103059738,0.010868449887579,2000.0,gpt2_rqvae_base_only_final_test2000,,2,3,C:\Users\Admin\Documents\GitHub\plum_sid_coursework/checkpoints/rqvae_longitudinal_l4/rqvae_l4_seed2_epoch003.pt,0.4712424860759215,0.5448081493377686,0.5448081493377686,3,4,256,epoch_003,3,0.4712424860759215,0.0026799109658565,0.0097962820013477,4.587662848559293,1.6261920928955078,2.605032444000244,4.713809013366699,6.032341957092285,3.744343876838684,1.7291179389363154,1.6261920928955078,6.032341957092285,14.977375507354736,4.0,27.0,88.0,200.0,79.75,75.90907389765732,4.0,200.0,319.0,0.5448081493377686,0.0025266390293836,0.0135884117335081,5.286930561065674,1.8931281566619875,2.744009494781494,4.584963798522949,5.66491174697876,3.7217532992362976,1.4849957894145924,1.8931281566619875,5.66491174697876,14.88701319694519,4.0,13.0,43.0,111.0,42.75,41.96650450061335,4.0,111.0,171.0,1642.0,10459.0,306.0,0.1356912651846955,0.8639981746673584,3.8230791687965393e-07,0.0160985076523308
rq0_epoch_001_ep1_base_only_gpt0,completed,0,epoch_001,1,0,base_only,1026.0,4.0,0.0,194.0,11907.0,32.0,0.8189678706906058,39.0,2.38,/workspace/Data_hetero/rqvae_l4_seed0_epoch001.pt,gpt2_rqvae_base_only_final_test2000/rq0_epoch_001_ep1_base_only_gpt0,0.0015,0.003,0.0045,0.0075,0.0015,0.0022588912804029,0.0027410228238553,0.0034777360803962,2000.0,0.0005,0.001,0.0025,0.005,0.0005,0.00075,0.0012363510297788,0.0018624689464557,2000.0,gpt2_rqvae_base_only_final_test2000,,0,1,C:\Users\Admin\Documents\GitHub\plum_sid_coursework/checkpoints/rqvae_longitudinal_l4/rqvae_l4_seed0_epoch001.pt,0.5911985662850466,0.5901392102241516,0.5901392102241516,1,4,256,epoch_001,1,0.5911985662850466,0.0416278661313382,0.0244333280081098,5.251373529434204,0.7497637867927551,3.09992790222168,4.010491847991943,5.566647529602051,3.3567077666521072,1.7445171390518388,0.7497637867927551,5.566647529602051,13.426831066608427,256.0,256.0,256.0,256.0,256.0,0.0,256.0,256.0,1024.0,0.5901392102241516,0.0073129963129758,0.0175153128802776,5.653108596801758,0.805287778377533,2.104227066040039,3.0754828453063965,4.211155414581299,2.549038276076317,1.2528268113931915,0.805287778377533,4.211155414581299,10.196153104305267,3.0,6.0,13.0,40.0,15.5,14.603081866510234,3.0,40.0,62.0,194.0,11907.0,827.0,0.0160317329146351,0.8174256086349487,4.5169144868850715e-08,0.0247538885898699
rq0_epoch_001_ep1_base_only_gpt1,completed,0,epoch_001,1,1,base_only,1026.0,4.0,0.0,194.0,11907.0,32.0,0.8152961568398909,39.0,1.64,/workspace/Data_hetero/rqvae_l4_seed0_epoch001.pt,gpt2_rqvae_base_only_final_test2000/rq0_epoch_001_ep1_base_only_gpt1,0.0005,0.001,0.003,0.0045,0.0005,0.0008154648767857,0.0014349113928361,0.0018276894628358,2000.0,0.001,0.003,0.0035,0.004,0.001,0.0020088912804029,0.0021755579470696,0.0023005579470696,2000.0,gpt2_rqvae_base_only_final_test2000,,0,1,C:\Users\Admin\Documents\GitHub\plum_sid_coursework/checkpoints/rqvae_longitudinal_l4/rqvae_l4_seed0_epoch001.pt,0.5911985662850466,0.5901392102241516,0.5901392102241516,1,4,256,epoch_001,1,0.5911985662850466,0.0416278661313382,0.0244333280081098,5.251373529434204,0.7497637867927551,3.09992790222168,4.010491847991943,5.566647529602051,3.3567077666521072,1.7445171390518388,0.7497637867927551,5.566647529602051,13.426831066608427,256.0,256.0,256.0,256.0,256.0,0.0,256.0,256.0,1024.0,0.5901392102241516,0.0073129963129758,0.0175153128802776,5.653108596801758,0.805287778377533,2.104227066040039,3.0754828453063965,4.211155414581299,2.549038276076317,1.2528268113931915,0.805287778377533,4.211155414581299,10.196153104305267,3.0,6.0,13.0,40.0,15.5,14.603081866510234,3.0,40.0,62.0,194.0,11907.0,827.0,0.0160317329146351,0.8174256086349487,4.5169144868850715e-08,0.0247538885898699
rq0_epoch_001_ep1_base_only_gpt2,completed,0,epoch_001,1,2,base_only,1026.0,4.0,0.0,194.0,11907.0,33.0,0.8148294958201322,40.0,4.0,/workspace/Data_hetero/rqvae_l4_seed0_epoch001.pt,gpt2_rqvae_base_only_final_test2000/rq0_epoch_001_ep1_base_only_gpt2,0.001,0.0035,0.0055,0.0075,0.001,0.0021676559630569,0.0028117394312286,0.0032670799286226,2000.0,0.001,0.0015,0.0025,0.0035,0.001,0.0011934264036172,0.0015046254834428,0.0017536547076447,2000.0,gpt2_rqvae_base_only_final_test2000,,0,1,C:\Users\Admin\Documents\GitHub\plum_sid_coursework/checkpoints/rqvae_longitudinal_l4/rqvae_l4_seed0_epoch001.pt,0.5911985662850466,0.5901392102241516,0.5901392102241516,1,4,256,epoch_001,1,0.5911985662850466,0.0416278661313382,0.0244333280081098,5.251373529434204,0.7497637867927551,3.09992790222168,4.010491847991943,5.566647529602051,3.3567077666521072,1.7445171390518388,0.7497637867927551,5.566647529602051,13.426831066608427,256.0,256.0,256.0,256.0,256.0,0.0,256.0,256.0,1024.0,0.5901392102241516,0.0073129963129758,0.0175153128802776,5.653108596801758,0.805287778377533,2.104227066040039,3.0754828453063965,4.211155414581299,2.549038276076317,1.2528268113931915,0.805287778377533,4.211155414581299,10.196153104305267,3.0,6.0,13.0,40.0,15.5,14.603081866510234,3.0,40.0,62.0,194.0,11907.0,827.0,0.0160317329146351,0.8174256086349487,4.5169144868850715e-08,0.0247538885898699
rq1_epoch_001_ep1_base_only_gpt0,completed,1,epoch_001,1,0,base_only,1026.0,4.0,0.0,2.0,12099.0,38.0,0.114879333498803,40.0,2.1,/workspace/Data_hetero/rqvae_l4_seed1_epoch001.pt,gpt2_rqvae_base_only_final_test2000/rq1_epoch_001_ep1_base_only_gpt0,0.0005,0.0005,0.0005,0.0005,0.0005,0.0005,0.0005,0.0005,2000.0,0.0,0.0,0.0,0.0,0.0,0.0,0.0,0.0,2000.0,gpt2_rqvae_base_only_final_test2000,,1,1,C:\Users\Admin\Documents\GitHub\plum_sid_coursework/checkpoints/rqvae_longitudinal_l4/rqvae_l4_seed1_epoch001.pt,0.672648627649654,0.7285810112953186,0.7285810112953186,1,4,256,epoch_001,1,0.672648627649654,0.0402338861022144,0.0172661664493551,6.151485594836148,0.633711576461792,2.6953001022338867,2.5083487033843994,3.736131429672241,2.39337295293808,1.118457410161028,0.633711576461792,3.736131429672241,9.57349181175232,256.0,256.0,256.0,256.0,256.0,0.0,256.0,256.0,1024.0,0.7285810112953186,0.0048725637607276,0.0150464102625846,7.086620330810547,-0.0,0.7944900989532471,-0.0,-0.0,0.1986225247383117,0.3440243043743622,-0.0,0.7944900989532471,0.7944900989532471,1.0,2.0,1.0,1.0,1.25,0.4330127018922193,1.0,2.0,5.0,2.0,12099.0,9171.0,0.000165275597058,0.7347215414047241,4.656612873077393e-10,0.0199207497997543
rq1_epoch_001_ep1_base_only_gpt1,completed,1,epoch_001,1,1,base_only,1026.0,4.0,0.0,2.0,12099.0,34.0,0.1148355152796615,40.0,4.22,/workspace/Data_hetero/rqvae_l4_seed1_epoch001.pt,gpt2_rqvae_base_only_final_test2000/rq1_epoch_001_ep1_base_only_gpt1,0.0,0.0,0.0,0.0,0.0,0.0,0.0,0.0,2000.0,0.0,0.0,0.0,0.0,0.0,0.0,0.0,0.0,2000.0,gpt2_rqvae_base_only_final_test2000,,1,1,C:\Users\Admin\Documents\GitHub\plum_sid_coursework/checkpoints/rqvae_longitudinal_l4/rqvae_l4_seed1_epoch001.pt,0.672648627649654,0.7285810112953186,0.7285810112953186,1,4,256,epoch_001,1,0.672648627649654,0.0402338861022144,0.0172661664493551,6.151485594836148,0.633711576461792,2.6953001022338867,2.5083487033843994,3.736131429672241,2.39337295293808,1.118457410161028,0.633711576461792,3.736131429672241,9.57349181175232,256.0,256.0,256.0,256.0,256.0,0.0,256.0,256.0,1024.0,0.7285810112953186,0.0048725637607276,0.0150464102625846,7.086620330810547,-0.0,0.7944900989532471,-0.0,-0.0,0.1986225247383117,0.3440243043743622,-0.0,0.7944900989532471,0.7944900989532471,1.0,2.0,1.0,1.0,1.25,0.4330127018922193,1.0,2.0,5.0,2.0,12099.0,9171.0,0.000165275597058,0.7347215414047241,4.656612873077393e-10,0.0199207497997543
rq1_epoch_001_ep1_base_only_gpt2,completed,1,epoch_001,1,2,base_only,1026.0,4.0,0.0,2.0,12099.0,33.0,0.1147200749679045,40.0,2.09,/workspace/Data_hetero/rqvae_l4_seed1_epoch001.pt,gpt2_rqvae_base_only_final_test2000/rq1_epoch_001_ep1_base_only_gpt2,0.0,0.0,0.0,0.0,0.0,0.0,0.0,0.0,2000.0,0.0,0.0,0.0,0.0,0.0,0.0,0.0,0.0,2000.0,gpt2_rqvae_base_only_final_test2000,,1,1,C:\Users\Admin\Documents\GitHub\plum_sid_coursework/checkpoints/rqvae_longitudinal_l4/rqvae_l4_seed1_epoch001.pt,0.672648627649654,0.7285810112953186,0.7285810112953186,1,4,256,epoch_001,1,0.672648627649654,0.0402338861022144,0.0172661664493551,6.151485594836148,0.633711576461792,2.6953001022338867,2.5083487033843994,3.736131429672241,2.39337295293808,1.118457410161028,0.633711576461792,3.736131429672241,9.57349181175232,256.0,256.0,256.0,256.0,256.0,0.0,256.0,256.0,1024.0,0.7285810112953186,0.0048725637607276,0.0150464102625846,7.086620330810547,-0.0,0.7944900989532471,-0.0,-0.0,0.1986225247383117,0.3440243043743622,-0.0,0.7944900989532471,0.7944900989532471,1.0,2.0,1.0,1.0,1.25,0.4330127018922193,1.0,2.0,5.0,2.0,12099.0,9171.0,0.000165275597058,0.7347215414047241,4.656612873077393e-10,0.0199207497997543
rq2_epoch_001_ep1_base_only_gpt0,completed,2,epoch_001,1,0,base_only,1026.0,4.0,0.0,138.0,11963.0,32.0,0.770019615238363,39.0,4.23,/workspace/Data_hetero/rqvae_l4_seed2_epoch001.pt,gpt2_rqvae_base_only_final_test2000/rq2_epoch_001_ep1_base_only_gpt0,0.0,0.0015,0.0025,0.0035,0.0,0.0006241029616906,0.0009527215530766,0.0011949530574198,2000.0,0.0005,0.003,0.004,0.0055,0.0005,0.0016676559630569,0.0019686859587209,0.0023418194135736,2000.0,gpt2_rqvae_base_only_final_test2000,,2,1,C:\Users\Admin\Documents\GitHub\plum_sid_coursework/checkpoints/rqvae_longitudinal_l4/rqvae_l4_seed2_epoch001.pt,0.6561891626227986,0.6401509642601013,0.6401509642601013,1,4,256,epoch_001,1,0.6561891626227986,0.0403938122855668,0.0185093050663867,5.972860379652544,0.6450104117393494,2.421855926513672,3.722626209259033,4.879775047302246,2.917316898703575,1.5738982985196102,0.6450104117393494,4.879775047302246,11.6692675948143,256.0,256.0,256.0,256.0,256.0,0.0,256.0,256.0,1024.0,0.6401509642601013,0.0046213055029511,0.0222067683935165,6.133228778839111,-0.0,1.7488737106323242,2.42435073852539,4.008086204528809,2.045327663421631,1.4376482340121035,-0.0,4.008086204528809,8.181310653686523,1.0,4.0,8.0,37.0,12.5,14.361406616345072,1.0,37.0,50.0,138.0,11963.0,1454.0,0.0114040161970085,0.8168667554855347,3.2130628824234015e-08,0.0269524267988639
rq2_epoch_001_ep1_base_only_gpt1,completed,2,epoch_001,1,1,base_only,1026.0,4.0,0.0,138.0,11963.0,33.0,0.7687328335913745,40.0,2.12,/workspace/Data_hetero/rqvae_l4_seed2_epoch001.pt,gpt2_rqvae_base_only_final_test2000/rq2_epoch_001_ep1_base_only_gpt1,0.0005,0.0015,0.002,0.0045,0.0005,0.0009434264036172,0.0010879588167762,0.0017166017418573,2000.0,0.001,0.003,0.005,0.0075,0.001,0.0019742295594396,0.0025847418472163,0.0032198538109334,2000.0,gpt2_rqvae_base_only_final_test2000,,2,1,C:\Users\Admin\Documents\GitHub\plum_sid_coursework/checkpoints/rqvae_longitudinal_l4/rqvae_l4_seed2_epoch001.pt,0.6561891626227986,0.6401509642601013,0.6401509642601013,1,4,256,epoch_001,1,0.6561891626227986,0.0403938122855668,0.0185093050663867,5.972860379652544,0.6450104117393494,2.421855926513672,3.722626209259033,4.879775047302246,2.917316898703575,1.5738982985196102,0.6450104117393494,4.879775047302246,11.6692675948143,256.0,256.0,256.0,256.0,256.0,0.0,256.0,256.0,1024.0,0.6401509642601013,0.0046213055029511,0.0222067683935165,6.133228778839111,-0.0,1.7488737106323242,2.42435073852539,4.008086204528809,2.045327663421631,1.4376482340121035,-0.0,4.008086204528809,8.181310653686523,1.0,4.0,8.0,37.0,12.5,14.361406616345072,1.0,37.0,50.0,138.0,11963.0,1454.0,0.0114040161970085,0.8168667554855347,3.2130628824234015e-08,0.0269524267988639
rq2_epoch_001_ep1_base_only_gpt2,completed,2,epoch_001,1,2,base_only,1026.0,4.0,0.0,138.0,11963.0,33.0,0.7711532197215341,40.0,4.09,/workspace/Data_hetero/rqvae_l4_seed2_epoch001.pt,gpt2_rqvae_base_only_final_test2000/rq2_epoch_001_ep1_base_only_gpt2,0.001,0.003,0.0035,0.005,0.001,0.0019395678384763,0.0020841002516353,0.0024377478425519,2000.0,0.0015,0.0025,0.005,0.007,0.0015,0.0019653382790366,0.0027887138860166,0.0032902491702833,2000.0,gpt2_rqvae_base_only_final_test2000,,2,1,C:\Users\Admin\Documents\GitHub\plum_sid_coursework/checkpoints/rqvae_longitudinal_l4/rqvae_l4_seed2_epoch001.pt,0.6561891626227986,0.6401509642601013,0.6401509642601013,1,4,256,epoch_001,1,0.6561891626227986,0.0403938122855668,0.0185093050663867,5.972860379652544,0.6450104117393494,2.421855926513672,3.722626209259033,4.879775047302246,2.917316898703575,1.5738982985196102,0.6450104117393494,4.879775047302246,11.6692675948143,256.0,256.0,256.0,256.0,256.0,0.0,256.0,256.0,1024.0,0.6401509642601013,0.0046213055029511,0.0222067683935165,6.133228778839111,-0.0,1.7488737106323242,2.42435073852539,4.008086204528809,2.045327663421631,1.4376482340121035,-0.0,4.008086204528809,8.181310653686523,1.0,4.0,8.0,37.0,12.5,14.361406616345072,1.0,37.0,50.0,138.0,11963.0,1454.0,0.0114040161970085,0.8168667554855347,3.2130628824234015e-08,0.0269524267988639
rq0_best_ep103_count_gpt0,completed,0,best,103,0,count,1043.0,5.0,17.0,12101.0,0.0,40.0,1.457289684902538,40.0,4.8,/workspace/Data_hetero/rqvae_l4_seed0_best.pt,gpt2_rqvae_count_final_test2000/rq0_best_ep103_count_gpt0,0.017,0.08,0.1285,0.178,0.017,0.04844555552824,0.0640203960262641,0.0764798567728411,2000.0,0.006,0.0365,0.0595,0.1005,0.006,0.0212165382160843,0.0287110506933517,0.0390782175800509,2000.0,gpt2_rqvae_count_final_test2000,,0,103,C:\Users\Admin\Documents\GitHub\plum_sid_coursework/checkpoints/rqvae_longitudinal_l4/rqvae_l4_seed0_best.pt,0.2621870623393492,0.3779210746288299,0.3779210746288299,103,4,256,best,103,0.2621870623393492,0.0011491339748979,0.0008971098709893,2.601408140225844,7.207295894622803,7.908987522125244,7.88591194152832,7.917991638183594,7.73004674911499,0.3020370406303147,7.207295894622803,7.917991638183594,30.92018699645996,189.0,256.0,256.0,256.0,239.25,29.011851026778693,189.0,256.0,957.0,0.3779210746288299,0.0010972339659929,0.0012035350082442,3.756202936172485,7.039355754852295,7.489826679229736,7.472903728485107,7.352067947387695,7.338538527488708,0.1807176587533949,7.039355754852295,7.489826679229736,29.354154109954838,174.0,239.0,236.0,231.0,220.0,26.711420778386163,174.0,239.0,880.0,11579.0,522.0,17.0,0.9568630691678374,0.9835347533226012,2.6959460228681564e-06,0.0022223254923758
rq0_best_ep103_count_gpt1,completed,0,best,103,1,count,1043.0,5.0,17.0,12101.0,0.0,40.0,1.4531110579317266,40.0,4.94,/workspace/Data_hetero/rqvae_l4_seed0_best.pt,gpt2_rqvae_count_final_test2000/rq0_best_ep103_count_gpt1,0.02,0.0685,0.1055,0.1545,0.02,0.0440755688189151,0.0560350043010638,0.068272891594969,2000.0,0.0075,0.0355,0.0615,0.095,0.0075,0.0216789086059501,0.0300188908145813,0.038564498529519,2000.0,gpt2_rqvae_count_final_test2000,,0,103,C:\Users\Admin\Documents\GitHub\plum_sid_coursework/checkpoints/rqvae_longitudinal_l4/rqvae_l4_seed0_best.pt,0.2621870623393492,0.3779210746288299,0.3779210746288299,103,4,256,best,103,0.2621870623393492,0.0011491339748979,0.0008971098709893,2.601408140225844,7.207295894622803,7.908987522125244,7.88591194152832,7.917991638183594,7.73004674911499,0.3020370406303147,7.207295894622803,7.917991638183594,30.92018699645996,189.0,256.0,256.0,256.0,239.25,29.011851026778693,189.0,256.0,957.0,0.3779210746288299,0.0010972339659929,0.0012035350082442,3.756202936172485,7.039355754852295,7.489826679229736,7.472903728485107,7.352067947387695,7.338538527488708,0.1807176587533949,7.039355754852295,7.489826679229736,29.354154109954838,174.0,239.0,236.0,231.0,220.0,26.711420778386163,174.0,239.0,880.0,11579.0,522.0,17.0,0.9568630691678374,0.9835347533226012,2.6959460228681564e-06,0.0022223254923758
rq0_best_ep103_count_gpt2,completed,0,best,103,2,count,1043.0,5.0,17.0,12101.0,0.0,40.0,1.4447729750113054,40.0,5.72,/workspace/Data_hetero/rqvae_l4_seed0_best.pt,gpt2_rqvae_count_final_test2000/rq0_best_ep103_count_gpt2,0.0325,0.089,0.128,0.1825,0.0325,0.0607902875090233,0.0734305869517814,0.0870988849806241,2000.0,0.0105,0.04,0.072,0.1125,0.0105,0.0258130773357341,0.0360274251532461,0.0462506497178487,2000.0,gpt2_rqvae_count_final_test2000,,0,103,C:\Users\Admin\Documents\GitHub\plum_sid_coursework/checkpoints/rqvae_longitudinal_l4/rqvae_l4_seed0_best.pt,0.2621870623393492,0.3779210746288299,0.3779210746288299,103,4,256,best,103,0.2621870623393492,0.0011491339748979,0.0008971098709893,2.601408140225844,7.207295894622803,7.908987522125244,7.88591194152832,7.917991638183594,7.73004674911499,0.3020370406303147,7.207295894622803,7.917991638183594,30.92018699645996,189.0,256.0,256.0,256.0,239.25,29.011851026778693,189.0,256.0,957.0,0.3779210746288299,0.0010972339659929,0.0012035350082442,3.756202936172485,7.039355754852295,7.489826679229736,7.472903728485107,7.352067947387695,7.338538527488708,0.1807176587533949,7.039355754852295,7.489826679229736,29.354154109954838,174.0,239.0,236.0,231.0,220.0,26.711420778386163,174.0,239.0,880.0,11579.0,522.0,17.0,0.9568630691678374,0.9835347533226012,2.6959460228681564e-06,0.0022223254923758
rq1_best_ep91_count_gpt0,completed,1,best,91,0,count,1045.0,5.0,19.0,12101.0,0.0,40.0,1.449998969381506,40.0,4.54,/workspace/Data_hetero/rqvae_l4_seed1_best.pt,gpt2_rqvae_count_final_test2000/rq1_best_ep91_count_gpt0,0.0265,0.0805,0.114,0.1825,0.0265,0.0530138840797178,0.0638801145013408,0.0811721898122278,2000.0,0.007,0.041,0.062,0.101,0.007,0.0239810037106946,0.0307937016874981,0.0405676275382313,2000.0,gpt2_rqvae_count_final_test2000,,1,91,C:\Users\Admin\Documents\GitHub\plum_sid_coursework/checkpoints/rqvae_longitudinal_l4/rqvae_l4_seed1_best.pt,0.2663411945104599,0.37823086977005,0.37823086977005,91,4,256,best,91,0.2663411945104599,0.0011573008219288,0.0010150327183179,2.64168859611858,7.145940780639648,7.887249946594238,7.891703128814697,7.90686559677124,7.707939863204956,0.3245517909639998,7.145940780639648,7.90686559677124,30.831759452819824,175.0,256.0,256.0,256.0,235.75,35.074028853269766,175.0,256.0,943.0,0.37823086977005,0.0011306293308734,0.0013551972806453,3.757450580596924,7.048818588256836,7.490468025207519,7.5426740646362305,7.532044410705566,7.403501272201538,0.2057033221834036,7.048818588256836,7.5426740646362305,29.614005088806152,172.0,237.0,244.0,235.0,222.0,29.06028217344078,172.0,244.0,888.0,11516.0,585.0,19.0,0.9516568878605074,0.977216899394989,2.6812776923179622e-06,0.002413878058032
rq1_best_ep91_count_gpt1,completed,1,best,91,1,count,1045.0,5.0,19.0,12101.0,0.0,40.0,1.444667718627236,40.0,4.87,/workspace/Data_hetero/rqvae_l4_seed1_best.pt,gpt2_rqvae_count_final_test2000/rq1_best_ep91_count_gpt1,0.018,0.076,0.1165,0.17,0.018,0.0476031594605895,0.0606229354362979,0.0741384783470228,2000.0,0.013,0.0395,0.061,0.093,0.013,0.0256314836396262,0.0324095201612397,0.0403833156968449,2000.0,gpt2_rqvae_count_final_test2000,,1,91,C:\Users\Admin\Documents\GitHub\plum_sid_coursework/checkpoints/rqvae_longitudinal_l4/rqvae_l4_seed1_best.pt,0.2663411945104599,0.37823086977005,0.37823086977005,91,4,256,best,91,0.2663411945104599,0.0011573008219288,0.0010150327183179,2.64168859611858,7.145940780639648,7.887249946594238,7.891703128814697,7.90686559677124,7.707939863204956,0.3245517909639998,7.145940780639648,7.90686559677124,30.831759452819824,175.0,256.0,256.0,256.0,235.75,35.074028853269766,175.0,256.0,943.0,0.37823086977005,0.0011306293308734,0.0013551972806453,3.757450580596924,7.048818588256836,7.490468025207519,7.5426740646362305,7.532044410705566,7.403501272201538,0.2057033221834036,7.048818588256836,7.5426740646362305,29.614005088806152,172.0,237.0,244.0,235.0,222.0,29.06028217344078,172.0,244.0,888.0,11516.0,585.0,19.0,0.9516568878605074,0.977216899394989,2.6812776923179622e-06,0.002413878058032
rq1_best_ep91_count_gpt2,completed,1,best,91,2,count,1045.0,5.0,19.0,12101.0,0.0,40.0,1.451999561353163,40.0,5.16,/workspace/Data_hetero/rqvae_l4_seed1_best.pt,gpt2_rqvae_count_final_test2000/rq1_best_ep91_count_gpt2,0.0355,0.0855,0.1275,0.1855,0.0355,0.0603145346224375,0.0739320724957304,0.0885946371079715,2000.0,0.014,0.0475,0.075,0.11,0.014,0.0312920688609633,0.0401812786632033,0.0489925726941358,2000.0,gpt2_rqvae_count_final_test2000,,1,91,C:\Users\Admin\Documents\GitHub\plum_sid_coursework/checkpoints/rqvae_longitudinal_l4/rqvae_l4_seed1_best.pt,0.2663411945104599,0.37823086977005,0.37823086977005,91,4,256,best,91,0.2663411945104599,0.0011573008219288,0.0010150327183179,2.64168859611858,7.145940780639648,7.887249946594238,7.891703128814697,7.90686559677124,7.707939863204956,0.3245517909639998,7.145940780639648,7.90686559677124,30.831759452819824,175.0,256.0,256.0,256.0,235.75,35.074028853269766,175.0,256.0,943.0,0.37823086977005,0.0011306293308734,0.0013551972806453,3.757450580596924,7.048818588256836,7.490468025207519,7.5426740646362305,7.532044410705566,7.403501272201538,0.2057033221834036,7.048818588256836,7.5426740646362305,29.614005088806152,172.0,237.0,244.0,235.0,222.0,29.06028217344078,172.0,244.0,888.0,11516.0,585.0,19.0,0.9516568878605074,0.977216899394989,2.6812776923179622e-06,0.002413878058032
rq2_best_ep86_count_gpt0,completed,2,best,86,0,count,1040.0,5.0,14.0,12101.0,0.0,40.0,1.4555568532510237,40.0,5.0,/workspace/Data_hetero/rqvae_l4_seed2_best.pt,gpt2_rqvae_count_final_test2000/rq2_best_ep86_count_gpt0,0.022,0.076,0.125,0.185,0.022,0.0490927317907926,0.0649959866646805,0.0800511375049834,2000.0,0.0135,0.039,0.0625,0.094,0.0135,0.0263759228252357,0.0338387191516674,0.0417474067083435,2000.0,gpt2_rqvae_count_final_test2000,,2,86,C:\Users\Admin\Documents\GitHub\plum_sid_coursework/checkpoints/rqvae_longitudinal_l4/rqvae_l4_seed2_best.pt,0.2718249688094312,0.3858888149261474,0.3858888149261474,86,4,256,best,86,0.2718249688094312,0.0012651440444063,0.0010908930562436,2.694689214229584,6.355825424194336,7.893074035644531,7.849274158477783,7.9116668701171875,7.5024601221084595,0.6623972558720409,6.355825424194336,7.9116668701171875,30.00984048843384,99.0,256.0,256.0,256.0,216.75,67.98299419707844,99.0,256.0,867.0,0.3858888149261474,0.0011590362992137,0.0015581604093313,3.831716060638428,6.2497735023498535,7.484471321105957,7.446333885192871,7.404326438903809,7.146226286888123,0.5183429263311609,6.2497735023498535,7.484471321105957,28.58490514755249,98.0,239.0,238.0,238.0,203.25,60.76748719504535,98.0,239.0,813.0,11315.0,786.0,14.0,0.9350466903561688,0.9753886461257936,2.634478732943535e-06,0.0026366665114252
rq2_best_ep86_count_gpt1,completed,2,best,86,1,count,1040.0,5.0,14.0,12101.0,0.0,40.0,1.4573667320338162,40.0,4.78,/workspace/Data_hetero/rqvae_l4_seed2_best.pt,gpt2_rqvae_count_final_test2000/rq2_best_ep86_count_gpt1,0.023,0.0685,0.1065,0.1585,0.023,0.0460278868405043,0.0581327192541297,0.0713912690484772,2000.0,0.0075,0.0335,0.0605,0.0945,0.0075,0.020849532795747,0.0296167341671144,0.0381488166244457,2000.0,gpt2_rqvae_count_final_test2000,,2,86,C:\Users\Admin\Documents\GitHub\plum_sid_coursework/checkpoints/rqvae_longitudinal_l4/rqvae_l4_seed2_best.pt,0.2718249688094312,0.3858888149261474,0.3858888149261474,86,4,256,best,86,0.2718249688094312,0.0012651440444063,0.0010908930562436,2.694689214229584,6.355825424194336,7.893074035644531,7.849274158477783,7.9116668701171875,7.5024601221084595,0.6623972558720409,6.355825424194336,7.9116668701171875,30.00984048843384,99.0,256.0,256.0,256.0,216.75,67.98299419707844,99.0,256.0,867.0,0.3858888149261474,0.0011590362992137,0.0015581604093313,3.831716060638428,6.2497735023498535,7.484471321105957,7.446333885192871,7.404326438903809,7.146226286888123,0.5183429263311609,6.2497735023498535,7.484471321105957,28.58490514755249,98.0,239.0,238.0,238.0,203.25,60.76748719504535,98.0,239.0,813.0,11315.0,786.0,14.0,0.9350466903561688,0.9753886461257936,2.634478732943535e-06,0.0026366665114252
rq2_best_ep86_count_gpt2,completed,2,best,86,2,count,1040.0,5.0,14.0,12101.0,0.0,40.0,1.4661865451119165,40.0,5.73,/workspace/Data_hetero/rqvae_l4_seed2_best.pt,gpt2_rqvae_count_final_test2000/rq2_best_ep86_count_gpt2,0.0275,0.089,0.1305,0.191,0.0275,0.05848013915922,0.0717381543164654,0.0868177262404528,2000.0,0.0115,0.0395,0.063,0.103,0.0115,0.0251613964570477,0.0327703633769342,0.042839873269211,2000.0,gpt2_rqvae_count_final_test2000,,2,86,C:\Users\Admin\Documents\GitHub\plum_sid_coursework/checkpoints/rqvae_longitudinal_l4/rqvae_l4_seed2_best.pt,0.2718249688094312,0.3858888149261474,0.3858888149261474,86,4,256,best,86,0.2718249688094312,0.0012651440444063,0.0010908930562436,2.694689214229584,6.355825424194336,7.893074035644531,7.849274158477783,7.9116668701171875,7.5024601221084595,0.6623972558720409,6.355825424194336,7.9116668701171875,30.00984048843384,99.0,256.0,256.0,256.0,216.75,67.98299419707844,99.0,256.0,867.0,0.3858888149261474,0.0011590362992137,0.0015581604093313,3.831716060638428,6.2497735023498535,7.484471321105957,7.446333885192871,7.404326438903809,7.146226286888123,0.5183429263311609,6.2497735023498535,7.484471321105957,28.58490514755249,98.0,239.0,238.0,238.0,203.25,60.76748719504535,98.0,239.0,813.0,11315.0,786.0,14.0,0.9350466903561688,0.9753886461257936,2.634478732943535e-06,0.0026366665114252
rq0_final_ep123_count_gpt0,completed,0,final,123,0,count,1048.0,5.0,22.0,12101.0,0.0,40.0,1.4554018161513589,40.0,5.44,/workspace/Data_hetero/rqvae_l4_seed0_final_epoch123.pt,gpt2_rqvae_count_final_test2000/rq0_final_ep123_count_gpt0,0.022,0.08,0.124,0.1895,0.022,0.0514383802344724,0.0656167139985436,0.0821012180915854,2000.0,0.008,0.0435,0.07,0.1025,0.008,0.0262571363905275,0.0348639375777138,0.0430572178142253,2000.0,gpt2_rqvae_count_final_test2000,,0,123,C:\Users\Admin\Documents\GitHub\plum_sid_coursework/checkpoints/rqvae_longitudinal_l4/rqvae_l4_seed0_final_epoch123.pt,0.2569916546344757,0.3940248191356659,0.3779210746288299,103,4,256,final,123,0.2569916546344757,0.0011029564934274,0.0009623257025271,2.549263672395186,7.287461757659912,7.887316703796387,7.870784282684326,7.912321090698242,7.739470958709717,0.261386227332097,7.287461757659912,7.912321090698242,30.957883834838867,200.0,256.0,256.0,256.0,242.0,24.24871130596428,200.0,256.0,968.0,0.3940248191356659,0.0011171080404892,0.0011350093409419,3.917726755142212,7.098540306091309,7.458889484405518,7.400403022766113,7.575559139251709,7.383347988128662,0.1761092943528023,7.098540306091309,7.575559139251709,29.53339195251465,182.0,237.0,241.0,239.0,224.75,24.722206616724165,182.0,241.0,899.0,11549.0,552.0,22.0,0.954383935211966,0.9806492924690248,2.6889611035585403e-06,0.0021596606835637
rq0_final_ep123_count_gpt1,completed,0,final,123,1,count,1048.0,5.0,22.0,12101.0,0.0,40.0,1.4459518031640486,40.0,5.24,/workspace/Data_hetero/rqvae_l4_seed0_final_epoch123.pt,gpt2_rqvae_count_final_test2000/rq0_final_ep123_count_gpt1,0.0235,0.079,0.1115,0.161,0.0235,0.0516667391085255,0.0621493786528951,0.0746431744009016,2000.0,0.0085,0.0345,0.0675,0.1045,0.0085,0.021378528812703,0.0318377985576227,0.0411667638800793,2000.0,gpt2_rqvae_count_final_test2000,,0,123,C:\Users\Admin\Documents\GitHub\plum_sid_coursework/checkpoints/rqvae_longitudinal_l4/rqvae_l4_seed0_final_epoch123.pt,0.2569916546344757,0.3940248191356659,0.3779210746288299,103,4,256,final,123,0.2569916546344757,0.0011029564934274,0.0009623257025271,2.549263672395186,7.287461757659912,7.887316703796387,7.870784282684326,7.912321090698242,7.739470958709717,0.261386227332097,7.287461757659912,7.912321090698242,30.957883834838867,200.0,256.0,256.0,256.0,242.0,24.24871130596428,200.0,256.0,968.0,0.3940248191356659,0.0011171080404892,0.0011350093409419,3.917726755142212,7.098540306091309,7.458889484405518,7.400403022766113,7.575559139251709,7.383347988128662,0.1761092943528023,7.098540306091309,7.575559139251709,29.53339195251465,182.0,237.0,241.0,239.0,224.75,24.722206616724165,182.0,241.0,899.0,11549.0,552.0,22.0,0.954383935211966,0.9806492924690248,2.6889611035585403e-06,0.0021596606835637
rq0_final_ep123_count_gpt2,completed,0,final,123,2,count,1048.0,5.0,22.0,12101.0,0.0,40.0,1.4609715992754155,40.0,4.86,/workspace/Data_hetero/rqvae_l4_seed0_final_epoch123.pt,gpt2_rqvae_count_final_test2000/rq0_final_ep123_count_gpt2,0.028,0.0925,0.129,0.194,0.028,0.0605766779413007,0.0725142045416002,0.0889081586395369,2000.0,0.011,0.044,0.07,0.107,0.011,0.0273572495884598,0.0357377035333963,0.0451696401273138,2000.0,gpt2_rqvae_count_final_test2000,,0,123,C:\Users\Admin\Documents\GitHub\plum_sid_coursework/checkpoints/rqvae_longitudinal_l4/rqvae_l4_seed0_final_epoch123.pt,0.2569916546344757,0.3940248191356659,0.3779210746288299,103,4,256,final,123,0.2569916546344757,0.0011029564934274,0.0009623257025271,2.549263672395186,7.287461757659912,7.887316703796387,7.870784282684326,7.912321090698242,7.739470958709717,0.261386227332097,7.287461757659912,7.912321090698242,30.957883834838867,200.0,256.0,256.0,256.0,242.0,24.24871130596428,200.0,256.0,968.0,0.3940248191356659,0.0011171080404892,0.0011350093409419,3.917726755142212,7.098540306091309,7.458889484405518,7.400403022766113,7.575559139251709,7.383347988128662,0.1761092943528023,7.098540306091309,7.575559139251709,29.53339195251465,182.0,237.0,241.0,239.0,224.75,24.722206616724165,182.0,241.0,899.0,11549.0,552.0,22.0,0.954383935211966,0.9806492924690248,2.6889611035585403e-06,0.0021596606835637
rq1_final_ep111_count_gpt0,completed,1,final,111,0,count,1057.0,5.0,31.0,12101.0,0.0,40.0,1.4496380740945989,40.0,5.72,/workspace/Data_hetero/rqvae_l4_seed1_final_epoch111.pt,gpt2_rqvae_count_final_test2000/rq1_final_ep111_count_gpt0,0.024,0.08,0.126,0.1895,0.024,0.0517044337463953,0.0663974529177442,0.0825173636454428,2000.0,0.009,0.0375,0.0685,0.105,0.009,0.0230411520604979,0.0329226685577646,0.0421064472862,2000.0,gpt2_rqvae_count_final_test2000,,1,111,C:\Users\Admin\Documents\GitHub\plum_sid_coursework/checkpoints/rqvae_longitudinal_l4/rqvae_l4_seed1_final_epoch111.pt,0.2602901018478654,0.3892492651939392,0.37823086977005,91,4,256,final,111,0.2602901018478654,0.0011484612530859,0.0009573443940925,2.581842904741114,7.200212001800537,7.891486644744873,7.882557392120361,7.920541763305664,7.723699450492859,0.3025617264398211,7.200212001800537,7.920541763305664,30.89479780197144,180.0,256.0,256.0,256.0,237.0,32.90896534380867,180.0,256.0,948.0,0.3892492651939392,0.0010672627249732,0.001315694884397,3.86866307258606,7.087811470031738,7.599608421325684,7.529748916625977,7.595329284667969,7.453124523162842,0.212723206936428,7.087811470031738,7.599608421325684,29.812498092651367,177.0,243.0,238.0,243.0,225.25,27.931836674304108,177.0,243.0,901.0,11574.0,527.0,31.0,0.9564498801751922,0.979689121246338,2.694781869649887e-06,0.0022989929044575
rq1_final_ep111_count_gpt1,completed,1,final,111,1,count,1057.0,5.0,31.0,12101.0,0.0,40.0,1.451906215060841,40.0,3.96,/workspace/Data_hetero/rqvae_l4_seed1_final_epoch111.pt,gpt2_rqvae_count_final_test2000/rq1_final_ep111_count_gpt1,0.0215,0.0725,0.1125,0.166,0.0215,0.0480498121157405,0.0609235172615474,0.0744620328358145,2000.0,0.011,0.0345,0.0585,0.0945,0.011,0.0231024879602392,0.0307787551458044,0.0398034347581506,2000.0,gpt2_rqvae_count_final_test2000,,1,111,C:\Users\Admin\Documents\GitHub\plum_sid_coursework/checkpoints/rqvae_longitudinal_l4/rqvae_l4_seed1_final_epoch111.pt,0.2602901018478654,0.3892492651939392,0.37823086977005,91,4,256,final,111,0.2602901018478654,0.0011484612530859,0.0009573443940925,2.581842904741114,7.200212001800537,7.891486644744873,7.882557392120361,7.920541763305664,7.723699450492859,0.3025617264398211,7.200212001800537,7.920541763305664,30.89479780197144,180.0,256.0,256.0,256.0,237.0,32.90896534380867,180.0,256.0,948.0,0.3892492651939392,0.0010672627249732,0.001315694884397,3.86866307258606,7.087811470031738,7.599608421325684,7.529748916625977,7.595329284667969,7.453124523162842,0.212723206936428,7.087811470031738,7.599608421325684,29.812498092651367,177.0,243.0,238.0,243.0,225.25,27.931836674304108,177.0,243.0,901.0,11574.0,527.0,31.0,0.9564498801751922,0.979689121246338,2.694781869649887e-06,0.0022989929044575
rq1_final_ep111_count_gpt2,completed,1,final,111,2,count,1057.0,5.0,31.0,12101.0,0.0,40.0,1.4548229304226965,40.0,4.79,/workspace/Data_hetero/rqvae_l4_seed1_final_epoch111.pt,gpt2_rqvae_count_final_test2000/rq1_final_ep111_count_gpt2,0.0235,0.085,0.1315,0.182,0.0235,0.0538430022026962,0.0688631018205222,0.0815973894871322,2000.0,0.0135,0.042,0.0725,0.1115,0.0135,0.0272633167938464,0.0372126761979196,0.0469805030286442,2000.0,gpt2_rqvae_count_final_test2000,,1,111,C:\Users\Admin\Documents\GitHub\plum_sid_coursework/checkpoints/rqvae_longitudinal_l4/rqvae_l4_seed1_final_epoch111.pt,0.2602901018478654,0.3892492651939392,0.37823086977005,91,4,256,final,111,0.2602901018478654,0.0011484612530859,0.0009573443940925,2.581842904741114,7.200212001800537,7.891486644744873,7.882557392120361,7.920541763305664,7.723699450492859,0.3025617264398211,7.200212001800537,7.920541763305664,30.89479780197144,180.0,256.0,256.0,256.0,237.0,32.90896534380867,180.0,256.0,948.0,0.3892492651939392,0.0010672627249732,0.001315694884397,3.86866307258606,7.087811470031738,7.599608421325684,7.529748916625977,7.595329284667969,7.453124523162842,0.212723206936428,7.087811470031738,7.599608421325684,29.812498092651367,177.0,243.0,238.0,243.0,225.25,27.931836674304108,177.0,243.0,901.0,11574.0,527.0,31.0,0.9564498801751922,0.979689121246338,2.694781869649887e-06,0.0022989929044575
rq2_final_ep106_count_gpt0,completed,2,final,106,0,count,1046.0,5.0,20.0,12101.0,0.0,40.0,1.4570512229746038,40.0,4.95,/workspace/Data_hetero/rqvae_l4_seed2_final_epoch106.pt,gpt2_rqvae_count_final_test2000/rq2_final_ep106_count_gpt0,0.0215,0.074,0.114,0.1765,0.0215,0.0476516406251701,0.0605620268846802,0.0761639542560692,2000.0,0.011,0.039,0.063,0.102,0.011,0.025158170880652,0.0329867562915196,0.0427517101130552,2000.0,gpt2_rqvae_count_final_test2000,,2,106,C:\Users\Admin\Documents\GitHub\plum_sid_coursework/checkpoints/rqvae_longitudinal_l4/rqvae_l4_seed2_final_epoch106.pt,0.2640410668470643,0.3949435949325561,0.3858888149261474,86,4,256,final,106,0.2640410668470643,0.0011918655945919,0.001097143871117,2.617520494894548,6.466334819793701,7.896768093109131,7.892333984375,7.92463207244873,7.545017242431641,0.6229006277616531,6.466334819793701,7.92463207244873,30.18006896972656,107.0,256.0,256.0,256.0,218.75,64.51889258194068,107.0,256.0,875.0,0.3949435949325561,0.001131321885623,0.0014601447619497,3.923521280288696,6.356132984161377,7.532801151275635,7.3391852378845215,7.267952442169189,7.124017953872681,0.4538075380097058,6.356132984161377,7.532801151275635,28.496071815490723,107.0,244.0,227.0,222.0,200.0,54.30929938785806,107.0,244.0,800.0,11270.0,831.0,20.0,0.9313279894223618,0.9750528931617736,2.6240013539791107e-06,0.0025124153219788
rq2_final_ep106_count_gpt1,completed,2,final,106,1,count,1046.0,5.0,20.0,12101.0,0.0,40.0,1.454460853880102,40.0,5.46,/workspace/Data_hetero/rqvae_l4_seed2_final_epoch106.pt,gpt2_rqvae_count_final_test2000/rq2_final_ep106_count_gpt1,0.0235,0.0635,0.1105,0.163,0.0235,0.0439555955094068,0.0591899583494985,0.0725890508500807,2000.0,0.008,0.038,0.057,0.088,0.008,0.0222343073770736,0.0283716287223199,0.0361490549746757,2000.0,gpt2_rqvae_count_final_test2000,,2,106,C:\Users\Admin\Documents\GitHub\plum_sid_coursework/checkpoints/rqvae_longitudinal_l4/rqvae_l4_seed2_final_epoch106.pt,0.2640410668470643,0.3949435949325561,0.3858888149261474,86,4,256,final,106,0.2640410668470643,0.0011918655945919,0.001097143871117,2.617520494894548,6.466334819793701,7.896768093109131,7.892333984375,7.92463207244873,7.545017242431641,0.6229006277616531,6.466334819793701,7.92463207244873,30.18006896972656,107.0,256.0,256.0,256.0,218.75,64.51889258194068,107.0,256.0,875.0,0.3949435949325561,0.001131321885623,0.0014601447619497,3.923521280288696,6.356132984161377,7.532801151275635,7.3391852378845215,7.267952442169189,7.124017953872681,0.4538075380097058,6.356132984161377,7.532801151275635,28.496071815490723,107.0,244.0,227.0,222.0,200.0,54.30929938785806,107.0,244.0,800.0,11270.0,831.0,20.0,0.9313279894223618,0.9750528931617736,2.6240013539791107e-06,0.0025124153219788
rq2_final_ep106_count_gpt2,completed,2,final,106,2,count,1046.0,5.0,20.0,12101.0,0.0,40.0,1.4667566852136091,40.0,5.7,/workspace/Data_hetero/rqvae_l4_seed2_final_epoch106.pt,gpt2_rqvae_count_final_test2000/rq2_final_ep106_count_gpt2,0.027,0.0825,0.124,0.18,0.027,0.0540506102892034,0.0675294397390672,0.081483615180841,2000.0,0.011,0.0445,0.0695,0.107,0.011,0.0272372756038135,0.0352351223111742,0.0445907328004888,2000.0,gpt2_rqvae_count_final_test2000,,2,106,C:\Users\Admin\Documents\GitHub\plum_sid_coursework/checkpoints/rqvae_longitudinal_l4/rqvae_l4_seed2_final_epoch106.pt,0.2640410668470643,0.3949435949325561,0.3858888149261474,86,4,256,final,106,0.2640410668470643,0.0011918655945919,0.001097143871117,2.617520494894548,6.466334819793701,7.896768093109131,7.892333984375,7.92463207244873,7.545017242431641,0.6229006277616531,6.466334819793701,7.92463207244873,30.18006896972656,107.0,256.0,256.0,256.0,218.75,64.51889258194068,107.0,256.0,875.0,0.3949435949325561,0.001131321885623,0.0014601447619497,3.923521280288696,6.356132984161377,7.532801151275635,7.3391852378845215,7.267952442169189,7.124017953872681,0.4538075380097058,6.356132984161377,7.532801151275635,28.496071815490723,107.0,244.0,227.0,222.0,200.0,54.30929938785806,107.0,244.0,800.0,11270.0,831.0,20.0,0.9313279894223618,0.9750528931617736,2.6240013539791107e-06,0.0025124153219788
rq0_epoch_010_ep10_count_gpt0,completed,0,epoch_010,10,0,count,1072.0,5.0,46.0,12101.0,0.0,40.0,1.4845104271715337,40.0,5.03,/workspace/Data_hetero/rqvae_l4_seed0_epoch010.pt,gpt2_rqvae_count_final_test2000/rq0_epoch_010_ep10_count_gpt0,0.0175,0.064,0.102,0.1455,0.0175,0.0414511173553375,0.0536069074740804,0.0646359645526285,2000.0,0.0075,0.033,0.052,0.0835,0.0075,0.0202286554104521,0.0263217545593166,0.0343254562778932,2000.0,gpt2_rqvae_count_final_test2000,,0,10,C:\Users\Admin\Documents\GitHub\plum_sid_coursework/checkpoints/rqvae_longitudinal_l4/rqvae_l4_seed0_epoch010.pt,0.3473382680253549,0.4453820884227752,0.4453820884227752,10,4,256,epoch_010,10,0.3473382680253549,0.0020704314176162,0.0022004750472578,3.4306735450571235,3.954368352890015,5.175180912017822,6.458446979522705,7.078859329223633,5.666713893413544,1.2036120568386837,3.954368352890015,7.078859329223633,22.66685557365417,34.0,65.0,154.0,238.0,122.75,79.79779132281796,34.0,238.0,491.0,0.4453820884227752,0.0019464154029265,0.0038410744164139,4.395946025848389,3.978995323181152,5.0251898765563965,6.185868740081787,6.742838382720947,5.483223080635071,1.066868922867475,3.978995323181152,6.742838382720947,21.932892322540283,27.0,56.0,117.0,175.0,93.75,57.05863212520959,27.0,175.0,375.0,8589.0,3512.0,46.0,0.7097760515659863,0.9467541575431824,1.9997823983430862e-06,0.0057951805023297
rq0_epoch_010_ep10_count_gpt1,completed,0,epoch_010,10,1,count,1072.0,5.0,46.0,12101.0,0.0,40.0,1.495598722587932,40.0,5.48,/workspace/Data_hetero/rqvae_l4_seed0_epoch010.pt,gpt2_rqvae_count_final_test2000/rq0_epoch_010_ep10_count_gpt1,0.0185,0.059,0.0915,0.132,0.0185,0.0386300648645279,0.0491269343844425,0.0593838679959376,2000.0,0.01,0.0355,0.054,0.0815,0.01,0.0227242553463661,0.0287075818077209,0.0357086371803829,2000.0,gpt2_rqvae_count_final_test2000,,0,10,C:\Users\Admin\Documents\GitHub\plum_sid_coursework/checkpoints/rqvae_longitudinal_l4/rqvae_l4_seed0_epoch010.pt,0.3473382680253549,0.4453820884227752,0.4453820884227752,10,4,256,epoch_010,10,0.3473382680253549,0.0020704314176162,0.0022004750472578,3.4306735450571235,3.954368352890015,5.175180912017822,6.458446979522705,7.078859329223633,5.666713893413544,1.2036120568386837,3.954368352890015,7.078859329223633,22.66685557365417,34.0,65.0,154.0,238.0,122.75,79.79779132281796,34.0,238.0,491.0,0.4453820884227752,0.0019464154029265,0.0038410744164139,4.395946025848389,3.978995323181152,5.0251898765563965,6.185868740081787,6.742838382720947,5.483223080635071,1.066868922867475,3.978995323181152,6.742838382720947,21.932892322540283,27.0,56.0,117.0,175.0,93.75,57.05863212520959,27.0,175.0,375.0,8589.0,3512.0,46.0,0.7097760515659863,0.9467541575431824,1.9997823983430862e-06,0.0057951805023297
rq0_epoch_010_ep10_count_gpt2,completed,0,epoch_010,10,2,count,1072.0,5.0,46.0,12101.0,0.0,40.0,1.4981609691273083,40.0,5.52,/workspace/Data_hetero/rqvae_l4_seed0_epoch010.pt,gpt2_rqvae_count_final_test2000/rq0_epoch_010_ep10_count_gpt2,0.023,0.0715,0.1045,0.1475,0.023,0.0457262407321979,0.0564210173192997,0.067178173750768,2000.0,0.013,0.0365,0.0645,0.0935,0.013,0.0248234785434664,0.0337452949723969,0.0411253382745821,2000.0,gpt2_rqvae_count_final_test2000,,0,10,C:\Users\Admin\Documents\GitHub\plum_sid_coursework/checkpoints/rqvae_longitudinal_l4/rqvae_l4_seed0_epoch010.pt,0.3473382680253549,0.4453820884227752,0.4453820884227752,10,4,256,epoch_010,10,0.3473382680253549,0.0020704314176162,0.0022004750472578,3.4306735450571235,3.954368352890015,5.175180912017822,6.458446979522705,7.078859329223633,5.666713893413544,1.2036120568386837,3.954368352890015,7.078859329223633,22.66685557365417,34.0,65.0,154.0,238.0,122.75,79.79779132281796,34.0,238.0,491.0,0.4453820884227752,0.0019464154029265,0.0038410744164139,4.395946025848389,3.978995323181152,5.0251898765563965,6.185868740081787,6.742838382720947,5.483223080635071,1.066868922867475,3.978995323181152,6.742838382720947,21.932892322540283,27.0,56.0,117.0,175.0,93.75,57.05863212520959,27.0,175.0,375.0,8589.0,3512.0,46.0,0.7097760515659863,0.9467541575431824,1.9997823983430862e-06,0.0057951805023297
rq1_epoch_010_ep10_count_gpt0,completed,1,epoch_010,10,0,count,1122.0,5.0,96.0,12101.0,0.0,40.0,1.50680180571296,40.0,5.05,/workspace/Data_hetero/rqvae_l4_seed1_epoch010.pt,gpt2_rqvae_count_final_test2000/rq1_epoch_010_ep10_count_gpt0,0.017,0.0605,0.0945,0.143,0.017,0.0390142335943118,0.0498049942767466,0.0619360096923947,2000.0,0.0075,0.03,0.047,0.08,0.0075,0.0188329113228145,0.0241851953614696,0.032479286691361,2000.0,gpt2_rqvae_count_final_test2000,,1,10,C:\Users\Admin\Documents\GitHub\plum_sid_coursework/checkpoints/rqvae_longitudinal_l4/rqvae_l4_seed1_epoch010.pt,0.3698514997959137,0.4621277749538421,0.4621277749538421,10,4,256,epoch_010,10,0.3698514997959137,0.0020284733459861,0.0035833482080223,3.642396699298512,4.342733860015869,4.279773712158203,5.519895553588867,7.178600311279297,5.330250859260559,1.1759095274771767,4.279773712158203,7.178600311279297,21.32100343704224,36.0,55.0,96.0,244.0,107.75,81.59771749258677,36.0,244.0,431.0,0.4621277749538421,0.0019161570817232,0.0052633467130362,4.549482822418213,4.312587261199951,3.7456557750701904,5.077202320098877,6.624076843261719,4.939880549907684,1.0810925152374031,3.7456557750701904,6.624076843261719,19.759522199630737,26.0,26.0,62.0,168.0,70.5,58.17860431464474,26.0,168.0,282.0,6820.0,5281.0,96.0,0.5635897859681018,0.9205580949783324,1.5879049897193909e-06,0.007216598389665
rq1_epoch_010_ep10_count_gpt1,completed,1,epoch_010,10,1,count,1122.0,5.0,96.0,12101.0,0.0,40.0,1.501261461864818,40.0,5.27,/workspace/Data_hetero/rqvae_l4_seed1_epoch010.pt,gpt2_rqvae_count_final_test2000/rq1_epoch_010_ep10_count_gpt1,0.019,0.05,0.08,0.1205,0.019,0.0343012174910221,0.0440518182485676,0.0542382893313253,2000.0,0.0075,0.0285,0.05,0.0805,0.0075,0.0179851983906126,0.0248307932311655,0.0324835402865598,2000.0,gpt2_rqvae_count_final_test2000,,1,10,C:\Users\Admin\Documents\GitHub\plum_sid_coursework/checkpoints/rqvae_longitudinal_l4/rqvae_l4_seed1_epoch010.pt,0.3698514997959137,0.4621277749538421,0.4621277749538421,10,4,256,epoch_010,10,0.3698514997959137,0.0020284733459861,0.0035833482080223,3.642396699298512,4.342733860015869,4.279773712158203,5.519895553588867,7.178600311279297,5.330250859260559,1.1759095274771767,4.279773712158203,7.178600311279297,21.32100343704224,36.0,55.0,96.0,244.0,107.75,81.59771749258677,36.0,244.0,431.0,0.4621277749538421,0.0019161570817232,0.0052633467130362,4.549482822418213,4.312587261199951,3.7456557750701904,5.077202320098877,6.624076843261719,4.939880549907684,1.0810925152374031,3.7456557750701904,6.624076843261719,19.759522199630737,26.0,26.0,62.0,168.0,70.5,58.17860431464474,26.0,168.0,282.0,6820.0,5281.0,96.0,0.5635897859681018,0.9205580949783324,1.5879049897193909e-06,0.007216598389665
rq1_epoch_010_ep10_count_gpt2,completed,1,epoch_010,10,2,count,1122.0,5.0,96.0,12101.0,0.0,39.0,1.5083586465228689,40.0,5.48,/workspace/Data_hetero/rqvae_l4_seed1_epoch010.pt,gpt2_rqvae_count_final_test2000/rq1_epoch_010_ep10_count_gpt2,0.0195,0.0645,0.099,0.144,0.0195,0.0420432426735155,0.0530888044022944,0.0644495491141157,2000.0,0.0105,0.0385,0.056,0.0835,0.0105,0.0244836881257142,0.0300598496948434,0.0369886355892223,2000.0,gpt2_rqvae_count_final_test2000,,1,10,C:\Users\Admin\Documents\GitHub\plum_sid_coursework/checkpoints/rqvae_longitudinal_l4/rqvae_l4_seed1_epoch010.pt,0.3698514997959137,0.4621277749538421,0.4621277749538421,10,4,256,epoch_010,10,0.3698514997959137,0.0020284733459861,0.0035833482080223,3.642396699298512,4.342733860015869,4.279773712158203,5.519895553588867,7.178600311279297,5.330250859260559,1.1759095274771767,4.279773712158203,7.178600311279297,21.32100343704224,36.0,55.0,96.0,244.0,107.75,81.59771749258677,36.0,244.0,431.0,0.4621277749538421,0.0019161570817232,0.0052633467130362,4.549482822418213,4.312587261199951,3.7456557750701904,5.077202320098877,6.624076843261719,4.939880549907684,1.0810925152374031,3.7456557750701904,6.624076843261719,19.759522199630737,26.0,26.0,62.0,168.0,70.5,58.17860431464474,26.0,168.0,282.0,6820.0,5281.0,96.0,0.5635897859681018,0.9205580949783324,1.5879049897193909e-06,0.007216598389665
rq2_epoch_010_ep10_count_gpt0,completed,2,epoch_010,10,0,count,1093.0,5.0,67.0,12101.0,0.0,40.0,1.5028769102963535,40.0,5.49,/workspace/Data_hetero/rqvae_l4_seed2_epoch010.pt,gpt2_rqvae_count_final_test2000/rq2_epoch_010_ep10_count_gpt0,0.012,0.0555,0.091,0.1405,0.012,0.0334706802553765,0.0447635739889092,0.0574039268189781,2000.0,0.008,0.0295,0.0495,0.08,0.008,0.0185281314654815,0.0249685035731802,0.0325951940735793,2000.0,gpt2_rqvae_count_final_test2000,,2,10,C:\Users\Admin\Documents\GitHub\plum_sid_coursework/checkpoints/rqvae_longitudinal_l4/rqvae_l4_seed2_epoch010.pt,0.3654334992170334,0.4560513496398926,0.4560513496398926,10,4,256,epoch_010,10,0.3654334992170334,0.0021330741212957,0.0034720454502596,3.598283735188571,3.799540042877197,4.565379142761231,6.511020660400391,7.062547206878662,5.48462176322937,1.3442331272309012,3.799540042877197,7.062547206878662,21.93848705291748,19.0,63.0,162.0,229.0,118.25,82.2841874238301,19.0,229.0,473.0,0.4560513496398926,0.002015636768192,0.0040858285501599,4.4994988441467285,3.7559969425201416,4.074499607086182,6.221206188201904,6.854953765869141,5.226664125919342,1.3351765901934547,3.7559969425201416,6.854953765869141,20.906656503677368,17.0,27.0,106.0,155.0,76.25,57.05863212520959,17.0,155.0,305.0,7540.0,4561.0,67.0,0.6230890009090158,0.9354512691497804,1.755543053150177e-06,0.0061666626531226
rq2_epoch_010_ep10_count_gpt1,completed,2,epoch_010,10,1,count,1093.0,5.0,67.0,12101.0,0.0,40.0,1.504296757958152,40.0,4.86,/workspace/Data_hetero/rqvae_l4_seed2_epoch010.pt,gpt2_rqvae_count_final_test2000/rq2_epoch_010_ep10_count_gpt1,0.0155,0.0555,0.0905,0.1265,0.0155,0.0354159007356124,0.0466847721992401,0.0556994813233566,2000.0,0.009,0.0305,0.05,0.0785,0.009,0.0199599825112451,0.026204256960737,0.0334087715605831,2000.0,gpt2_rqvae_count_final_test2000,,2,10,C:\Users\Admin\Documents\GitHub\plum_sid_coursework/checkpoints/rqvae_longitudinal_l4/rqvae_l4_seed2_epoch010.pt,0.3654334992170334,0.4560513496398926,0.4560513496398926,10,4,256,epoch_010,10,0.3654334992170334,0.0021330741212957,0.0034720454502596,3.598283735188571,3.799540042877197,4.565379142761231,6.511020660400391,7.062547206878662,5.48462176322937,1.3442331272309012,3.799540042877197,7.062547206878662,21.93848705291748,19.0,63.0,162.0,229.0,118.25,82.2841874238301,19.0,229.0,473.0,0.4560513496398926,0.002015636768192,0.0040858285501599,4.4994988441467285,3.7559969425201416,4.074499607086182,6.221206188201904,6.854953765869141,5.226664125919342,1.3351765901934547,3.7559969425201416,6.854953765869141,20.906656503677368,17.0,27.0,106.0,155.0,76.25,57.05863212520959,17.0,155.0,305.0,7540.0,4561.0,67.0,0.6230890009090158,0.9354512691497804,1.755543053150177e-06,0.0061666626531226
rq2_epoch_010_ep10_count_gpt2,completed,2,epoch_010,10,2,count,1093.0,5.0,67.0,12101.0,0.0,40.0,1.5000097914175554,40.0,4.86,/workspace/Data_hetero/rqvae_l4_seed2_epoch010.pt,gpt2_rqvae_count_final_test2000/rq2_epoch_010_ep10_count_gpt2,0.019,0.066,0.0975,0.146,0.019,0.0436857745845741,0.0537948731799784,0.0659171130550927,2000.0,0.0085,0.036,0.055,0.0815,0.0085,0.0222334173762416,0.0284040260040704,0.035144031804754,2000.0,gpt2_rqvae_count_final_test2000,,2,10,C:\Users\Admin\Documents\GitHub\plum_sid_coursework/checkpoints/rqvae_longitudinal_l4/rqvae_l4_seed2_epoch010.pt,0.3654334992170334,0.4560513496398926,0.4560513496398926,10,4,256,epoch_010,10,0.3654334992170334,0.0021330741212957,0.0034720454502596,3.598283735188571,3.799540042877197,4.565379142761231,6.511020660400391,7.062547206878662,5.48462176322937,1.3442331272309012,3.799540042877197,7.062547206878662,21.93848705291748,19.0,63.0,162.0,229.0,118.25,82.2841874238301,19.0,229.0,473.0,0.4560513496398926,0.002015636768192,0.0040858285501599,4.4994988441467285,3.7559969425201416,4.074499607086182,6.221206188201904,6.854953765869141,5.226664125919342,1.3351765901934547,3.7559969425201416,6.854953765869141,20.906656503677368,17.0,27.0,106.0,155.0,76.25,57.05863212520959,17.0,155.0,305.0,7540.0,4561.0,67.0,0.6230890009090158,0.9354512691497804,1.755543053150177e-06,0.0061666626531226
rq0_epoch_005_ep5_count_gpt0,completed,0,epoch_005,5,0,count,1111.0,5.0,85.0,12101.0,0.0,40.0,1.5212784192778848,40.0,5.24,/workspace/Data_hetero/rqvae_l4_seed0_epoch005.pt,gpt2_rqvae_count_final_test2000/rq0_epoch_005_ep5_count_gpt0,0.0175,0.0555,0.091,0.133,0.0175,0.0367514837487679,0.0482543031717533,0.0587922537629808,2000.0,0.007,0.0285,0.0455,0.0755,0.007,0.0174887077787286,0.0229570711165029,0.0306114894172176,2000.0,gpt2_rqvae_count_final_test2000,,0,5,C:\Users\Admin\Documents\GitHub\plum_sid_coursework/checkpoints/rqvae_longitudinal_l4/rqvae_l4_seed0_epoch005.pt,0.3807777681133963,0.4768505096435547,0.4768505096435547,5,4,256,epoch_005,5,0.3807777681133963,0.0024441405707462,0.0043069067337042,3.740267190066251,3.0339674949646,4.068429470062256,5.759461879730225,6.7465667724609375,4.902106404304504,1.4423984085733277,3.0339674949646,6.7465667724609375,19.608425617218018,26.0,76.0,150.0,236.0,122.0,79.23383115816122,26.0,236.0,488.0,0.4768505096435547,0.0023082920815795,0.0056226127780973,4.6891961097717285,3.11327862739563,3.727672576904297,5.460498332977295,6.41253662109375,4.678496539592743,1.3202646637884696,3.11327862739563,6.41253662109375,18.71398615837097,15.0,23.0,77.0,146.0,65.25,52.36590016413353,15.0,146.0,261.0,4656.0,7445.0,85.0,0.3847615899512437,0.902444064617157,1.084059476852417e-06,0.0079464811438473
rq0_epoch_005_ep5_count_gpt1,completed,0,epoch_005,5,1,count,1111.0,5.0,85.0,12101.0,0.0,40.0,1.5208492279052734,40.0,5.52,/workspace/Data_hetero/rqvae_l4_seed0_epoch005.pt,gpt2_rqvae_count_final_test2000/rq0_epoch_005_ep5_count_gpt1,0.0125,0.051,0.078,0.12,0.0125,0.0314955472952881,0.0402022754227046,0.0507525027708132,2000.0,0.006,0.025,0.041,0.0695,0.006,0.0155903577036237,0.0206860715301756,0.0277485853374564,2000.0,gpt2_rqvae_count_final_test2000,,0,5,C:\Users\Admin\Documents\GitHub\plum_sid_coursework/checkpoints/rqvae_longitudinal_l4/rqvae_l4_seed0_epoch005.pt,0.3807777681133963,0.4768505096435547,0.4768505096435547,5,4,256,epoch_005,5,0.3807777681133963,0.0024441405707462,0.0043069067337042,3.740267190066251,3.0339674949646,4.068429470062256,5.759461879730225,6.7465667724609375,4.902106404304504,1.4423984085733277,3.0339674949646,6.7465667724609375,19.608425617218018,26.0,76.0,150.0,236.0,122.0,79.23383115816122,26.0,236.0,488.0,0.4768505096435547,0.0023082920815795,0.0056226127780973,4.6891961097717285,3.11327862739563,3.727672576904297,5.460498332977295,6.41253662109375,4.678496539592743,1.3202646637884696,3.11327862739563,6.41253662109375,18.71398615837097,15.0,23.0,77.0,146.0,65.25,52.36590016413353,15.0,146.0,261.0,4656.0,7445.0,85.0,0.3847615899512437,0.902444064617157,1.084059476852417e-06,0.0079464811438473
rq0_epoch_005_ep5_count_gpt2,completed,0,epoch_005,5,2,count,1111.0,5.0,85.0,12101.0,0.0,40.0,1.5272022973407398,40.0,6.34,/workspace/Data_hetero/rqvae_l4_seed0_epoch005.pt,gpt2_rqvae_count_final_test2000/rq0_epoch_005_ep5_count_gpt2,0.0185,0.0595,0.09,0.135,0.0185,0.0385500560655796,0.0484522677449439,0.0598308003852644,2000.0,0.009,0.032,0.05,0.0795,0.009,0.0200242598380929,0.0258013658677129,0.0331566916204726,2000.0,gpt2_rqvae_count_final_test2000,,0,5,C:\Users\Admin\Documents\GitHub\plum_sid_coursework/checkpoints/rqvae_longitudinal_l4/rqvae_l4_seed0_epoch005.pt,0.3807777681133963,0.4768505096435547,0.4768505096435547,5,4,256,epoch_005,5,0.3807777681133963,0.0024441405707462,0.0043069067337042,3.740267190066251,3.0339674949646,4.068429470062256,5.759461879730225,6.7465667724609375,4.902106404304504,1.4423984085733277,3.0339674949646,6.7465667724609375,19.608425617218018,26.0,76.0,150.0,236.0,122.0,79.23383115816122,26.0,236.0,488.0,0.4768505096435547,0.0023082920815795,0.0056226127780973,4.6891961097717285,3.11327862739563,3.727672576904297,5.460498332977295,6.41253662109375,4.678496539592743,1.3202646637884696,3.11327862739563,6.41253662109375,18.71398615837097,15.0,23.0,77.0,146.0,65.25,52.36590016413353,15.0,146.0,261.0,4656.0,7445.0,85.0,0.3847615899512437,0.902444064617157,1.084059476852417e-06,0.0079464811438473
rq1_epoch_005_ep5_count_gpt0,completed,1,epoch_005,5,0,count,1283.0,5.0,257.0,12101.0,0.0,40.0,1.5395311442288486,40.0,6.72,/workspace/Data_hetero/rqvae_l4_seed1_epoch005.pt,gpt2_rqvae_count_final_test2000/rq1_epoch_005_ep5_count_gpt0,0.0155,0.05,0.0825,0.1225,0.0155,0.0332443865449836,0.0436410244555382,0.0535965084863618,2000.0,0.0055,0.0275,0.045,0.065,0.0055,0.0165696199783256,0.0220768297776844,0.0272159334211065,2000.0,gpt2_rqvae_count_final_test2000,,1,5,C:\Users\Admin\Documents\GitHub\plum_sid_coursework/checkpoints/rqvae_longitudinal_l4/rqvae_l4_seed1_epoch005.pt,0.4455242942680012,0.5247815251350403,0.5247815251350403,5,4,256,epoch_005,5,0.4455242942680012,0.0027090404923497,0.0139738165519454,4.288414348255504,1.645602464675903,2.2952449321746826,3.5367467403411865,5.82188081741333,3.324868738651276,1.5937394714050808,1.645602464675903,5.82188081741333,13.299474954605104,10.0,18.0,62.0,196.0,71.5,74.55702515524611,10.0,196.0,286.0,0.5247815251350403,0.0025639522355049,0.0183382239192724,5.038793563842773,2.0094008445739746,2.629591226577759,3.6871376037597656,5.863180160522461,3.54732745885849,1.4654503297098722,2.0094008445739746,5.863180160522461,14.18930983543396,7.0,17.0,38.0,119.0,45.25,44.02485093671528,7.0,119.0,181.0,1615.0,10486.0,257.0,0.1334600446244112,0.862869381904602,3.7602148950099945e-07,0.0209626313985445
rq1_epoch_005_ep5_count_gpt1,completed,1,epoch_005,5,1,count,1283.0,5.0,257.0,12101.0,0.0,40.0,1.5490829402750188,40.0,6.66,/workspace/Data_hetero/rqvae_l4_seed1_epoch005.pt,gpt2_rqvae_count_final_test2000/rq1_epoch_005_ep5_count_gpt1,0.011,0.042,0.073,0.1125,0.011,0.0265320030928701,0.0363390410522448,0.0462180290063251,2000.0,0.009,0.0285,0.044,0.062,0.009,0.0186673198482798,0.0237103268852177,0.0281581940469882,2000.0,gpt2_rqvae_count_final_test2000,,1,5,C:\Users\Admin\Documents\GitHub\plum_sid_coursework/checkpoints/rqvae_longitudinal_l4/rqvae_l4_seed1_epoch005.pt,0.4455242942680012,0.5247815251350403,0.5247815251350403,5,4,256,epoch_005,5,0.4455242942680012,0.0027090404923497,0.0139738165519454,4.288414348255504,1.645602464675903,2.2952449321746826,3.5367467403411865,5.82188081741333,3.324868738651276,1.5937394714050808,1.645602464675903,5.82188081741333,13.299474954605104,10.0,18.0,62.0,196.0,71.5,74.55702515524611,10.0,196.0,286.0,0.5247815251350403,0.0025639522355049,0.0183382239192724,5.038793563842773,2.0094008445739746,2.629591226577759,3.6871376037597656,5.863180160522461,3.54732745885849,1.4654503297098722,2.0094008445739746,5.863180160522461,14.18930983543396,7.0,17.0,38.0,119.0,45.25,44.02485093671528,7.0,119.0,181.0,1615.0,10486.0,257.0,0.1334600446244112,0.862869381904602,3.7602148950099945e-07,0.0209626313985445
rq1_epoch_005_ep5_count_gpt2,completed,1,epoch_005,5,2,count,1283.0,5.0,257.0,12101.0,0.0,40.0,1.5407636653293262,40.0,6.37,/workspace/Data_hetero/rqvae_l4_seed1_epoch005.pt,gpt2_rqvae_count_final_test2000/rq1_epoch_005_ep5_count_gpt2,0.016,0.054,0.0825,0.1245,0.016,0.0355637099869102,0.0449199303041335,0.0554710545207421,2000.0,0.008,0.032,0.0475,0.064,0.008,0.020793862937582,0.025736367791143,0.029908886787486,2000.0,gpt2_rqvae_count_final_test2000,,1,5,C:\Users\Admin\Documents\GitHub\plum_sid_coursework/checkpoints/rqvae_longitudinal_l4/rqvae_l4_seed1_epoch005.pt,0.4455242942680012,0.5247815251350403,0.5247815251350403,5,4,256,epoch_005,5,0.4455242942680012,0.0027090404923497,0.0139738165519454,4.288414348255504,1.645602464675903,2.2952449321746826,3.5367467403411865,5.82188081741333,3.324868738651276,1.5937394714050808,1.645602464675903,5.82188081741333,13.299474954605104,10.0,18.0,62.0,196.0,71.5,74.55702515524611,10.0,196.0,286.0,0.5247815251350403,0.0025639522355049,0.0183382239192724,5.038793563842773,2.0094008445739746,2.629591226577759,3.6871376037597656,5.863180160522461,3.54732745885849,1.4654503297098722,2.0094008445739746,5.863180160522461,14.18930983543396,7.0,17.0,38.0,119.0,45.25,44.02485093671528,7.0,119.0,181.0,1615.0,10486.0,257.0,0.1334600446244112,0.862869381904602,3.7602148950099945e-07,0.0209626313985445
rq2_epoch_005_ep5_count_gpt0,completed,2,epoch_005,5,0,count,1196.0,5.0,170.0,12101.0,0.0,40.0,1.5318594683300366,40.0,5.61,/workspace/Data_hetero/rqvae_l4_seed2_epoch005.pt,gpt2_rqvae_count_final_test2000/rq2_epoch_005_ep5_count_gpt0,0.0155,0.0485,0.0825,0.1275,0.0155,0.0317354818647638,0.0427806017908415,0.0539883177313859,2000.0,0.006,0.025,0.0425,0.07,0.006,0.0152899779103766,0.0209051650021152,0.0277970143312306,2000.0,gpt2_rqvae_count_final_test2000,,2,5,C:\Users\Admin\Documents\GitHub\plum_sid_coursework/checkpoints/rqvae_longitudinal_l4/rqvae_l4_seed2_epoch005.pt,0.4144455858252265,0.5100703835487366,0.5100703835487366,5,4,256,epoch_005,5,0.4144455858252265,0.0024589154318991,0.0070742019875483,4.049124641851946,2.227336406707764,3.359623670578003,5.515270233154297,6.366144180297852,4.367093622684479,1.6513683196402722,2.227336406707764,6.366144180297852,17.468374490737915,6.0,27.0,103.0,202.0,84.5,76.83911764199274,6.0,202.0,338.0,0.5100703835487366,0.0022925247903913,0.0090598929673433,4.987179756164551,2.429827690124512,3.1836156845092773,5.296849727630615,6.133090019226074,4.26084578037262,1.5076185355473442,2.429827690124512,6.133090019226074,17.04338312149048,7.0,20.0,75.0,113.0,53.75,42.681231238098086,7.0,113.0,215.0,3865.0,8236.0,170.0,0.3193950913147674,0.8991634249687195,8.998904377222061e-07,0.0112778866543436
rq2_epoch_005_ep5_count_gpt1,completed,2,epoch_005,5,1,count,1196.0,5.0,170.0,12101.0,0.0,40.0,1.541769417849454,40.0,5.45,/workspace/Data_hetero/rqvae_l4_seed2_epoch005.pt,gpt2_rqvae_count_final_test2000/rq2_epoch_005_ep5_count_gpt1,0.0165,0.0495,0.076,0.109,0.0165,0.0325402613845279,0.0411710786601095,0.049453175134703,2000.0,0.013,0.0325,0.048,0.0695,0.013,0.0224138101225948,0.0274257156909133,0.0327442947478439,2000.0,gpt2_rqvae_count_final_test2000,,2,5,C:\Users\Admin\Documents\GitHub\plum_sid_coursework/checkpoints/rqvae_longitudinal_l4/rqvae_l4_seed2_epoch005.pt,0.4144455858252265,0.5100703835487366,0.5100703835487366,5,4,256,epoch_005,5,0.4144455858252265,0.0024589154318991,0.0070742019875483,4.049124641851946,2.227336406707764,3.359623670578003,5.515270233154297,6.366144180297852,4.367093622684479,1.6513683196402722,2.227336406707764,6.366144180297852,17.468374490737915,6.0,27.0,103.0,202.0,84.5,76.83911764199274,6.0,202.0,338.0,0.5100703835487366,0.0022925247903913,0.0090598929673433,4.987179756164551,2.429827690124512,3.1836156845092773,5.296849727630615,6.133090019226074,4.26084578037262,1.5076185355473442,2.429827690124512,6.133090019226074,17.04338312149048,7.0,20.0,75.0,113.0,53.75,42.681231238098086,7.0,113.0,215.0,3865.0,8236.0,170.0,0.3193950913147674,0.8991634249687195,8.998904377222061e-07,0.0112778866543436
rq2_epoch_005_ep5_count_gpt2,completed,2,epoch_005,5,2,count,1196.0,5.0,170.0,12101.0,0.0,40.0,1.5371664058078418,40.0,6.57,/workspace/Data_hetero/rqvae_l4_seed2_epoch005.pt,gpt2_rqvae_count_final_test2000/rq2_epoch_005_ep5_count_gpt2,0.017,0.0605,0.0945,0.126,0.017,0.039046481649728,0.0500747236304997,0.0580273073221917,2000.0,0.0075,0.0325,0.0535,0.078,0.0075,0.0201442468849868,0.0270304394547692,0.0331268322830453,2000.0,gpt2_rqvae_count_final_test2000,,2,5,C:\Users\Admin\Documents\GitHub\plum_sid_coursework/checkpoints/rqvae_longitudinal_l4/rqvae_l4_seed2_epoch005.pt,0.4144455858252265,0.5100703835487366,0.5100703835487366,5,4,256,epoch_005,5,0.4144455858252265,0.0024589154318991,0.0070742019875483,4.049124641851946,2.227336406707764,3.359623670578003,5.515270233154297,6.366144180297852,4.367093622684479,1.6513683196402722,2.227336406707764,6.366144180297852,17.468374490737915,6.0,27.0,103.0,202.0,84.5,76.83911764199274,6.0,202.0,338.0,0.5100703835487366,0.0022925247903913,0.0090598929673433,4.987179756164551,2.429827690124512,3.1836156845092773,5.296849727630615,6.133090019226074,4.26084578037262,1.5076185355473442,2.429827690124512,6.133090019226074,17.04338312149048,7.0,20.0,75.0,113.0,53.75,42.681231238098086,7.0,113.0,215.0,3865.0,8236.0,170.0,0.3193950913147674,0.8991634249687195,8.998904377222061e-07,0.0112778866543436
rq0_epoch_003_ep3_count_gpt0,completed,0,epoch_003,3,0,count,1343.0,5.0,317.0,12101.0,0.0,40.0,1.5377040397037158,40.0,6.96,/workspace/Data_hetero/rqvae_l4_seed0_epoch003.pt,gpt2_rqvae_count_final_test2000/rq0_epoch_003_ep3_count_gpt0,0.018,0.0535,0.08,0.1135,0.018,0.0359967217829783,0.0443514288379565,0.0526287240530044,2000.0,0.0055,0.028,0.048,0.0695,0.0055,0.0157523476251044,0.0221352048899201,0.0275536982178559,2000.0,gpt2_rqvae_count_final_test2000,,0,3,C:\Users\Admin\Documents\GitHub\plum_sid_coursework/checkpoints/rqvae_longitudinal_l4/rqvae_l4_seed0_epoch003.pt,0.4134250472892414,0.5105004906654358,0.5105004906654358,3,4,256,epoch_003,3,0.4134250472892414,0.0028698142004114,0.0065277997637167,4.040274262428284,2.093135356903076,2.8085639476776123,4.673008918762207,5.958927154541016,3.883408844470978,1.524107545845107,2.093135356903076,5.958927154541016,15.533635377883911,13.0,34.0,87.0,203.0,84.25,73.67284099313667,13.0,203.0,337.0,0.5105004906654358,0.0027220819611102,0.007719243876636,5.00059175491333,2.3419642448425293,2.977930784225464,4.681721210479736,6.000996112823486,4.000653088092804,1.4372226335428178,2.3419642448425293,6.000996112823486,16.002612352371216,9.0,17.0,52.0,125.0,50.75,45.81689099011412,9.0,125.0,203.0,1981.0,10120.0,317.0,0.1637054788860424,0.8733304142951965,4.6123750507831573e-07,0.0103558761688544
rq0_epoch_003_ep3_count_gpt1,completed,0,epoch_003,3,1,count,1343.0,5.0,317.0,12101.0,0.0,40.0,1.5373764742504468,40.0,7.03,/workspace/Data_hetero/rqvae_l4_seed0_epoch003.pt,gpt2_rqvae_count_final_test2000/rq0_epoch_003_ep3_count_gpt1,0.0125,0.043,0.076,0.1095,0.0125,0.0278335439739907,0.0382773686635047,0.0467098798144649,2000.0,0.0085,0.027,0.043,0.0665,0.0085,0.0176617456340726,0.022934553569949,0.0287995825352669,2000.0,gpt2_rqvae_count_final_test2000,,0,3,C:\Users\Admin\Documents\GitHub\plum_sid_coursework/checkpoints/rqvae_longitudinal_l4/rqvae_l4_seed0_epoch003.pt,0.4134250472892414,0.5105004906654358,0.5105004906654358,3,4,256,epoch_003,3,0.4134250472892414,0.0028698142004114,0.0065277997637167,4.040274262428284,2.093135356903076,2.8085639476776123,4.673008918762207,5.958927154541016,3.883408844470978,1.524107545845107,2.093135356903076,5.958927154541016,15.533635377883911,13.0,34.0,87.0,203.0,84.25,73.67284099313667,13.0,203.0,337.0,0.5105004906654358,0.0027220819611102,0.007719243876636,5.00059175491333,2.3419642448425293,2.977930784225464,4.681721210479736,6.000996112823486,4.000653088092804,1.4372226335428178,2.3419642448425293,6.000996112823486,16.002612352371216,9.0,17.0,52.0,125.0,50.75,45.81689099011412,9.0,125.0,203.0,1981.0,10120.0,317.0,0.1637054788860424,0.8733304142951965,4.6123750507831573e-07,0.0103558761688544
rq0_epoch_003_ep3_count_gpt2,completed,0,epoch_003,3,2,count,1343.0,5.0,317.0,12101.0,0.0,39.0,1.543437979438088,40.0,6.24,/workspace/Data_hetero/rqvae_l4_seed0_epoch003.pt,gpt2_rqvae_count_final_test2000/rq0_epoch_003_ep3_count_gpt2,0.021,0.0565,0.0815,0.1175,0.021,0.0394704101810419,0.0474974435352966,0.0565966046739131,2000.0,0.0085,0.027,0.044,0.065,0.0085,0.0185160149462518,0.0239988594757815,0.0293453690645644,2000.0,gpt2_rqvae_count_final_test2000,,0,3,C:\Users\Admin\Documents\GitHub\plum_sid_coursework/checkpoints/rqvae_longitudinal_l4/rqvae_l4_seed0_epoch003.pt,0.4134250472892414,0.5105004906654358,0.5105004906654358,3,4,256,epoch_003,3,0.4134250472892414,0.0028698142004114,0.0065277997637167,4.040274262428284,2.093135356903076,2.8085639476776123,4.673008918762207,5.958927154541016,3.883408844470978,1.524107545845107,2.093135356903076,5.958927154541016,15.533635377883911,13.0,34.0,87.0,203.0,84.25,73.67284099313667,13.0,203.0,337.0,0.5105004906654358,0.0027220819611102,0.007719243876636,5.00059175491333,2.3419642448425293,2.977930784225464,4.681721210479736,6.000996112823486,4.000653088092804,1.4372226335428178,2.3419642448425293,6.000996112823486,16.002612352371216,9.0,17.0,52.0,125.0,50.75,45.81689099011412,9.0,125.0,203.0,1981.0,10120.0,317.0,0.1637054788860424,0.8733304142951965,4.6123750507831573e-07,0.0103558761688544
rq1_epoch_003_ep3_count_gpt0,completed,1,epoch_003,3,0,count,2033.0,5.0,1007.0,12101.0,0.0,40.0,1.5129715204238892,40.0,8.83,/workspace/Data_hetero/rqvae_l4_seed1_epoch003.pt,gpt2_rqvae_count_final_test2000/rq1_epoch_003_ep3_count_gpt0,0.013,0.051,0.089,0.126,0.013,0.0314923083190756,0.0436024167039449,0.0530088200547106,2000.0,0.006,0.021,0.0385,0.064,0.006,0.0130139236580961,0.0185757892780045,0.0249900542637103,2000.0,gpt2_rqvae_count_final_test2000,,1,3,C:\Users\Admin\Documents\GitHub\plum_sid_coursework/checkpoints/rqvae_longitudinal_l4/rqvae_l4_seed1_epoch003.pt,0.5309907116673209,0.6026211380958557,0.6026211380958557,3,4,256,epoch_003,3,0.5309907116673209,0.0028766216816041,0.0259264227934181,5.021876638585871,-0.0,1.0246679782867432,2.0412497520446777,3.834630727767944,1.7251371145248413,1.4156840730408773,-0.0,3.834630727767944,6.900548458099365,1.0,4.0,6.0,77.0,22.0,31.804087787578503,1.0,77.0,88.0,0.6026211380958557,0.0025030716788023,0.024487879127264,5.7563018798828125,-0.0,1.039181351661682,2.202986240386963,3.5055267810821533,1.6869235932826996,1.3075663875655252,-0.0,3.5055267810821533,6.747694373130798,1.0,3.0,6.0,27.0,9.25,10.40132203135736,1.0,27.0,37.0,155.0,11946.0,1007.0,0.0128088587720023,0.8317640423774719,3.608874976634979e-08,0.0269999467685348
rq1_epoch_003_ep3_count_gpt1,completed,1,epoch_003,3,1,count,2033.0,5.0,1007.0,12101.0,0.0,40.0,1.51526339487596,40.0,7.61,/workspace/Data_hetero/rqvae_l4_seed1_epoch003.pt,gpt2_rqvae_count_final_test2000/rq1_epoch_003_ep3_count_gpt1,0.018,0.055,0.087,0.1185,0.018,0.0367390046526966,0.0471261807825731,0.054968321493363,2000.0,0.004,0.0265,0.038,0.0605,0.004,0.0152286554104521,0.0189825183236006,0.0246740932899101,2000.0,gpt2_rqvae_count_final_test2000,,1,3,C:\Users\Admin\Documents\GitHub\plum_sid_coursework/checkpoints/rqvae_longitudinal_l4/rqvae_l4_seed1_epoch003.pt,0.5309907116673209,0.6026211380958557,0.6026211380958557,3,4,256,epoch_003,3,0.5309907116673209,0.0028766216816041,0.0259264227934181,5.021876638585871,-0.0,1.0246679782867432,2.0412497520446777,3.834630727767944,1.7251371145248413,1.4156840730408773,-0.0,3.834630727767944,6.900548458099365,1.0,4.0,6.0,77.0,22.0,31.804087787578503,1.0,77.0,88.0,0.6026211380958557,0.0025030716788023,0.024487879127264,5.7563018798828125,-0.0,1.039181351661682,2.202986240386963,3.5055267810821533,1.6869235932826996,1.3075663875655252,-0.0,3.5055267810821533,6.747694373130798,1.0,3.0,6.0,27.0,9.25,10.40132203135736,1.0,27.0,37.0,155.0,11946.0,1007.0,0.0128088587720023,0.8317640423774719,3.608874976634979e-08,0.0269999467685348
rq1_epoch_003_ep3_count_gpt2,completed,1,epoch_003,3,2,count,2033.0,5.0,1007.0,12101.0,0.0,40.0,1.5056761394847522,40.0,7.55,/workspace/Data_hetero/rqvae_l4_seed1_epoch003.pt,gpt2_rqvae_count_final_test2000/rq1_epoch_003_ep3_count_gpt2,0.027,0.07,0.1045,0.142,0.027,0.0481679652241346,0.0593500767859283,0.0687439701690489,2000.0,0.0095,0.03,0.0475,0.0755,0.0095,0.019719222631104,0.0254045037272334,0.0324482247214659,2000.0,gpt2_rqvae_count_final_test2000,,1,3,C:\Users\Admin\Documents\GitHub\plum_sid_coursework/checkpoints/rqvae_longitudinal_l4/rqvae_l4_seed1_epoch003.pt,0.5309907116673209,0.6026211380958557,0.6026211380958557,3,4,256,epoch_003,3,0.5309907116673209,0.0028766216816041,0.0259264227934181,5.021876638585871,-0.0,1.0246679782867432,2.0412497520446777,3.834630727767944,1.7251371145248413,1.4156840730408773,-0.0,3.834630727767944,6.900548458099365,1.0,4.0,6.0,77.0,22.0,31.804087787578503,1.0,77.0,88.0,0.6026211380958557,0.0025030716788023,0.024487879127264,5.7563018798828125,-0.0,1.039181351661682,2.202986240386963,3.5055267810821533,1.6869235932826996,1.3075663875655252,-0.0,3.5055267810821533,6.747694373130798,1.0,3.0,6.0,27.0,9.25,10.40132203135736,1.0,27.0,37.0,155.0,11946.0,1007.0,0.0128088587720023,0.8317640423774719,3.608874976634979e-08,0.0269999467685348
rq2_epoch_003_ep3_count_gpt0,completed,2,epoch_003,3,0,count,1332.0,5.0,306.0,12101.0,0.0,39.0,1.5564799146218733,40.0,4.2,/workspace/Data_hetero/rqvae_l4_seed2_epoch003.pt,gpt2_rqvae_count_final_test2000/rq2_epoch_003_ep3_count_gpt0,0.01,0.0385,0.075,0.113,0.01,0.0245162853581553,0.0363325553433696,0.0458619191123704,2000.0,0.0055,0.026,0.0435,0.07,0.0055,0.0154140808720673,0.0210558926958777,0.0277277535457381,2000.0,gpt2_rqvae_count_final_test2000,,2,3,C:\Users\Admin\Documents\GitHub\plum_sid_coursework/checkpoints/rqvae_longitudinal_l4/rqvae_l4_seed2_epoch003.pt,0.4712424860759215,0.5448081493377686,0.5448081493377686,3,4,256,epoch_003,3,0.4712424860759215,0.0026799109658565,0.0097962820013477,4.587662848559293,1.6261920928955078,2.605032444000244,4.713809013366699,6.032341957092285,3.744343876838684,1.7291179389363154,1.6261920928955078,6.032341957092285,14.977375507354736,4.0,27.0,88.0,200.0,79.75,75.90907389765732,4.0,200.0,319.0,0.5448081493377686,0.0025266390293836,0.0135884117335081,5.286930561065674,1.8931281566619875,2.744009494781494,4.584963798522949,5.66491174697876,3.7217532992362976,1.4849957894145924,1.8931281566619875,5.66491174697876,14.88701319694519,4.0,13.0,43.0,111.0,42.75,41.96650450061335,4.0,111.0,171.0,1642.0,10459.0,306.0,0.1356912651846955,0.8639981746673584,3.8230791687965393e-07,0.0160985076523308
rq2_epoch_003_ep3_count_gpt1,completed,2,epoch_003,3,1,count,1332.0,5.0,306.0,12101.0,0.0,40.0,1.5591262199661948,40.0,4.22,/workspace/Data_hetero/rqvae_l4_seed2_epoch003.pt,gpt2_rqvae_count_final_test2000/rq2_epoch_003_ep3_count_gpt1,0.0125,0.043,0.075,0.1035,0.0125,0.0276164116183353,0.0378743414106966,0.0450624990861179,2000.0,0.0075,0.0245,0.0415,0.0695,0.0075,0.0156768307176112,0.0211313470511519,0.0281080783554478,2000.0,gpt2_rqvae_count_final_test2000,,2,3,C:\Users\Admin\Documents\GitHub\plum_sid_coursework/checkpoints/rqvae_longitudinal_l4/rqvae_l4_seed2_epoch003.pt,0.4712424860759215,0.5448081493377686,0.5448081493377686,3,4,256,epoch_003,3,0.4712424860759215,0.0026799109658565,0.0097962820013477,4.587662848559293,1.6261920928955078,2.605032444000244,4.713809013366699,6.032341957092285,3.744343876838684,1.7291179389363154,1.6261920928955078,6.032341957092285,14.977375507354736,4.0,27.0,88.0,200.0,79.75,75.90907389765732,4.0,200.0,319.0,0.5448081493377686,0.0025266390293836,0.0135884117335081,5.286930561065674,1.8931281566619875,2.744009494781494,4.584963798522949,5.66491174697876,3.7217532992362976,1.4849957894145924,1.8931281566619875,5.66491174697876,14.88701319694519,4.0,13.0,43.0,111.0,42.75,41.96650450061335,4.0,111.0,171.0,1642.0,10459.0,306.0,0.1356912651846955,0.8639981746673584,3.8230791687965393e-07,0.0160985076523308
rq2_epoch_003_ep3_count_gpt2,completed,2,epoch_003,3,2,count,1332.0,5.0,306.0,12101.0,0.0,40.0,1.5510165799747817,40.0,4.16,/workspace/Data_hetero/rqvae_l4_seed2_epoch003.pt,gpt2_rqvae_count_final_test2000/rq2_epoch_003_ep3_count_gpt2,0.0155,0.052,0.0765,0.116,0.0155,0.0340604710106977,0.042020190775478,0.0519690477722441,2000.0,0.008,0.029,0.0525,0.0765,0.008,0.0184167783493347,0.0259109338128276,0.0319054915837221,2000.0,gpt2_rqvae_count_final_test2000,,2,3,C:\Users\Admin\Documents\GitHub\plum_sid_coursework/checkpoints/rqvae_longitudinal_l4/rqvae_l4_seed2_epoch003.pt,0.4712424860759215,0.5448081493377686,0.5448081493377686,3,4,256,epoch_003,3,0.4712424860759215,0.0026799109658565,0.0097962820013477,4.587662848559293,1.6261920928955078,2.605032444000244,4.713809013366699,6.032341957092285,3.744343876838684,1.7291179389363154,1.6261920928955078,6.032341957092285,14.977375507354736,4.0,27.0,88.0,200.0,79.75,75.90907389765732,4.0,200.0,319.0,0.5448081493377686,0.0025266390293836,0.0135884117335081,5.286930561065674,1.8931281566619875,2.744009494781494,4.584963798522949,5.66491174697876,3.7217532992362976,1.4849957894145924,1.8931281566619875,5.66491174697876,14.88701319694519,4.0,13.0,43.0,111.0,42.75,41.96650450061335,4.0,111.0,171.0,1642.0,10459.0,306.0,0.1356912651846955,0.8639981746673584,3.8230791687965393e-07,0.0160985076523308
rq0_epoch_001_ep1_count_gpt0,completed,0,epoch_001,1,0,count,1853.0,5.0,827.0,12101.0,0.0,40.0,1.51564881476489,40.0,7.68,/workspace/Data_hetero/rqvae_l4_seed0_epoch001.pt,gpt2_rqvae_count_final_test2000/rq0_epoch_001_ep1_count_gpt0,0.019,0.05,0.0785,0.116,0.019,0.0344537883705405,0.0435370614685693,0.052936242308158,2000.0,0.006,0.023,0.043,0.067,0.006,0.014424766229089,0.0208083630941716,0.0268992426116831,2000.0,gpt2_rqvae_count_final_test2000,,0,1,C:\Users\Admin\Documents\GitHub\plum_sid_coursework/checkpoints/rqvae_longitudinal_l4/rqvae_l4_seed0_epoch001.pt,0.5911985662850466,0.5901392102241516,0.5901392102241516,1,4,256,epoch_001,1,0.5911985662850466,0.0416278661313382,0.0244333280081098,5.251373529434204,0.7497637867927551,3.09992790222168,4.010491847991943,5.566647529602051,3.3567077666521072,1.7445171390518388,0.7497637867927551,5.566647529602051,13.426831066608427,256.0,256.0,256.0,256.0,256.0,0.0,256.0,256.0,1024.0,0.5901392102241516,0.0073129963129758,0.0175153128802776,5.653108596801758,0.805287778377533,2.104227066040039,3.0754828453063965,4.211155414581299,2.549038276076317,1.2528268113931915,0.805287778377533,4.211155414581299,10.196153104305267,3.0,6.0,13.0,40.0,15.5,14.603081866510234,3.0,40.0,62.0,194.0,11907.0,827.0,0.0160317329146351,0.8174256086349487,4.5169144868850715e-08,0.0247538885898699
rq0_epoch_001_ep1_count_gpt1,completed,0,epoch_001,1,1,count,1853.0,5.0,827.0,12101.0,0.0,39.0,1.5096107829700818,40.0,7.76,/workspace/Data_hetero/rqvae_l4_seed0_epoch001.pt,gpt2_rqvae_count_final_test2000/rq0_epoch_001_ep1_count_gpt1,0.015,0.0465,0.069,0.104,0.015,0.0308915624699672,0.03814977654496,0.0468443870611172,2000.0,0.0025,0.0175,0.0375,0.0555,0.0025,0.0095716714046,0.0159682239502705,0.0204709523676159,2000.0,gpt2_rqvae_count_final_test2000,,0,1,C:\Users\Admin\Documents\GitHub\plum_sid_coursework/checkpoints/rqvae_longitudinal_l4/rqvae_l4_seed0_epoch001.pt,0.5911985662850466,0.5901392102241516,0.5901392102241516,1,4,256,epoch_001,1,0.5911985662850466,0.0416278661313382,0.0244333280081098,5.251373529434204,0.7497637867927551,3.09992790222168,4.010491847991943,5.566647529602051,3.3567077666521072,1.7445171390518388,0.7497637867927551,5.566647529602051,13.426831066608427,256.0,256.0,256.0,256.0,256.0,0.0,256.0,256.0,1024.0,0.5901392102241516,0.0073129963129758,0.0175153128802776,5.653108596801758,0.805287778377533,2.104227066040039,3.0754828453063965,4.211155414581299,2.549038276076317,1.2528268113931915,0.805287778377533,4.211155414581299,10.196153104305267,3.0,6.0,13.0,40.0,15.5,14.603081866510234,3.0,40.0,62.0,194.0,11907.0,827.0,0.0160317329146351,0.8174256086349487,4.5169144868850715e-08,0.0247538885898699
rq0_epoch_001_ep1_count_gpt2,completed,0,epoch_001,1,2,count,1853.0,5.0,827.0,12101.0,0.0,39.0,1.5113005313006314,40.0,7.7,/workspace/Data_hetero/rqvae_l4_seed0_epoch001.pt,gpt2_rqvae_count_final_test2000/rq0_epoch_001_ep1_count_gpt2,0.0165,0.066,0.0945,0.1275,0.0165,0.0402312737850291,0.0494771993537937,0.0577620235597777,2000.0,0.009,0.026,0.0435,0.0615,0.009,0.0171806892827521,0.0226450043628842,0.0272788014827071,2000.0,gpt2_rqvae_count_final_test2000,,0,1,C:\Users\Admin\Documents\GitHub\plum_sid_coursework/checkpoints/rqvae_longitudinal_l4/rqvae_l4_seed0_epoch001.pt,0.5911985662850466,0.5901392102241516,0.5901392102241516,1,4,256,epoch_001,1,0.5911985662850466,0.0416278661313382,0.0244333280081098,5.251373529434204,0.7497637867927551,3.09992790222168,4.010491847991943,5.566647529602051,3.3567077666521072,1.7445171390518388,0.7497637867927551,5.566647529602051,13.426831066608427,256.0,256.0,256.0,256.0,256.0,0.0,256.0,256.0,1024.0,0.5901392102241516,0.0073129963129758,0.0175153128802776,5.653108596801758,0.805287778377533,2.104227066040039,3.0754828453063965,4.211155414581299,2.549038276076317,1.2528268113931915,0.805287778377533,4.211155414581299,10.196153104305267,3.0,6.0,13.0,40.0,15.5,14.603081866510234,3.0,40.0,62.0,194.0,11907.0,827.0,0.0160317329146351,0.8174256086349487,4.5169144868850715e-08,0.0247538885898699
rq2_epoch_001_ep1_count_gpt0,completed,2,epoch_001,1,0,count,2480.0,5.0,1454.0,12101.0,0.0,40.0,1.4792778925462202,40.0,7.46,/workspace/Data_hetero/rqvae_l4_seed2_epoch001.pt,gpt2_rqvae_count_final_test2000/rq2_epoch_001_ep1_count_gpt0,0.0185,0.0555,0.084,0.12,0.0185,0.0374683453549507,0.0464914358643085,0.0555601344932207,2000.0,0.0075,0.0265,0.041,0.065,0.0075,0.016942548789895,0.021553357800364,0.0275328593348973,2000.0,gpt2_rqvae_count_final_test2000,,2,1,C:\Users\Admin\Documents\GitHub\plum_sid_coursework/checkpoints/rqvae_longitudinal_l4/rqvae_l4_seed2_epoch001.pt,0.6561891626227986,0.6401509642601013,0.6401509642601013,1,4,256,epoch_001,1,0.6561891626227986,0.0403938122855668,0.0185093050663867,5.972860379652544,0.6450104117393494,2.421855926513672,3.722626209259033,4.879775047302246,2.917316898703575,1.5738982985196102,0.6450104117393494,4.879775047302246,11.6692675948143,256.0,256.0,256.0,256.0,256.0,0.0,256.0,256.0,1024.0,0.6401509642601013,0.0046213055029511,0.0222067683935165,6.133228778839111,-0.0,1.7488737106323242,2.42435073852539,4.008086204528809,2.045327663421631,1.4376482340121035,-0.0,4.008086204528809,8.181310653686523,1.0,4.0,8.0,37.0,12.5,14.361406616345072,1.0,37.0,50.0,138.0,11963.0,1454.0,0.0114040161970085,0.8168667554855347,3.2130628824234015e-08,0.0269524267988639
rq2_epoch_001_ep1_count_gpt1,completed,2,epoch_001,1,1,count,2480.0,5.0,1454.0,12101.0,0.0,40.0,1.4920213330875745,40.0,8.11,/workspace/Data_hetero/rqvae_l4_seed2_epoch001.pt,gpt2_rqvae_count_final_test2000/rq2_epoch_001_ep1_count_gpt1,0.0185,0.06,0.0855,0.1255,0.0185,0.0396220773223426,0.0477056673050219,0.0577199815060653,2000.0,0.0075,0.0265,0.0405,0.0625,0.0075,0.0167719246000981,0.021297465814842,0.0269030267802586,2000.0,gpt2_rqvae_count_final_test2000,,2,1,C:\Users\Admin\Documents\GitHub\plum_sid_coursework/checkpoints/rqvae_longitudinal_l4/rqvae_l4_seed2_epoch001.pt,0.6561891626227986,0.6401509642601013,0.6401509642601013,1,4,256,epoch_001,1,0.6561891626227986,0.0403938122855668,0.0185093050663867,5.972860379652544,0.6450104117393494,2.421855926513672,3.722626209259033,4.879775047302246,2.917316898703575,1.5738982985196102,0.6450104117393494,4.879775047302246,11.6692675948143,256.0,256.0,256.0,256.0,256.0,0.0,256.0,256.0,1024.0,0.6401509642601013,0.0046213055029511,0.0222067683935165,6.133228778839111,-0.0,1.7488737106323242,2.42435073852539,4.008086204528809,2.045327663421631,1.4376482340121035,-0.0,4.008086204528809,8.181310653686523,1.0,4.0,8.0,37.0,12.5,14.361406616345072,1.0,37.0,50.0,138.0,11963.0,1454.0,0.0114040161970085,0.8168667554855347,3.2130628824234015e-08,0.0269524267988639
rq2_epoch_001_ep1_count_gpt2,completed,2,epoch_001,1,2,count,2480.0,5.0,1454.0,12101.0,0.0,40.0,1.4807503656907517,40.0,8.16,/workspace/Data_hetero/rqvae_l4_seed2_epoch001.pt,gpt2_rqvae_count_final_test2000/rq2_epoch_001_ep1_count_gpt2,0.026,0.08,0.1085,0.1465,0.026,0.0535895062143969,0.062930974765848,0.0725114497502793,2000.0,0.01,0.035,0.051,0.0755,0.01,0.0218379306382599,0.0269334068776328,0.0330498109568376,2000.0,gpt2_rqvae_count_final_test2000,,2,1,C:\Users\Admin\Documents\GitHub\plum_sid_coursework/checkpoints/rqvae_longitudinal_l4/rqvae_l4_seed2_epoch001.pt,0.6561891626227986,0.6401509642601013,0.6401509642601013,1,4,256,epoch_001,1,0.6561891626227986,0.0403938122855668,0.0185093050663867,5.972860379652544,0.6450104117393494,2.421855926513672,3.722626209259033,4.879775047302246,2.917316898703575,1.5738982985196102,0.6450104117393494,4.879775047302246,11.6692675948143,256.0,256.0,256.0,256.0,256.0,0.0,256.0,256.0,1024.0,0.6401509642601013,0.0046213055029511,0.0222067683935165,6.133228778839111,-0.0,1.7488737106323242,2.42435073852539,4.008086204528809,2.045327663421631,1.4376482340121035,-0.0,4.008086204528809,8.181310653686523,1.0,4.0,8.0,37.0,12.5,14.361406616345072,1.0,37.0,50.0,138.0,11963.0,1454.0,0.0114040161970085,0.8168667554855347,3.2130628824234015e-08,0.0269524267988639
rq0_best_ep103_semantic_strict_gpt0,completed,0,best,103,0,semantic_strict,1054.0,5.0,28.0,12101.0,0.0,40.0,1.4463340585882014,40.0,4.34,/workspace/Data_hetero/rqvae_l4_seed0_best.pt,gpt2_rqvae_semantic_strict_final_test2000/rq0_best_ep103_semantic_strict_gpt0,0.026,0.08,0.1225,0.187,0.026,0.0527381920667099,0.0665232682672731,0.0827081783787932,2000.0,0.009,0.0385,0.063,0.0995,0.009,0.0239517238820183,0.0317705490245877,0.0409083614300303,2000.0,gpt2_rqvae_semantic_strict_final_test2000,,0,103,C:\Users\Admin\Documents\GitHub\plum_sid_coursework/checkpoints/rqvae_longitudinal_l4/rqvae_l4_seed0_best.pt,0.2621870623393492,0.3779210746288299,0.3779210746288299,103,4,256,best,103,0.2621870623393492,0.0011491339748979,0.0008971098709893,2.601408140225844,7.207295894622803,7.908987522125244,7.88591194152832,7.917991638183594,7.73004674911499,0.3020370406303147,7.207295894622803,7.917991638183594,30.92018699645996,189.0,256.0,256.0,256.0,239.25,29.011851026778693,189.0,256.0,957.0,0.3779210746288299,0.0010972339659929,0.0012035350082442,3.756202936172485,7.039355754852295,7.489826679229736,7.472903728485107,7.352067947387695,7.338538527488708,0.1807176587533949,7.039355754852295,7.489826679229736,29.354154109954838,174.0,239.0,236.0,231.0,220.0,26.711420778386163,174.0,239.0,880.0,11579.0,522.0,17.0,0.9568630691678374,0.9835347533226012,2.6959460228681564e-06,0.0022223254923758
rq0_best_ep103_semantic_strict_gpt1,completed,0,best,103,1,semantic_strict,1054.0,5.0,28.0,12101.0,0.0,40.0,1.45448622378436,40.0,4.93,/workspace/Data_hetero/rqvae_l4_seed0_best.pt,gpt2_rqvae_semantic_strict_final_test2000/rq0_best_ep103_semantic_strict_gpt1,0.024,0.0705,0.108,0.1545,0.024,0.0476809992189678,0.059524962251873,0.0711780759524482,2000.0,0.0115,0.0355,0.062,0.098,0.0115,0.0232653816199376,0.0317468189900217,0.0407474738936103,2000.0,gpt2_rqvae_semantic_strict_final_test2000,,0,103,C:\Users\Admin\Documents\GitHub\plum_sid_coursework/checkpoints/rqvae_longitudinal_l4/rqvae_l4_seed0_best.pt,0.2621870623393492,0.3779210746288299,0.3779210746288299,103,4,256,best,103,0.2621870623393492,0.0011491339748979,0.0008971098709893,2.601408140225844,7.207295894622803,7.908987522125244,7.88591194152832,7.917991638183594,7.73004674911499,0.3020370406303147,7.207295894622803,7.917991638183594,30.92018699645996,189.0,256.0,256.0,256.0,239.25,29.011851026778693,189.0,256.0,957.0,0.3779210746288299,0.0010972339659929,0.0012035350082442,3.756202936172485,7.039355754852295,7.489826679229736,7.472903728485107,7.352067947387695,7.338538527488708,0.1807176587533949,7.039355754852295,7.489826679229736,29.354154109954838,174.0,239.0,236.0,231.0,220.0,26.711420778386163,174.0,239.0,880.0,11579.0,522.0,17.0,0.9568630691678374,0.9835347533226012,2.6959460228681564e-06,0.0022223254923758
rq0_best_ep103_semantic_strict_gpt2,completed,0,best,103,2,semantic_strict,1054.0,5.0,28.0,12101.0,0.0,40.0,1.4502936168150469,40.0,5.83,/workspace/Data_hetero/rqvae_l4_seed0_best.pt,gpt2_rqvae_semantic_strict_final_test2000/rq0_best_ep103_semantic_strict_gpt2,0.029,0.0845,0.125,0.193,0.029,0.0573782972499736,0.0704826878608977,0.0876733890031828,2000.0,0.0085,0.0405,0.068,0.11,0.0085,0.0245009291875751,0.0334752818674896,0.0441151072367712,2000.0,gpt2_rqvae_semantic_strict_final_test2000,,0,103,C:\Users\Admin\Documents\GitHub\plum_sid_coursework/checkpoints/rqvae_longitudinal_l4/rqvae_l4_seed0_best.pt,0.2621870623393492,0.3779210746288299,0.3779210746288299,103,4,256,best,103,0.2621870623393492,0.0011491339748979,0.0008971098709893,2.601408140225844,7.207295894622803,7.908987522125244,7.88591194152832,7.917991638183594,7.73004674911499,0.3020370406303147,7.207295894622803,7.917991638183594,30.92018699645996,189.0,256.0,256.0,256.0,239.25,29.011851026778693,189.0,256.0,957.0,0.3779210746288299,0.0010972339659929,0.0012035350082442,3.756202936172485,7.039355754852295,7.489826679229736,7.472903728485107,7.352067947387695,7.338538527488708,0.1807176587533949,7.039355754852295,7.489826679229736,29.354154109954838,174.0,239.0,236.0,231.0,220.0,26.711420778386163,174.0,239.0,880.0,11579.0,522.0,17.0,0.9568630691678374,0.9835347533226012,2.6959460228681564e-06,0.0022223254923758
rq1_best_ep91_semantic_strict_gpt0,completed,1,best,91,0,semantic_strict,1056.0,5.0,30.0,12101.0,0.0,39.0,1.4524727626280352,40.0,5.15,/workspace/Data_hetero/rqvae_l4_seed1_best.pt,gpt2_rqvae_semantic_strict_final_test2000/rq1_best_ep91_semantic_strict_gpt0,0.024,0.079,0.1225,0.184,0.024,0.0509481484534596,0.0652466299696523,0.0806953978706552,2000.0,0.0135,0.0415,0.069,0.112,0.0135,0.0276966911667561,0.0363509820037022,0.0472754243410203,2000.0,gpt2_rqvae_semantic_strict_final_test2000,,1,91,C:\Users\Admin\Documents\GitHub\plum_sid_coursework/checkpoints/rqvae_longitudinal_l4/rqvae_l4_seed1_best.pt,0.2663411945104599,0.37823086977005,0.37823086977005,91,4,256,best,91,0.2663411945104599,0.0011573008219288,0.0010150327183179,2.64168859611858,7.145940780639648,7.887249946594238,7.891703128814697,7.90686559677124,7.707939863204956,0.3245517909639998,7.145940780639648,7.90686559677124,30.831759452819824,175.0,256.0,256.0,256.0,235.75,35.074028853269766,175.0,256.0,943.0,0.37823086977005,0.0011306293308734,0.0013551972806453,3.757450580596924,7.048818588256836,7.490468025207519,7.5426740646362305,7.532044410705566,7.403501272201538,0.2057033221834036,7.048818588256836,7.5426740646362305,29.614005088806152,172.0,237.0,244.0,235.0,222.0,29.06028217344078,172.0,244.0,888.0,11516.0,585.0,19.0,0.9516568878605074,0.977216899394989,2.6812776923179622e-06,0.002413878058032
rq1_best_ep91_semantic_strict_gpt1,completed,1,best,91,1,semantic_strict,1056.0,5.0,30.0,12101.0,0.0,40.0,1.4448254758661443,40.0,5.3,/workspace/Data_hetero/rqvae_l4_seed1_best.pt,gpt2_rqvae_semantic_strict_final_test2000/rq1_best_ep91_semantic_strict_gpt1,0.0265,0.078,0.1115,0.166,0.0265,0.0522583102030797,0.0628050927738961,0.0767673685205434,2000.0,0.0095,0.0395,0.0625,0.1035,0.0095,0.0253513399346134,0.032808589987618,0.0429410339867842,2000.0,gpt2_rqvae_semantic_strict_final_test2000,,1,91,C:\Users\Admin\Documents\GitHub\plum_sid_coursework/checkpoints/rqvae_longitudinal_l4/rqvae_l4_seed1_best.pt,0.2663411945104599,0.37823086977005,0.37823086977005,91,4,256,best,91,0.2663411945104599,0.0011573008219288,0.0010150327183179,2.64168859611858,7.145940780639648,7.887249946594238,7.891703128814697,7.90686559677124,7.707939863204956,0.3245517909639998,7.145940780639648,7.90686559677124,30.831759452819824,175.0,256.0,256.0,256.0,235.75,35.074028853269766,175.0,256.0,943.0,0.37823086977005,0.0011306293308734,0.0013551972806453,3.757450580596924,7.048818588256836,7.490468025207519,7.5426740646362305,7.532044410705566,7.403501272201538,0.2057033221834036,7.048818588256836,7.5426740646362305,29.614005088806152,172.0,237.0,244.0,235.0,222.0,29.06028217344078,172.0,244.0,888.0,11516.0,585.0,19.0,0.9516568878605074,0.977216899394989,2.6812776923179622e-06,0.002413878058032
rq1_best_ep91_semantic_strict_gpt2,completed,1,best,91,2,semantic_strict,1056.0,5.0,30.0,12101.0,0.0,40.0,1.449868083000183,40.0,5.28,/workspace/Data_hetero/rqvae_l4_seed1_best.pt,gpt2_rqvae_semantic_strict_final_test2000/rq1_best_ep91_semantic_strict_gpt2,0.0325,0.0845,0.1295,0.188,0.0325,0.0585604837353764,0.0732460223062673,0.0880425935053756,2000.0,0.011,0.05,0.079,0.11,0.011,0.0299798292230043,0.0393145684472293,0.0471062476526411,2000.0,gpt2_rqvae_semantic_strict_final_test2000,,1,91,C:\Users\Admin\Documents\GitHub\plum_sid_coursework/checkpoints/rqvae_longitudinal_l4/rqvae_l4_seed1_best.pt,0.2663411945104599,0.37823086977005,0.37823086977005,91,4,256,best,91,0.2663411945104599,0.0011573008219288,0.0010150327183179,2.64168859611858,7.145940780639648,7.887249946594238,7.891703128814697,7.90686559677124,7.707939863204956,0.3245517909639998,7.145940780639648,7.90686559677124,30.831759452819824,175.0,256.0,256.0,256.0,235.75,35.074028853269766,175.0,256.0,943.0,0.37823086977005,0.0011306293308734,0.0013551972806453,3.757450580596924,7.048818588256836,7.490468025207519,7.5426740646362305,7.532044410705566,7.403501272201538,0.2057033221834036,7.048818588256836,7.5426740646362305,29.614005088806152,172.0,237.0,244.0,235.0,222.0,29.06028217344078,172.0,244.0,888.0,11516.0,585.0,19.0,0.9516568878605074,0.977216899394989,2.6812776923179622e-06,0.002413878058032
rq2_best_ep86_semantic_strict_gpt0,completed,2,best,86,0,semantic_strict,1047.0,5.0,21.0,12101.0,0.0,40.0,1.4597526084293018,40.0,5.28,/workspace/Data_hetero/rqvae_l4_seed2_best.pt,gpt2_rqvae_semantic_strict_final_test2000/rq2_best_ep86_semantic_strict_gpt0,0.027,0.0725,0.1155,0.1775,0.027,0.0490352413939445,0.0627023424466506,0.0782277209974878,2000.0,0.0075,0.041,0.0675,0.098,0.0075,0.0237197637924801,0.0324603081349922,0.0401642133737628,2000.0,gpt2_rqvae_semantic_strict_final_test2000,,2,86,C:\Users\Admin\Documents\GitHub\plum_sid_coursework/checkpoints/rqvae_longitudinal_l4/rqvae_l4_seed2_best.pt,0.2718249688094312,0.3858888149261474,0.3858888149261474,86,4,256,best,86,0.2718249688094312,0.0012651440444063,0.0010908930562436,2.694689214229584,6.355825424194336,7.893074035644531,7.849274158477783,7.9116668701171875,7.5024601221084595,0.6623972558720409,6.355825424194336,7.9116668701171875,30.00984048843384,99.0,256.0,256.0,256.0,216.75,67.98299419707844,99.0,256.0,867.0,0.3858888149261474,0.0011590362992137,0.0015581604093313,3.831716060638428,6.2497735023498535,7.484471321105957,7.446333885192871,7.404326438903809,7.146226286888123,0.5183429263311609,6.2497735023498535,7.484471321105957,28.58490514755249,98.0,239.0,238.0,238.0,203.25,60.76748719504535,98.0,239.0,813.0,11315.0,786.0,14.0,0.9350466903561688,0.9753886461257936,2.634478732943535e-06,0.0026366665114252
rq2_best_ep86_semantic_strict_gpt1,completed,2,best,86,1,semantic_strict,1047.0,5.0,21.0,12101.0,0.0,40.0,1.4579887877811084,40.0,4.85,/workspace/Data_hetero/rqvae_l4_seed2_best.pt,gpt2_rqvae_semantic_strict_final_test2000/rq2_best_ep86_semantic_strict_gpt1,0.0245,0.0745,0.1125,0.1665,0.0245,0.0491951805642887,0.0616426845539837,0.0751108057084634,2000.0,0.0105,0.038,0.057,0.0945,0.0105,0.0240678259017069,0.030083567294986,0.03947055304756,2000.0,gpt2_rqvae_semantic_strict_final_test2000,,2,86,C:\Users\Admin\Documents\GitHub\plum_sid_coursework/checkpoints/rqvae_longitudinal_l4/rqvae_l4_seed2_best.pt,0.2718249688094312,0.3858888149261474,0.3858888149261474,86,4,256,best,86,0.2718249688094312,0.0012651440444063,0.0010908930562436,2.694689214229584,6.355825424194336,7.893074035644531,7.849274158477783,7.9116668701171875,7.5024601221084595,0.6623972558720409,6.355825424194336,7.9116668701171875,30.00984048843384,99.0,256.0,256.0,256.0,216.75,67.98299419707844,99.0,256.0,867.0,0.3858888149261474,0.0011590362992137,0.0015581604093313,3.831716060638428,6.2497735023498535,7.484471321105957,7.446333885192871,7.404326438903809,7.146226286888123,0.5183429263311609,6.2497735023498535,7.484471321105957,28.58490514755249,98.0,239.0,238.0,238.0,203.25,60.76748719504535,98.0,239.0,813.0,11315.0,786.0,14.0,0.9350466903561688,0.9753886461257936,2.634478732943535e-06,0.0026366665114252
rq2_best_ep86_semantic_strict_gpt2,completed,2,best,86,2,semantic_strict,1047.0,5.0,21.0,12101.0,0.0,40.0,1.458106051791798,40.0,5.77,/workspace/Data_hetero/rqvae_l4_seed2_best.pt,gpt2_rqvae_semantic_strict_final_test2000/rq2_best_ep86_semantic_strict_gpt2,0.028,0.0815,0.1185,0.18,0.028,0.0546027841590692,0.0664555698259933,0.0820253194058645,2000.0,0.0095,0.0375,0.066,0.104,0.0095,0.0233794322133517,0.0325860020510608,0.0421809184021928,2000.0,gpt2_rqvae_semantic_strict_final_test2000,,2,86,C:\Users\Admin\Documents\GitHub\plum_sid_coursework/checkpoints/rqvae_longitudinal_l4/rqvae_l4_seed2_best.pt,0.2718249688094312,0.3858888149261474,0.3858888149261474,86,4,256,best,86,0.2718249688094312,0.0012651440444063,0.0010908930562436,2.694689214229584,6.355825424194336,7.893074035644531,7.849274158477783,7.9116668701171875,7.5024601221084595,0.6623972558720409,6.355825424194336,7.9116668701171875,30.00984048843384,99.0,256.0,256.0,256.0,216.75,67.98299419707844,99.0,256.0,867.0,0.3858888149261474,0.0011590362992137,0.0015581604093313,3.831716060638428,6.2497735023498535,7.484471321105957,7.446333885192871,7.404326438903809,7.146226286888123,0.5183429263311609,6.2497735023498535,7.484471321105957,28.58490514755249,98.0,239.0,238.0,238.0,203.25,60.76748719504535,98.0,239.0,813.0,11315.0,786.0,14.0,0.9350466903561688,0.9753886461257936,2.634478732943535e-06,0.0026366665114252
rq0_final_ep123_semantic_strict_gpt0,completed,0,final,123,0,semantic_strict,1053.0,5.0,27.0,12101.0,0.0,40.0,1.45977045731111,40.0,5.43,/workspace/Data_hetero/rqvae_l4_seed0_final_epoch123.pt,gpt2_rqvae_semantic_strict_final_test2000/rq0_final_ep123_semantic_strict_gpt0,0.0215,0.0785,0.1185,0.181,0.0215,0.0496264897735382,0.0625947011942532,0.0782863186442284,2000.0,0.0115,0.0385,0.0575,0.095,0.0115,0.0250091878168019,0.0311437688762557,0.0405654795400583,2000.0,gpt2_rqvae_semantic_strict_final_test2000,,0,123,C:\Users\Admin\Documents\GitHub\plum_sid_coursework/checkpoints/rqvae_longitudinal_l4/rqvae_l4_seed0_final_epoch123.pt,0.2569916546344757,0.3940248191356659,0.3779210746288299,103,4,256,final,123,0.2569916546344757,0.0011029564934274,0.0009623257025271,2.549263672395186,7.287461757659912,7.887316703796387,7.870784282684326,7.912321090698242,7.739470958709717,0.261386227332097,7.287461757659912,7.912321090698242,30.957883834838867,200.0,256.0,256.0,256.0,242.0,24.24871130596428,200.0,256.0,968.0,0.3940248191356659,0.0011171080404892,0.0011350093409419,3.917726755142212,7.098540306091309,7.458889484405518,7.400403022766113,7.575559139251709,7.383347988128662,0.1761092943528023,7.098540306091309,7.575559139251709,29.53339195251465,182.0,237.0,241.0,239.0,224.75,24.722206616724165,182.0,241.0,899.0,11549.0,552.0,22.0,0.954383935211966,0.9806492924690248,2.6889611035585403e-06,0.0021596606835637
rq0_final_ep123_semantic_strict_gpt1,completed,0,final,123,1,semantic_strict,1053.0,5.0,27.0,12101.0,0.0,40.0,1.4477984688498755,40.0,5.22,/workspace/Data_hetero/rqvae_l4_seed0_final_epoch123.pt,gpt2_rqvae_semantic_strict_final_test2000/rq0_final_ep123_semantic_strict_gpt1,0.023,0.081,0.1205,0.172,0.023,0.0522026530695934,0.0649315548100036,0.077778454742615,2000.0,0.0085,0.0335,0.0605,0.1025,0.0085,0.0211789086059501,0.0297743977842999,0.0404027858076389,2000.0,gpt2_rqvae_semantic_strict_final_test2000,,0,123,C:\Users\Admin\Documents\GitHub\plum_sid_coursework/checkpoints/rqvae_longitudinal_l4/rqvae_l4_seed0_final_epoch123.pt,0.2569916546344757,0.3940248191356659,0.3779210746288299,103,4,256,final,123,0.2569916546344757,0.0011029564934274,0.0009623257025271,2.549263672395186,7.287461757659912,7.887316703796387,7.870784282684326,7.912321090698242,7.739470958709717,0.261386227332097,7.287461757659912,7.912321090698242,30.957883834838867,200.0,256.0,256.0,256.0,242.0,24.24871130596428,200.0,256.0,968.0,0.3940248191356659,0.0011171080404892,0.0011350093409419,3.917726755142212,7.098540306091309,7.458889484405518,7.400403022766113,7.575559139251709,7.383347988128662,0.1761092943528023,7.098540306091309,7.575559139251709,29.53339195251465,182.0,237.0,241.0,239.0,224.75,24.722206616724165,182.0,241.0,899.0,11549.0,552.0,22.0,0.954383935211966,0.9806492924690248,2.6889611035585403e-06,0.0021596606835637
rq0_final_ep123_semantic_strict_gpt2,completed,0,final,123,2,semantic_strict,1053.0,5.0,27.0,12101.0,0.0,40.0,1.4560986757278442,40.0,5.34,/workspace/Data_hetero/rqvae_l4_seed0_final_epoch123.pt,gpt2_rqvae_semantic_strict_final_test2000/rq0_final_ep123_semantic_strict_gpt2,0.032,0.094,0.137,0.193,0.032,0.0633069089819558,0.0772508928423703,0.0912188663136675,2000.0,0.0105,0.042,0.0665,0.1005,0.0105,0.0261253028987383,0.0340979851015735,0.0427605692081397,2000.0,gpt2_rqvae_semantic_strict_final_test2000,,0,123,C:\Users\Admin\Documents\GitHub\plum_sid_coursework/checkpoints/rqvae_longitudinal_l4/rqvae_l4_seed0_final_epoch123.pt,0.2569916546344757,0.3940248191356659,0.3779210746288299,103,4,256,final,123,0.2569916546344757,0.0011029564934274,0.0009623257025271,2.549263672395186,7.287461757659912,7.887316703796387,7.870784282684326,7.912321090698242,7.739470958709717,0.261386227332097,7.287461757659912,7.912321090698242,30.957883834838867,200.0,256.0,256.0,256.0,242.0,24.24871130596428,200.0,256.0,968.0,0.3940248191356659,0.0011171080404892,0.0011350093409419,3.917726755142212,7.098540306091309,7.458889484405518,7.400403022766113,7.575559139251709,7.383347988128662,0.1761092943528023,7.098540306091309,7.575559139251709,29.53339195251465,182.0,237.0,241.0,239.0,224.75,24.722206616724165,182.0,241.0,899.0,11549.0,552.0,22.0,0.954383935211966,0.9806492924690248,2.6889611035585403e-06,0.0021596606835637
rq1_final_ep111_semantic_strict_gpt0,completed,1,final,111,0,semantic_strict,1076.0,5.0,50.0,12101.0,0.0,40.0,1.4473229159008374,40.0,5.68,/workspace/Data_hetero/rqvae_l4_seed1_final_epoch111.pt,gpt2_rqvae_semantic_strict_final_test2000/rq1_final_ep111_semantic_strict_gpt0,0.0245,0.078,0.1185,0.18,0.0245,0.0513465903559335,0.064268168812866,0.0798075551754002,2000.0,0.008,0.0325,0.058,0.103,0.008,0.0199792749993805,0.0281030460630855,0.0391951349055835,2000.0,gpt2_rqvae_semantic_strict_final_test2000,,1,111,C:\Users\Admin\Documents\GitHub\plum_sid_coursework/checkpoints/rqvae_longitudinal_l4/rqvae_l4_seed1_final_epoch111.pt,0.2602901018478654,0.3892492651939392,0.37823086977005,91,4,256,final,111,0.2602901018478654,0.0011484612530859,0.0009573443940925,2.581842904741114,7.200212001800537,7.891486644744873,7.882557392120361,7.920541763305664,7.723699450492859,0.3025617264398211,7.200212001800537,7.920541763305664,30.89479780197144,180.0,256.0,256.0,256.0,237.0,32.90896534380867,180.0,256.0,948.0,0.3892492651939392,0.0010672627249732,0.001315694884397,3.86866307258606,7.087811470031738,7.599608421325684,7.529748916625977,7.595329284667969,7.453124523162842,0.212723206936428,7.087811470031738,7.599608421325684,29.812498092651367,177.0,243.0,238.0,243.0,225.25,27.931836674304108,177.0,243.0,901.0,11574.0,527.0,31.0,0.9564498801751922,0.979689121246338,2.694781869649887e-06,0.0022989929044575
rq1_final_ep111_semantic_strict_gpt1,completed,1,final,111,1,semantic_strict,1076.0,5.0,50.0,12101.0,0.0,40.0,1.4503896995024248,40.0,4.42,/workspace/Data_hetero/rqvae_l4_seed1_final_epoch111.pt,gpt2_rqvae_semantic_strict_final_test2000/rq1_final_ep111_semantic_strict_gpt1,0.0225,0.0755,0.1175,0.177,0.0225,0.0496427627445838,0.0630909855966303,0.0780790494331052,2000.0,0.0105,0.033,0.053,0.0865,0.0105,0.021239327367657,0.0276669020844754,0.0360764687482514,2000.0,gpt2_rqvae_semantic_strict_final_test2000,,1,111,C:\Users\Admin\Documents\GitHub\plum_sid_coursework/checkpoints/rqvae_longitudinal_l4/rqvae_l4_seed1_final_epoch111.pt,0.2602901018478654,0.3892492651939392,0.37823086977005,91,4,256,final,111,0.2602901018478654,0.0011484612530859,0.0009573443940925,2.581842904741114,7.200212001800537,7.891486644744873,7.882557392120361,7.920541763305664,7.723699450492859,0.3025617264398211,7.200212001800537,7.920541763305664,30.89479780197144,180.0,256.0,256.0,256.0,237.0,32.90896534380867,180.0,256.0,948.0,0.3892492651939392,0.0010672627249732,0.001315694884397,3.86866307258606,7.087811470031738,7.599608421325684,7.529748916625977,7.595329284667969,7.453124523162842,0.212723206936428,7.087811470031738,7.599608421325684,29.812498092651367,177.0,243.0,238.0,243.0,225.25,27.931836674304108,177.0,243.0,901.0,11574.0,527.0,31.0,0.9564498801751922,0.979689121246338,2.694781869649887e-06,0.0022989929044575
rq1_final_ep111_semantic_strict_gpt2,completed,1,final,111,2,semantic_strict,1076.0,5.0,50.0,12101.0,0.0,40.0,1.4453259923241355,40.0,5.15,/workspace/Data_hetero/rqvae_l4_seed1_final_epoch111.pt,gpt2_rqvae_semantic_strict_final_test2000/rq1_final_ep111_semantic_strict_gpt2,0.0305,0.0875,0.132,0.1695,0.0305,0.0594549886451571,0.0737425737258436,0.083148962704609,2000.0,0.0135,0.0475,0.0735,0.1165,0.0135,0.0301148882911892,0.0385858866931493,0.0493690636358162,2000.0,gpt2_rqvae_semantic_strict_final_test2000,,1,111,C:\Users\Admin\Documents\GitHub\plum_sid_coursework/checkpoints/rqvae_longitudinal_l4/rqvae_l4_seed1_final_epoch111.pt,0.2602901018478654,0.3892492651939392,0.37823086977005,91,4,256,final,111,0.2602901018478654,0.0011484612530859,0.0009573443940925,2.581842904741114,7.200212001800537,7.891486644744873,7.882557392120361,7.920541763305664,7.723699450492859,0.3025617264398211,7.200212001800537,7.920541763305664,30.89479780197144,180.0,256.0,256.0,256.0,237.0,32.90896534380867,180.0,256.0,948.0,0.3892492651939392,0.0010672627249732,0.001315694884397,3.86866307258606,7.087811470031738,7.599608421325684,7.529748916625977,7.595329284667969,7.453124523162842,0.212723206936428,7.087811470031738,7.599608421325684,29.812498092651367,177.0,243.0,238.0,243.0,225.25,27.931836674304108,177.0,243.0,901.0,11574.0,527.0,31.0,0.9564498801751922,0.979689121246338,2.694781869649887e-06,0.0022989929044575
rq2_final_ep106_semantic_strict_gpt0,completed,2,final,106,0,semantic_strict,1054.0,5.0,28.0,12101.0,0.0,40.0,1.4664212573658335,40.0,5.26,/workspace/Data_hetero/rqvae_l4_seed2_final_epoch106.pt,gpt2_rqvae_semantic_strict_final_test2000/rq2_final_ep106_semantic_strict_gpt0,0.0205,0.0725,0.11,0.1685,0.0205,0.0458752371958647,0.0578793237715214,0.0727868980772844,2000.0,0.015,0.0365,0.06,0.1025,0.015,0.026228114249076,0.0337953946580321,0.0443630787631502,2000.0,gpt2_rqvae_semantic_strict_final_test2000,,2,106,C:\Users\Admin\Documents\GitHub\plum_sid_coursework/checkpoints/rqvae_longitudinal_l4/rqvae_l4_seed2_final_epoch106.pt,0.2640410668470643,0.3949435949325561,0.3858888149261474,86,4,256,final,106,0.2640410668470643,0.0011918655945919,0.001097143871117,2.617520494894548,6.466334819793701,7.896768093109131,7.892333984375,7.92463207244873,7.545017242431641,0.6229006277616531,6.466334819793701,7.92463207244873,30.18006896972656,107.0,256.0,256.0,256.0,218.75,64.51889258194068,107.0,256.0,875.0,0.3949435949325561,0.001131321885623,0.0014601447619497,3.923521280288696,6.356132984161377,7.532801151275635,7.3391852378845215,7.267952442169189,7.124017953872681,0.4538075380097058,6.356132984161377,7.532801151275635,28.496071815490723,107.0,244.0,227.0,222.0,200.0,54.30929938785806,107.0,244.0,800.0,11270.0,831.0,20.0,0.9313279894223618,0.9750528931617736,2.6240013539791107e-06,0.0025124153219788
rq2_final_ep106_semantic_strict_gpt1,completed,2,final,106,1,semantic_strict,1054.0,5.0,28.0,12101.0,0.0,40.0,1.470738172531128,40.0,5.39,/workspace/Data_hetero/rqvae_l4_seed2_final_epoch106.pt,gpt2_rqvae_semantic_strict_final_test2000/rq2_final_ep106_semantic_strict_gpt1,0.0205,0.0655,0.0995,0.1515,0.0205,0.0428338274481419,0.0537234399181373,0.0667712763007999,2000.0,0.0065,0.032,0.061,0.0965,0.0065,0.0193978347006552,0.028574259791109,0.037504909892766,2000.0,gpt2_rqvae_semantic_strict_final_test2000,,2,106,C:\Users\Admin\Documents\GitHub\plum_sid_coursework/checkpoints/rqvae_longitudinal_l4/rqvae_l4_seed2_final_epoch106.pt,0.2640410668470643,0.3949435949325561,0.3858888149261474,86,4,256,final,106,0.2640410668470643,0.0011918655945919,0.001097143871117,2.617520494894548,6.466334819793701,7.896768093109131,7.892333984375,7.92463207244873,7.545017242431641,0.6229006277616531,6.466334819793701,7.92463207244873,30.18006896972656,107.0,256.0,256.0,256.0,218.75,64.51889258194068,107.0,256.0,875.0,0.3949435949325561,0.001131321885623,0.0014601447619497,3.923521280288696,6.356132984161377,7.532801151275635,7.3391852378845215,7.267952442169189,7.124017953872681,0.4538075380097058,6.356132984161377,7.532801151275635,28.496071815490723,107.0,244.0,227.0,222.0,200.0,54.30929938785806,107.0,244.0,800.0,11270.0,831.0,20.0,0.9313279894223618,0.9750528931617736,2.6240013539791107e-06,0.0025124153219788
rq2_final_ep106_semantic_strict_gpt2,completed,2,final,106,2,semantic_strict,1054.0,5.0,28.0,12101.0,0.0,40.0,1.46107924526388,40.0,5.54,/workspace/Data_hetero/rqvae_l4_seed2_final_epoch106.pt,gpt2_rqvae_semantic_strict_final_test2000/rq2_final_ep106_semantic_strict_gpt2,0.0325,0.0905,0.133,0.1815,0.0325,0.0619188820246,0.0754389149786958,0.0876701249156438,2000.0,0.0105,0.042,0.069,0.1005,0.0105,0.0267044213592856,0.0352924884967333,0.0431892797615713,2000.0,gpt2_rqvae_semantic_strict_final_test2000,,2,106,C:\Users\Admin\Documents\GitHub\plum_sid_coursework/checkpoints/rqvae_longitudinal_l4/rqvae_l4_seed2_final_epoch106.pt,0.2640410668470643,0.3949435949325561,0.3858888149261474,86,4,256,final,106,0.2640410668470643,0.0011918655945919,0.001097143871117,2.617520494894548,6.466334819793701,7.896768093109131,7.892333984375,7.92463207244873,7.545017242431641,0.6229006277616531,6.466334819793701,7.92463207244873,30.18006896972656,107.0,256.0,256.0,256.0,218.75,64.51889258194068,107.0,256.0,875.0,0.3949435949325561,0.001131321885623,0.0014601447619497,3.923521280288696,6.356132984161377,7.532801151275635,7.3391852378845215,7.267952442169189,7.124017953872681,0.4538075380097058,6.356132984161377,7.532801151275635,28.496071815490723,107.0,244.0,227.0,222.0,200.0,54.30929938785806,107.0,244.0,800.0,11270.0,831.0,20.0,0.9313279894223618,0.9750528931617736,2.6240013539791107e-06,0.0025124153219788
rq0_epoch_010_ep10_semantic_strict_gpt0,completed,0,epoch_010,10,0,semantic_strict,1096.0,5.0,70.0,12101.0,0.0,40.0,1.499779614535245,40.0,5.26,/workspace/Data_hetero/rqvae_l4_seed0_epoch010.pt,gpt2_rqvae_semantic_strict_final_test2000/rq0_epoch_010_ep10_semantic_strict_gpt0,0.019,0.0605,0.0955,0.146,0.019,0.0396054685740888,0.0508030574880715,0.0635776730017519,2000.0,0.009,0.0305,0.0555,0.0845,0.009,0.0196066169372836,0.0275162105284261,0.0348100225196873,2000.0,gpt2_rqvae_semantic_strict_final_test2000,,0,10,C:\Users\Admin\Documents\GitHub\plum_sid_coursework/checkpoints/rqvae_longitudinal_l4/rqvae_l4_seed0_epoch010.pt,0.3473382680253549,0.4453820884227752,0.4453820884227752,10,4,256,epoch_010,10,0.3473382680253549,0.0020704314176162,0.0022004750472578,3.4306735450571235,3.954368352890015,5.175180912017822,6.458446979522705,7.078859329223633,5.666713893413544,1.2036120568386837,3.954368352890015,7.078859329223633,22.66685557365417,34.0,65.0,154.0,238.0,122.75,79.79779132281796,34.0,238.0,491.0,0.4453820884227752,0.0019464154029265,0.0038410744164139,4.395946025848389,3.978995323181152,5.0251898765563965,6.185868740081787,6.742838382720947,5.483223080635071,1.066868922867475,3.978995323181152,6.742838382720947,21.932892322540283,27.0,56.0,117.0,175.0,93.75,57.05863212520959,27.0,175.0,375.0,8589.0,3512.0,46.0,0.7097760515659863,0.9467541575431824,1.9997823983430862e-06,0.0057951805023297
rq0_epoch_010_ep10_semantic_strict_gpt1,completed,0,epoch_010,10,1,semantic_strict,1096.0,5.0,70.0,12101.0,0.0,40.0,1.5043695785782554,40.0,5.13,/workspace/Data_hetero/rqvae_l4_seed0_epoch010.pt,gpt2_rqvae_semantic_strict_final_test2000/rq0_epoch_010_ep10_semantic_strict_gpt1,0.018,0.0675,0.0955,0.1335,0.018,0.0431901612488433,0.0521814576900028,0.0618534641861579,2000.0,0.012,0.0345,0.0555,0.0885,0.012,0.0230358485957632,0.0297011411232241,0.0379834940170566,2000.0,gpt2_rqvae_semantic_strict_final_test2000,,0,10,C:\Users\Admin\Documents\GitHub\plum_sid_coursework/checkpoints/rqvae_longitudinal_l4/rqvae_l4_seed0_epoch010.pt,0.3473382680253549,0.4453820884227752,0.4453820884227752,10,4,256,epoch_010,10,0.3473382680253549,0.0020704314176162,0.0022004750472578,3.4306735450571235,3.954368352890015,5.175180912017822,6.458446979522705,7.078859329223633,5.666713893413544,1.2036120568386837,3.954368352890015,7.078859329223633,22.66685557365417,34.0,65.0,154.0,238.0,122.75,79.79779132281796,34.0,238.0,491.0,0.4453820884227752,0.0019464154029265,0.0038410744164139,4.395946025848389,3.978995323181152,5.0251898765563965,6.185868740081787,6.742838382720947,5.483223080635071,1.066868922867475,3.978995323181152,6.742838382720947,21.932892322540283,27.0,56.0,117.0,175.0,93.75,57.05863212520959,27.0,175.0,375.0,8589.0,3512.0,46.0,0.7097760515659863,0.9467541575431824,1.9997823983430862e-06,0.0057951805023297
rq0_epoch_010_ep10_semantic_strict_gpt2,completed,0,epoch_010,10,2,semantic_strict,1096.0,5.0,70.0,12101.0,0.0,40.0,1.5006631179289385,40.0,5.66,/workspace/Data_hetero/rqvae_l4_seed0_epoch010.pt,gpt2_rqvae_semantic_strict_final_test2000/rq0_epoch_010_ep10_semantic_strict_gpt2,0.0235,0.0695,0.1045,0.1505,0.0235,0.046312186322195,0.057659650397296,0.0694503440896666,2000.0,0.0125,0.0425,0.0665,0.0945,0.0125,0.026774001813299,0.034475566253781,0.0415285474848135,2000.0,gpt2_rqvae_semantic_strict_final_test2000,,0,10,C:\Users\Admin\Documents\GitHub\plum_sid_coursework/checkpoints/rqvae_longitudinal_l4/rqvae_l4_seed0_epoch010.pt,0.3473382680253549,0.4453820884227752,0.4453820884227752,10,4,256,epoch_010,10,0.3473382680253549,0.0020704314176162,0.0022004750472578,3.4306735450571235,3.954368352890015,5.175180912017822,6.458446979522705,7.078859329223633,5.666713893413544,1.2036120568386837,3.954368352890015,7.078859329223633,22.66685557365417,34.0,65.0,154.0,238.0,122.75,79.79779132281796,34.0,238.0,491.0,0.4453820884227752,0.0019464154029265,0.0038410744164139,4.395946025848389,3.978995323181152,5.0251898765563965,6.185868740081787,6.742838382720947,5.483223080635071,1.066868922867475,3.978995323181152,6.742838382720947,21.932892322540283,27.0,56.0,117.0,175.0,93.75,57.05863212520959,27.0,175.0,375.0,8589.0,3512.0,46.0,0.7097760515659863,0.9467541575431824,1.9997823983430862e-06,0.0057951805023297
rq1_epoch_010_ep10_semantic_strict_gpt0,completed,1,epoch_010,10,0,semantic_strict,1172.0,5.0,146.0,12101.0,0.0,40.0,1.4992269331758672,40.0,5.13,/workspace/Data_hetero/rqvae_l4_seed1_epoch010.pt,gpt2_rqvae_semantic_strict_final_test2000/rq1_epoch_010_ep10_semantic_strict_gpt0,0.018,0.06,0.0915,0.144,0.018,0.0392295718733485,0.0494572061558519,0.0625294618726159,2000.0,0.0055,0.0265,0.05,0.086,0.0055,0.0159644606653144,0.0233874455582361,0.0323793906433456,2000.0,gpt2_rqvae_semantic_strict_final_test2000,,1,10,C:\Users\Admin\Documents\GitHub\plum_sid_coursework/checkpoints/rqvae_longitudinal_l4/rqvae_l4_seed1_epoch010.pt,0.3698514997959137,0.4621277749538421,0.4621277749538421,10,4,256,epoch_010,10,0.3698514997959137,0.0020284733459861,0.0035833482080223,3.642396699298512,4.342733860015869,4.279773712158203,5.519895553588867,7.178600311279297,5.330250859260559,1.1759095274771767,4.279773712158203,7.178600311279297,21.32100343704224,36.0,55.0,96.0,244.0,107.75,81.59771749258677,36.0,244.0,431.0,0.4621277749538421,0.0019161570817232,0.0052633467130362,4.549482822418213,4.312587261199951,3.7456557750701904,5.077202320098877,6.624076843261719,4.939880549907684,1.0810925152374031,3.7456557750701904,6.624076843261719,19.759522199630737,26.0,26.0,62.0,168.0,70.5,58.17860431464474,26.0,168.0,282.0,6820.0,5281.0,96.0,0.5635897859681018,0.9205580949783324,1.5879049897193909e-06,0.007216598389665
rq1_epoch_010_ep10_semantic_strict_gpt1,completed,1,epoch_010,10,1,semantic_strict,1172.0,5.0,146.0,12101.0,0.0,40.0,1.4967401677911931,40.0,5.06,/workspace/Data_hetero/rqvae_l4_seed1_epoch010.pt,gpt2_rqvae_semantic_strict_final_test2000/rq1_epoch_010_ep10_semantic_strict_gpt1,0.02,0.056,0.082,0.124,0.02,0.0370915311786069,0.0455418347832882,0.0561645376185407,2000.0,0.011,0.0365,0.0545,0.083,0.011,0.023863714478637,0.0296790734437615,0.0368630592422604,2000.0,gpt2_rqvae_semantic_strict_final_test2000,,1,10,C:\Users\Admin\Documents\GitHub\plum_sid_coursework/checkpoints/rqvae_longitudinal_l4/rqvae_l4_seed1_epoch010.pt,0.3698514997959137,0.4621277749538421,0.4621277749538421,10,4,256,epoch_010,10,0.3698514997959137,0.0020284733459861,0.0035833482080223,3.642396699298512,4.342733860015869,4.279773712158203,5.519895553588867,7.178600311279297,5.330250859260559,1.1759095274771767,4.279773712158203,7.178600311279297,21.32100343704224,36.0,55.0,96.0,244.0,107.75,81.59771749258677,36.0,244.0,431.0,0.4621277749538421,0.0019161570817232,0.0052633467130362,4.549482822418213,4.312587261199951,3.7456557750701904,5.077202320098877,6.624076843261719,4.939880549907684,1.0810925152374031,3.7456557750701904,6.624076843261719,19.759522199630737,26.0,26.0,62.0,168.0,70.5,58.17860431464474,26.0,168.0,282.0,6820.0,5281.0,96.0,0.5635897859681018,0.9205580949783324,1.5879049897193909e-06,0.007216598389665
rq1_epoch_010_ep10_semantic_strict_gpt2,completed,1,epoch_010,10,2,semantic_strict,1172.0,5.0,146.0,12101.0,0.0,39.0,1.5108735398812727,40.0,5.18,/workspace/Data_hetero/rqvae_l4_seed1_epoch010.pt,gpt2_rqvae_semantic_strict_final_test2000/rq1_epoch_010_ep10_semantic_strict_gpt2,0.0205,0.063,0.1,0.1385,0.0205,0.0420548314311859,0.0542345597209614,0.0640461591945678,2000.0,0.0065,0.037,0.0595,0.0915,0.0065,0.0213761932371393,0.0284984717765147,0.0365292186651753,2000.0,gpt2_rqvae_semantic_strict_final_test2000,,1,10,C:\Users\Admin\Documents\GitHub\plum_sid_coursework/checkpoints/rqvae_longitudinal_l4/rqvae_l4_seed1_epoch010.pt,0.3698514997959137,0.4621277749538421,0.4621277749538421,10,4,256,epoch_010,10,0.3698514997959137,0.0020284733459861,0.0035833482080223,3.642396699298512,4.342733860015869,4.279773712158203,5.519895553588867,7.178600311279297,5.330250859260559,1.1759095274771767,4.279773712158203,7.178600311279297,21.32100343704224,36.0,55.0,96.0,244.0,107.75,81.59771749258677,36.0,244.0,431.0,0.4621277749538421,0.0019161570817232,0.0052633467130362,4.549482822418213,4.312587261199951,3.7456557750701904,5.077202320098877,6.624076843261719,4.939880549907684,1.0810925152374031,3.7456557750701904,6.624076843261719,19.759522199630737,26.0,26.0,62.0,168.0,70.5,58.17860431464474,26.0,168.0,282.0,6820.0,5281.0,96.0,0.5635897859681018,0.9205580949783324,1.5879049897193909e-06,0.007216598389665
rq2_epoch_010_ep10_semantic_strict_gpt0,completed,2,epoch_010,10,0,semantic_strict,1146.0,5.0,120.0,12101.0,0.0,40.0,1.5018657012419268,40.0,5.55,/workspace/Data_hetero/rqvae_l4_seed2_epoch010.pt,gpt2_rqvae_semantic_strict_final_test2000/rq2_epoch_010_ep10_semantic_strict_gpt0,0.0135,0.0595,0.089,0.141,0.0135,0.0372056085716546,0.0467574902358387,0.0599263131772618,2000.0,0.009,0.03,0.0525,0.0865,0.009,0.0198083934599278,0.0271517439603635,0.0356495870971727,2000.0,gpt2_rqvae_semantic_strict_final_test2000,,2,10,C:\Users\Admin\Documents\GitHub\plum_sid_coursework/checkpoints/rqvae_longitudinal_l4/rqvae_l4_seed2_epoch010.pt,0.3654334992170334,0.4560513496398926,0.4560513496398926,10,4,256,epoch_010,10,0.3654334992170334,0.0021330741212957,0.0034720454502596,3.598283735188571,3.799540042877197,4.565379142761231,6.511020660400391,7.062547206878662,5.48462176322937,1.3442331272309012,3.799540042877197,7.062547206878662,21.93848705291748,19.0,63.0,162.0,229.0,118.25,82.2841874238301,19.0,229.0,473.0,0.4560513496398926,0.002015636768192,0.0040858285501599,4.4994988441467285,3.7559969425201416,4.074499607086182,6.221206188201904,6.854953765869141,5.226664125919342,1.3351765901934547,3.7559969425201416,6.854953765869141,20.906656503677368,17.0,27.0,106.0,155.0,76.25,57.05863212520959,17.0,155.0,305.0,7540.0,4561.0,67.0,0.6230890009090158,0.9354512691497804,1.755543053150177e-06,0.0061666626531226
rq2_epoch_010_ep10_semantic_strict_gpt1,completed,2,epoch_010,10,1,semantic_strict,1146.0,5.0,120.0,12101.0,0.0,40.0,1.5077405951239846,40.0,4.93,/workspace/Data_hetero/rqvae_l4_seed2_epoch010.pt,gpt2_rqvae_semantic_strict_final_test2000/rq2_epoch_010_ep10_semantic_strict_gpt1,0.0205,0.054,0.0815,0.128,0.0205,0.0371339234296688,0.045862785425774,0.0574151673796035,2000.0,0.007,0.029,0.0465,0.0775,0.007,0.0182354822023329,0.0240299291360962,0.0319134428892638,2000.0,gpt2_rqvae_semantic_strict_final_test2000,,2,10,C:\Users\Admin\Documents\GitHub\plum_sid_coursework/checkpoints/rqvae_longitudinal_l4/rqvae_l4_seed2_epoch010.pt,0.3654334992170334,0.4560513496398926,0.4560513496398926,10,4,256,epoch_010,10,0.3654334992170334,0.0021330741212957,0.0034720454502596,3.598283735188571,3.799540042877197,4.565379142761231,6.511020660400391,7.062547206878662,5.48462176322937,1.3442331272309012,3.799540042877197,7.062547206878662,21.93848705291748,19.0,63.0,162.0,229.0,118.25,82.2841874238301,19.0,229.0,473.0,0.4560513496398926,0.002015636768192,0.0040858285501599,4.4994988441467285,3.7559969425201416,4.074499607086182,6.221206188201904,6.854953765869141,5.226664125919342,1.3351765901934547,3.7559969425201416,6.854953765869141,20.906656503677368,17.0,27.0,106.0,155.0,76.25,57.05863212520959,17.0,155.0,305.0,7540.0,4561.0,67.0,0.6230890009090158,0.9354512691497804,1.755543053150177e-06,0.0061666626531226
rq2_epoch_010_ep10_semantic_strict_gpt2,completed,2,epoch_010,10,2,semantic_strict,1146.0,5.0,120.0,12101.0,0.0,40.0,1.5050704966891897,40.0,5.01,/workspace/Data_hetero/rqvae_l4_seed2_epoch010.pt,gpt2_rqvae_semantic_strict_final_test2000/rq2_epoch_010_ep10_semantic_strict_gpt2,0.0235,0.074,0.0985,0.1505,0.0235,0.0494955737573525,0.0576041781720094,0.0706412509640972,2000.0,0.007,0.04,0.0605,0.0905,0.007,0.0235026448366414,0.0301283246546593,0.037729613824752,2000.0,gpt2_rqvae_semantic_strict_final_test2000,,2,10,C:\Users\Admin\Documents\GitHub\plum_sid_coursework/checkpoints/rqvae_longitudinal_l4/rqvae_l4_seed2_epoch010.pt,0.3654334992170334,0.4560513496398926,0.4560513496398926,10,4,256,epoch_010,10,0.3654334992170334,0.0021330741212957,0.0034720454502596,3.598283735188571,3.799540042877197,4.565379142761231,6.511020660400391,7.062547206878662,5.48462176322937,1.3442331272309012,3.799540042877197,7.062547206878662,21.93848705291748,19.0,63.0,162.0,229.0,118.25,82.2841874238301,19.0,229.0,473.0,0.4560513496398926,0.002015636768192,0.0040858285501599,4.4994988441467285,3.7559969425201416,4.074499607086182,6.221206188201904,6.854953765869141,5.226664125919342,1.3351765901934547,3.7559969425201416,6.854953765869141,20.906656503677368,17.0,27.0,106.0,155.0,76.25,57.05863212520959,17.0,155.0,305.0,7540.0,4561.0,67.0,0.6230890009090158,0.9354512691497804,1.755543053150177e-06,0.0061666626531226
rq0_epoch_005_ep5_semantic_strict_gpt0,completed,0,epoch_005,5,0,semantic_strict,1164.0,5.0,138.0,12101.0,0.0,40.0,1.5112856518138538,40.0,5.72,/workspace/Data_hetero/rqvae_l4_seed0_epoch005.pt,gpt2_rqvae_semantic_strict_final_test2000/rq0_epoch_005_ep5_semantic_strict_gpt0,0.0185,0.062,0.09,0.1305,0.0185,0.0402316363618707,0.0492557904984319,0.0594768994058688,2000.0,0.006,0.0265,0.0495,0.0845,0.006,0.0166626493722903,0.0240480556463532,0.032869351552229,2000.0,gpt2_rqvae_semantic_strict_final_test2000,,0,5,C:\Users\Admin\Documents\GitHub\plum_sid_coursework/checkpoints/rqvae_longitudinal_l4/rqvae_l4_seed0_epoch005.pt,0.3807777681133963,0.4768505096435547,0.4768505096435547,5,4,256,epoch_005,5,0.3807777681133963,0.0024441405707462,0.0043069067337042,3.740267190066251,3.0339674949646,4.068429470062256,5.759461879730225,6.7465667724609375,4.902106404304504,1.4423984085733277,3.0339674949646,6.7465667724609375,19.608425617218018,26.0,76.0,150.0,236.0,122.0,79.23383115816122,26.0,236.0,488.0,0.4768505096435547,0.0023082920815795,0.0056226127780973,4.6891961097717285,3.11327862739563,3.727672576904297,5.460498332977295,6.41253662109375,4.678496539592743,1.3202646637884696,3.11327862739563,6.41253662109375,18.71398615837097,15.0,23.0,77.0,146.0,65.25,52.36590016413353,15.0,146.0,261.0,4656.0,7445.0,85.0,0.3847615899512437,0.902444064617157,1.084059476852417e-06,0.0079464811438473
rq0_epoch_005_ep5_semantic_strict_gpt1,completed,0,epoch_005,5,1,semantic_strict,1164.0,5.0,138.0,12101.0,0.0,40.0,1.5097185590050437,40.0,5.32,/workspace/Data_hetero/rqvae_l4_seed0_epoch005.pt,gpt2_rqvae_semantic_strict_final_test2000/rq0_epoch_005_ep5_semantic_strict_gpt1,0.0135,0.051,0.081,0.1285,0.0135,0.03220855033633,0.0419304202635329,0.0539264832427203,2000.0,0.0075,0.0275,0.0455,0.0765,0.0075,0.0179393232134993,0.0235868922503242,0.0313696638795456,2000.0,gpt2_rqvae_semantic_strict_final_test2000,,0,5,C:\Users\Admin\Documents\GitHub\plum_sid_coursework/checkpoints/rqvae_longitudinal_l4/rqvae_l4_seed0_epoch005.pt,0.3807777681133963,0.4768505096435547,0.4768505096435547,5,4,256,epoch_005,5,0.3807777681133963,0.0024441405707462,0.0043069067337042,3.740267190066251,3.0339674949646,4.068429470062256,5.759461879730225,6.7465667724609375,4.902106404304504,1.4423984085733277,3.0339674949646,6.7465667724609375,19.608425617218018,26.0,76.0,150.0,236.0,122.0,79.23383115816122,26.0,236.0,488.0,0.4768505096435547,0.0023082920815795,0.0056226127780973,4.6891961097717285,3.11327862739563,3.727672576904297,5.460498332977295,6.41253662109375,4.678496539592743,1.3202646637884696,3.11327862739563,6.41253662109375,18.71398615837097,15.0,23.0,77.0,146.0,65.25,52.36590016413353,15.0,146.0,261.0,4656.0,7445.0,85.0,0.3847615899512437,0.902444064617157,1.084059476852417e-06,0.0079464811438473
rq0_epoch_005_ep5_semantic_strict_gpt2,completed,0,epoch_005,5,2,semantic_strict,1164.0,5.0,138.0,12101.0,0.0,39.0,1.5089175538583235,40.0,6.01,/workspace/Data_hetero/rqvae_l4_seed0_epoch005.pt,gpt2_rqvae_semantic_strict_final_test2000/rq0_epoch_005_ep5_semantic_strict_gpt2,0.0235,0.058,0.0935,0.134,0.0235,0.0407737444636432,0.0523410316300664,0.0625044657667475,2000.0,0.0085,0.0325,0.052,0.078,0.0085,0.0205785112587286,0.0268899280690106,0.0334550544858189,2000.0,gpt2_rqvae_semantic_strict_final_test2000,,0,5,C:\Users\Admin\Documents\GitHub\plum_sid_coursework/checkpoints/rqvae_longitudinal_l4/rqvae_l4_seed0_epoch005.pt,0.3807777681133963,0.4768505096435547,0.4768505096435547,5,4,256,epoch_005,5,0.3807777681133963,0.0024441405707462,0.0043069067337042,3.740267190066251,3.0339674949646,4.068429470062256,5.759461879730225,6.7465667724609375,4.902106404304504,1.4423984085733277,3.0339674949646,6.7465667724609375,19.608425617218018,26.0,76.0,150.0,236.0,122.0,79.23383115816122,26.0,236.0,488.0,0.4768505096435547,0.0023082920815795,0.0056226127780973,4.6891961097717285,3.11327862739563,3.727672576904297,5.460498332977295,6.41253662109375,4.678496539592743,1.3202646637884696,3.11327862739563,6.41253662109375,18.71398615837097,15.0,23.0,77.0,146.0,65.25,52.36590016413353,15.0,146.0,261.0,4656.0,7445.0,85.0,0.3847615899512437,0.902444064617157,1.084059476852417e-06,0.0079464811438473
rq1_epoch_005_ep5_semantic_strict_gpt0,completed,1,epoch_005,5,0,semantic_strict,1386.0,5.0,360.0,12101.0,0.0,40.0,1.5128678408536045,40.0,6.7,/workspace/Data_hetero/rqvae_l4_seed1_epoch005.pt,gpt2_rqvae_semantic_strict_final_test2000/rq1_epoch_005_ep5_semantic_strict_gpt0,0.016,0.054,0.088,0.133,0.016,0.0354863986652293,0.0463804218980965,0.0577558521503715,2000.0,0.006,0.026,0.0475,0.0745,0.006,0.0165524704062647,0.0235298142829465,0.0303036528498954,2000.0,gpt2_rqvae_semantic_strict_final_test2000,,1,5,C:\Users\Admin\Documents\GitHub\plum_sid_coursework/checkpoints/rqvae_longitudinal_l4/rqvae_l4_seed1_epoch005.pt,0.4455242942680012,0.5247815251350403,0.5247815251350403,5,4,256,epoch_005,5,0.4455242942680012,0.0027090404923497,0.0139738165519454,4.288414348255504,1.645602464675903,2.2952449321746826,3.5367467403411865,5.82188081741333,3.324868738651276,1.5937394714050808,1.645602464675903,5.82188081741333,13.299474954605104,10.0,18.0,62.0,196.0,71.5,74.55702515524611,10.0,196.0,286.0,0.5247815251350403,0.0025639522355049,0.0183382239192724,5.038793563842773,2.0094008445739746,2.629591226577759,3.6871376037597656,5.863180160522461,3.54732745885849,1.4654503297098722,2.0094008445739746,5.863180160522461,14.18930983543396,7.0,17.0,38.0,119.0,45.25,44.02485093671528,7.0,119.0,181.0,1615.0,10486.0,257.0,0.1334600446244112,0.862869381904602,3.7602148950099945e-07,0.0209626313985445
rq1_epoch_005_ep5_semantic_strict_gpt1,completed,1,epoch_005,5,1,semantic_strict,1386.0,5.0,360.0,12101.0,0.0,39.0,1.507480106570504,40.0,6.79,/workspace/Data_hetero/rqvae_l4_seed1_epoch005.pt,gpt2_rqvae_semantic_strict_final_test2000/rq1_epoch_005_ep5_semantic_strict_gpt1,0.0155,0.0495,0.0825,0.122,0.0155,0.0328415449159927,0.0434372651151928,0.0533847455858926,2000.0,0.011,0.0315,0.0475,0.0705,0.011,0.0214893407674737,0.0267469412351236,0.0325339256752632,2000.0,gpt2_rqvae_semantic_strict_final_test2000,,1,5,C:\Users\Admin\Documents\GitHub\plum_sid_coursework/checkpoints/rqvae_longitudinal_l4/rqvae_l4_seed1_epoch005.pt,0.4455242942680012,0.5247815251350403,0.5247815251350403,5,4,256,epoch_005,5,0.4455242942680012,0.0027090404923497,0.0139738165519454,4.288414348255504,1.645602464675903,2.2952449321746826,3.5367467403411865,5.82188081741333,3.324868738651276,1.5937394714050808,1.645602464675903,5.82188081741333,13.299474954605104,10.0,18.0,62.0,196.0,71.5,74.55702515524611,10.0,196.0,286.0,0.5247815251350403,0.0025639522355049,0.0183382239192724,5.038793563842773,2.0094008445739746,2.629591226577759,3.6871376037597656,5.863180160522461,3.54732745885849,1.4654503297098722,2.0094008445739746,5.863180160522461,14.18930983543396,7.0,17.0,38.0,119.0,45.25,44.02485093671528,7.0,119.0,181.0,1615.0,10486.0,257.0,0.1334600446244112,0.862869381904602,3.7602148950099945e-07,0.0209626313985445
rq1_epoch_005_ep5_semantic_strict_gpt2,completed,1,epoch_005,5,2,semantic_strict,1386.0,5.0,360.0,12101.0,0.0,40.0,1.508013833652843,40.0,6.33,/workspace/Data_hetero/rqvae_l4_seed1_epoch005.pt,gpt2_rqvae_semantic_strict_final_test2000/rq1_epoch_005_ep5_semantic_strict_gpt2,0.0215,0.0615,0.0895,0.124,0.0215,0.0416166954300556,0.0506473737175443,0.0592800920670644,2000.0,0.007,0.032,0.044,0.0725,0.007,0.0197929591993643,0.0236545740332341,0.0307341950647357,2000.0,gpt2_rqvae_semantic_strict_final_test2000,,1,5,C:\Users\Admin\Documents\GitHub\plum_sid_coursework/checkpoints/rqvae_longitudinal_l4/rqvae_l4_seed1_epoch005.pt,0.4455242942680012,0.5247815251350403,0.5247815251350403,5,4,256,epoch_005,5,0.4455242942680012,0.0027090404923497,0.0139738165519454,4.288414348255504,1.645602464675903,2.2952449321746826,3.5367467403411865,5.82188081741333,3.324868738651276,1.5937394714050808,1.645602464675903,5.82188081741333,13.299474954605104,10.0,18.0,62.0,196.0,71.5,74.55702515524611,10.0,196.0,286.0,0.5247815251350403,0.0025639522355049,0.0183382239192724,5.038793563842773,2.0094008445739746,2.629591226577759,3.6871376037597656,5.863180160522461,3.54732745885849,1.4654503297098722,2.0094008445739746,5.863180160522461,14.18930983543396,7.0,17.0,38.0,119.0,45.25,44.02485093671528,7.0,119.0,181.0,1615.0,10486.0,257.0,0.1334600446244112,0.862869381904602,3.7602148950099945e-07,0.0209626313985445
rq2_epoch_005_ep5_semantic_strict_gpt0,completed,2,epoch_005,5,0,semantic_strict,1323.0,5.0,297.0,12101.0,0.0,40.0,1.514840602874756,40.0,5.25,/workspace/Data_hetero/rqvae_l4_seed2_epoch005.pt,gpt2_rqvae_semantic_strict_final_test2000/rq2_epoch_005_ep5_semantic_strict_gpt0,0.0135,0.061,0.0955,0.133,0.0135,0.0382959535505996,0.0493198496339001,0.0587572872117368,2000.0,0.009,0.0255,0.0505,0.0815,0.009,0.0171788955437024,0.0251347784086487,0.0329278641502539,2000.0,gpt2_rqvae_semantic_strict_final_test2000,,2,5,C:\Users\Admin\Documents\GitHub\plum_sid_coursework/checkpoints/rqvae_longitudinal_l4/rqvae_l4_seed2_epoch005.pt,0.4144455858252265,0.5100703835487366,0.5100703835487366,5,4,256,epoch_005,5,0.4144455858252265,0.0024589154318991,0.0070742019875483,4.049124641851946,2.227336406707764,3.359623670578003,5.515270233154297,6.366144180297852,4.367093622684479,1.6513683196402722,2.227336406707764,6.366144180297852,17.468374490737915,6.0,27.0,103.0,202.0,84.5,76.83911764199274,6.0,202.0,338.0,0.5100703835487366,0.0022925247903913,0.0090598929673433,4.987179756164551,2.429827690124512,3.1836156845092773,5.296849727630615,6.133090019226074,4.26084578037262,1.5076185355473442,2.429827690124512,6.133090019226074,17.04338312149048,7.0,20.0,75.0,113.0,53.75,42.681231238098086,7.0,113.0,215.0,3865.0,8236.0,170.0,0.3193950913147674,0.8991634249687195,8.998904377222061e-07,0.0112778866543436
rq2_epoch_005_ep5_semantic_strict_gpt1,completed,2,epoch_005,5,1,semantic_strict,1323.0,5.0,297.0,12101.0,0.0,40.0,1.513976514339447,40.0,5.08,/workspace/Data_hetero/rqvae_l4_seed2_epoch005.pt,gpt2_rqvae_semantic_strict_final_test2000/rq2_epoch_005_ep5_semantic_strict_gpt1,0.019,0.054,0.081,0.1135,0.019,0.0365758268437089,0.0452411591154747,0.0535161917205129,2000.0,0.011,0.0315,0.0545,0.081,0.011,0.0214544082970379,0.0287918548202176,0.0353205571048232,2000.0,gpt2_rqvae_semantic_strict_final_test2000,,2,5,C:\Users\Admin\Documents\GitHub\plum_sid_coursework/checkpoints/rqvae_longitudinal_l4/rqvae_l4_seed2_epoch005.pt,0.4144455858252265,0.5100703835487366,0.5100703835487366,5,4,256,epoch_005,5,0.4144455858252265,0.0024589154318991,0.0070742019875483,4.049124641851946,2.227336406707764,3.359623670578003,5.515270233154297,6.366144180297852,4.367093622684479,1.6513683196402722,2.227336406707764,6.366144180297852,17.468374490737915,6.0,27.0,103.0,202.0,84.5,76.83911764199274,6.0,202.0,338.0,0.5100703835487366,0.0022925247903913,0.0090598929673433,4.987179756164551,2.429827690124512,3.1836156845092773,5.296849727630615,6.133090019226074,4.26084578037262,1.5076185355473442,2.429827690124512,6.133090019226074,17.04338312149048,7.0,20.0,75.0,113.0,53.75,42.681231238098086,7.0,113.0,215.0,3865.0,8236.0,170.0,0.3193950913147674,0.8991634249687195,8.998904377222061e-07,0.0112778866543436
rq2_epoch_005_ep5_semantic_strict_gpt2,completed,2,epoch_005,5,2,semantic_strict,1323.0,5.0,297.0,12101.0,0.0,40.0,1.5103376507759094,40.0,6.45,/workspace/Data_hetero/rqvae_l4_seed2_epoch005.pt,gpt2_rqvae_semantic_strict_final_test2000/rq2_epoch_005_ep5_semantic_strict_gpt2,0.025,0.067,0.1005,0.1445,0.025,0.0454845911887939,0.0562671579332764,0.0673728952743651,2000.0,0.0065,0.0335,0.0505,0.081,0.0065,0.0203098383595216,0.0257576191843265,0.0334028668484093,2000.0,gpt2_rqvae_semantic_strict_final_test2000,,2,5,C:\Users\Admin\Documents\GitHub\plum_sid_coursework/checkpoints/rqvae_longitudinal_l4/rqvae_l4_seed2_epoch005.pt,0.4144455858252265,0.5100703835487366,0.5100703835487366,5,4,256,epoch_005,5,0.4144455858252265,0.0024589154318991,0.0070742019875483,4.049124641851946,2.227336406707764,3.359623670578003,5.515270233154297,6.366144180297852,4.367093622684479,1.6513683196402722,2.227336406707764,6.366144180297852,17.468374490737915,6.0,27.0,103.0,202.0,84.5,76.83911764199274,6.0,202.0,338.0,0.5100703835487366,0.0022925247903913,0.0090598929673433,4.987179756164551,2.429827690124512,3.1836156845092773,5.296849727630615,6.133090019226074,4.26084578037262,1.5076185355473442,2.429827690124512,6.133090019226074,17.04338312149048,7.0,20.0,75.0,113.0,53.75,42.681231238098086,7.0,113.0,215.0,3865.0,8236.0,170.0,0.3193950913147674,0.8991634249687195,8.998904377222061e-07,0.0112778866543436
rq0_epoch_003_ep3_semantic_strict_gpt0,completed,0,epoch_003,3,0,semantic_strict,1550.0,5.0,524.0,12101.0,0.0,40.0,1.4958888996731152,40.0,6.66,/workspace/Data_hetero/rqvae_l4_seed0_epoch003.pt,gpt2_rqvae_semantic_strict_final_test2000/rq0_epoch_003_ep3_semantic_strict_gpt0,0.0135,0.0555,0.092,0.138,0.0135,0.034451736606697,0.0461241273392617,0.0577299192040413,2000.0,0.008,0.031,0.048,0.0805,0.008,0.0192728280007468,0.0247309429568879,0.0329046499397392,2000.0,gpt2_rqvae_semantic_strict_final_test2000,,0,3,C:\Users\Admin\Documents\GitHub\plum_sid_coursework/checkpoints/rqvae_longitudinal_l4/rqvae_l4_seed0_epoch003.pt,0.4134250472892414,0.5105004906654358,0.5105004906654358,3,4,256,epoch_003,3,0.4134250472892414,0.0028698142004114,0.0065277997637167,4.040274262428284,2.093135356903076,2.8085639476776123,4.673008918762207,5.958927154541016,3.883408844470978,1.524107545845107,2.093135356903076,5.958927154541016,15.533635377883911,13.0,34.0,87.0,203.0,84.25,73.67284099313667,13.0,203.0,337.0,0.5105004906654358,0.0027220819611102,0.007719243876636,5.00059175491333,2.3419642448425293,2.977930784225464,4.681721210479736,6.000996112823486,4.000653088092804,1.4372226335428178,2.3419642448425293,6.000996112823486,16.002612352371216,9.0,17.0,52.0,125.0,50.75,45.81689099011412,9.0,125.0,203.0,1981.0,10120.0,317.0,0.1637054788860424,0.8733304142951965,4.6123750507831573e-07,0.0103558761688544
rq0_epoch_003_ep3_semantic_strict_gpt1,completed,0,epoch_003,3,1,semantic_strict,1550.0,5.0,524.0,12101.0,0.0,40.0,1.4993437907912517,40.0,7.05,/workspace/Data_hetero/rqvae_l4_seed0_epoch003.pt,gpt2_rqvae_semantic_strict_final_test2000/rq0_epoch_003_ep3_semantic_strict_gpt1,0.017,0.05,0.077,0.115,0.017,0.0331803531679749,0.0418150659029464,0.0512745154920895,2000.0,0.011,0.0385,0.055,0.077,0.011,0.0250160146086827,0.0304380233890319,0.0360173940626859,2000.0,gpt2_rqvae_semantic_strict_final_test2000,,0,3,C:\Users\Admin\Documents\GitHub\plum_sid_coursework/checkpoints/rqvae_longitudinal_l4/rqvae_l4_seed0_epoch003.pt,0.4134250472892414,0.5105004906654358,0.5105004906654358,3,4,256,epoch_003,3,0.4134250472892414,0.0028698142004114,0.0065277997637167,4.040274262428284,2.093135356903076,2.8085639476776123,4.673008918762207,5.958927154541016,3.883408844470978,1.524107545845107,2.093135356903076,5.958927154541016,15.533635377883911,13.0,34.0,87.0,203.0,84.25,73.67284099313667,13.0,203.0,337.0,0.5105004906654358,0.0027220819611102,0.007719243876636,5.00059175491333,2.3419642448425293,2.977930784225464,4.681721210479736,6.000996112823486,4.000653088092804,1.4372226335428178,2.3419642448425293,6.000996112823486,16.002612352371216,9.0,17.0,52.0,125.0,50.75,45.81689099011412,9.0,125.0,203.0,1981.0,10120.0,317.0,0.1637054788860424,0.8733304142951965,4.6123750507831573e-07,0.0103558761688544
rq0_epoch_003_ep3_semantic_strict_gpt2,completed,0,epoch_003,3,2,semantic_strict,1550.0,5.0,524.0,12101.0,0.0,40.0,1.502248541875319,40.0,6.11,/workspace/Data_hetero/rqvae_l4_seed0_epoch003.pt,gpt2_rqvae_semantic_strict_final_test2000/rq0_epoch_003_ep3_semantic_strict_gpt2,0.023,0.0675,0.099,0.134,0.023,0.044566586048712,0.0545976799095312,0.0636470474321689,2000.0,0.01,0.0335,0.051,0.077,0.01,0.0218542816992889,0.0274517123135537,0.0340153598571968,2000.0,gpt2_rqvae_semantic_strict_final_test2000,,0,3,C:\Users\Admin\Documents\GitHub\plum_sid_coursework/checkpoints/rqvae_longitudinal_l4/rqvae_l4_seed0_epoch003.pt,0.4134250472892414,0.5105004906654358,0.5105004906654358,3,4,256,epoch_003,3,0.4134250472892414,0.0028698142004114,0.0065277997637167,4.040274262428284,2.093135356903076,2.8085639476776123,4.673008918762207,5.958927154541016,3.883408844470978,1.524107545845107,2.093135356903076,5.958927154541016,15.533635377883911,13.0,34.0,87.0,203.0,84.25,73.67284099313667,13.0,203.0,337.0,0.5105004906654358,0.0027220819611102,0.007719243876636,5.00059175491333,2.3419642448425293,2.977930784225464,4.681721210479736,6.000996112823486,4.000653088092804,1.4372226335428178,2.3419642448425293,6.000996112823486,16.002612352371216,9.0,17.0,52.0,125.0,50.75,45.81689099011412,9.0,125.0,203.0,1981.0,10120.0,317.0,0.1637054788860424,0.8733304142951965,4.6123750507831573e-07,0.0103558761688544
rq1_epoch_003_ep3_semantic_strict_gpt0,completed,1,epoch_003,3,0,semantic_strict,2107.0,5.0,1081.0,12101.0,0.0,40.0,1.4802606430920688,40.0,8.78,/workspace/Data_hetero/rqvae_l4_seed1_epoch003.pt,gpt2_rqvae_semantic_strict_final_test2000/rq1_epoch_003_ep3_semantic_strict_gpt0,0.024,0.0655,0.099,0.1465,0.024,0.0443946084491214,0.0551329856788244,0.0670718886502287,2000.0,0.008,0.0335,0.051,0.0765,0.008,0.0205536311565692,0.0262239954397518,0.0326223171917328,2000.0,gpt2_rqvae_semantic_strict_final_test2000,,1,3,C:\Users\Admin\Documents\GitHub\plum_sid_coursework/checkpoints/rqvae_longitudinal_l4/rqvae_l4_seed1_epoch003.pt,0.5309907116673209,0.6026211380958557,0.6026211380958557,3,4,256,epoch_003,3,0.5309907116673209,0.0028766216816041,0.0259264227934181,5.021876638585871,-0.0,1.0246679782867432,2.0412497520446777,3.834630727767944,1.7251371145248413,1.4156840730408773,-0.0,3.834630727767944,6.900548458099365,1.0,4.0,6.0,77.0,22.0,31.804087787578503,1.0,77.0,88.0,0.6026211380958557,0.0025030716788023,0.024487879127264,5.7563018798828125,-0.0,1.039181351661682,2.202986240386963,3.5055267810821533,1.6869235932826996,1.3075663875655252,-0.0,3.5055267810821533,6.747694373130798,1.0,3.0,6.0,27.0,9.25,10.40132203135736,1.0,27.0,37.0,155.0,11946.0,1007.0,0.0128088587720023,0.8317640423774719,3.608874976634979e-08,0.0269999467685348
rq1_epoch_003_ep3_semantic_strict_gpt1,completed,1,epoch_003,3,1,semantic_strict,2107.0,5.0,1081.0,12101.0,0.0,40.0,1.492824446071278,40.0,7.76,/workspace/Data_hetero/rqvae_l4_seed1_epoch003.pt,gpt2_rqvae_semantic_strict_final_test2000/rq1_epoch_003_ep3_semantic_strict_gpt1,0.024,0.065,0.0975,0.137,0.024,0.0445726009297442,0.0549478904976917,0.0649165394365852,2000.0,0.0095,0.032,0.0475,0.0715,0.0095,0.0209763201724573,0.0259563250374601,0.0320068097718106,2000.0,gpt2_rqvae_semantic_strict_final_test2000,,1,3,C:\Users\Admin\Documents\GitHub\plum_sid_coursework/checkpoints/rqvae_longitudinal_l4/rqvae_l4_seed1_epoch003.pt,0.5309907116673209,0.6026211380958557,0.6026211380958557,3,4,256,epoch_003,3,0.5309907116673209,0.0028766216816041,0.0259264227934181,5.021876638585871,-0.0,1.0246679782867432,2.0412497520446777,3.834630727767944,1.7251371145248413,1.4156840730408773,-0.0,3.834630727767944,6.900548458099365,1.0,4.0,6.0,77.0,22.0,31.804087787578503,1.0,77.0,88.0,0.6026211380958557,0.0025030716788023,0.024487879127264,5.7563018798828125,-0.0,1.039181351661682,2.202986240386963,3.5055267810821533,1.6869235932826996,1.3075663875655252,-0.0,3.5055267810821533,6.747694373130798,1.0,3.0,6.0,27.0,9.25,10.40132203135736,1.0,27.0,37.0,155.0,11946.0,1007.0,0.0128088587720023,0.8317640423774719,3.608874976634979e-08,0.0269999467685348
rq1_epoch_003_ep3_semantic_strict_gpt2,completed,1,epoch_003,3,2,semantic_strict,2107.0,5.0,1081.0,12101.0,0.0,40.0,1.4892030520872637,40.0,7.59,/workspace/Data_hetero/rqvae_l4_seed1_epoch003.pt,gpt2_rqvae_semantic_strict_final_test2000/rq1_epoch_003_ep3_semantic_strict_gpt2,0.031,0.0805,0.1145,0.157,0.031,0.0568317894216841,0.0676521067037643,0.078438758536766,2000.0,0.0105,0.0355,0.0525,0.081,0.0105,0.023182767171091,0.0286714686771886,0.0358048966702899,2000.0,gpt2_rqvae_semantic_strict_final_test2000,,1,3,C:\Users\Admin\Documents\GitHub\plum_sid_coursework/checkpoints/rqvae_longitudinal_l4/rqvae_l4_seed1_epoch003.pt,0.5309907116673209,0.6026211380958557,0.6026211380958557,3,4,256,epoch_003,3,0.5309907116673209,0.0028766216816041,0.0259264227934181,5.021876638585871,-0.0,1.0246679782867432,2.0412497520446777,3.834630727767944,1.7251371145248413,1.4156840730408773,-0.0,3.834630727767944,6.900548458099365,1.0,4.0,6.0,77.0,22.0,31.804087787578503,1.0,77.0,88.0,0.6026211380958557,0.0025030716788023,0.024487879127264,5.7563018798828125,-0.0,1.039181351661682,2.202986240386963,3.5055267810821533,1.6869235932826996,1.3075663875655252,-0.0,3.5055267810821533,6.747694373130798,1.0,3.0,6.0,27.0,9.25,10.40132203135736,1.0,27.0,37.0,155.0,11946.0,1007.0,0.0128088587720023,0.8317640423774719,3.608874976634979e-08,0.0269999467685348
rq2_epoch_003_ep3_semantic_strict_gpt0,completed,2,epoch_003,3,0,semantic_strict,1405.0,5.0,379.0,12101.0,0.0,40.0,1.5143899104811929,40.0,3.98,/workspace/Data_hetero/rqvae_l4_seed2_epoch003.pt,gpt2_rqvae_semantic_strict_final_test2000/rq2_epoch_003_ep3_semantic_strict_gpt0,0.016,0.0515,0.0785,0.1225,0.016,0.0343223305178407,0.0429003868608342,0.0539733734082516,2000.0,0.006,0.025,0.043,0.071,0.006,0.0152203837189775,0.021007691819597,0.0281403640163841,2000.0,gpt2_rqvae_semantic_strict_final_test2000,,2,3,C:\Users\Admin\Documents\GitHub\plum_sid_coursework/checkpoints/rqvae_longitudinal_l4/rqvae_l4_seed2_epoch003.pt,0.4712424860759215,0.5448081493377686,0.5448081493377686,3,4,256,epoch_003,3,0.4712424860759215,0.0026799109658565,0.0097962820013477,4.587662848559293,1.6261920928955078,2.605032444000244,4.713809013366699,6.032341957092285,3.744343876838684,1.7291179389363154,1.6261920928955078,6.032341957092285,14.977375507354736,4.0,27.0,88.0,200.0,79.75,75.90907389765732,4.0,200.0,319.0,0.5448081493377686,0.0025266390293836,0.0135884117335081,5.286930561065674,1.8931281566619875,2.744009494781494,4.584963798522949,5.66491174697876,3.7217532992362976,1.4849957894145924,1.8931281566619875,5.66491174697876,14.88701319694519,4.0,13.0,43.0,111.0,42.75,41.96650450061335,4.0,111.0,171.0,1642.0,10459.0,306.0,0.1356912651846955,0.8639981746673584,3.8230791687965393e-07,0.0160985076523308
rq2_epoch_003_ep3_semantic_strict_gpt1,completed,2,epoch_003,3,1,semantic_strict,1405.0,5.0,379.0,12101.0,0.0,40.0,1.5249285318634729,40.0,4.16,/workspace/Data_hetero/rqvae_l4_seed2_epoch003.pt,gpt2_rqvae_semantic_strict_final_test2000/rq2_epoch_003_ep3_semantic_strict_gpt1,0.021,0.0505,0.078,0.1155,0.021,0.0357861324074835,0.0448184951859018,0.0542362242000444,2000.0,0.009,0.0235,0.044,0.073,0.009,0.0158166386893379,0.022483523086461,0.0296997512356817,2000.0,gpt2_rqvae_semantic_strict_final_test2000,,2,3,C:\Users\Admin\Documents\GitHub\plum_sid_coursework/checkpoints/rqvae_longitudinal_l4/rqvae_l4_seed2_epoch003.pt,0.4712424860759215,0.5448081493377686,0.5448081493377686,3,4,256,epoch_003,3,0.4712424860759215,0.0026799109658565,0.0097962820013477,4.587662848559293,1.6261920928955078,2.605032444000244,4.713809013366699,6.032341957092285,3.744343876838684,1.7291179389363154,1.6261920928955078,6.032341957092285,14.977375507354736,4.0,27.0,88.0,200.0,79.75,75.90907389765732,4.0,200.0,319.0,0.5448081493377686,0.0025266390293836,0.0135884117335081,5.286930561065674,1.8931281566619875,2.744009494781494,4.584963798522949,5.66491174697876,3.7217532992362976,1.4849957894145924,1.8931281566619875,5.66491174697876,14.88701319694519,4.0,13.0,43.0,111.0,42.75,41.96650450061335,4.0,111.0,171.0,1642.0,10459.0,306.0,0.1356912651846955,0.8639981746673584,3.8230791687965393e-07,0.0160985076523308
rq2_epoch_003_ep3_semantic_strict_gpt2,completed,2,epoch_003,3,2,semantic_strict,1405.0,5.0,379.0,12101.0,0.0,39.0,1.5246782411228528,40.0,3.88,/workspace/Data_hetero/rqvae_l4_seed2_epoch003.pt,gpt2_rqvae_semantic_strict_final_test2000/rq2_epoch_003_ep3_semantic_strict_gpt2,0.021,0.065,0.094,0.1305,0.021,0.0431946394029126,0.0526459599393449,0.0618235526804102,2000.0,0.009,0.033,0.05,0.0785,0.009,0.0210785112587286,0.0265715115486241,0.0336852042294637,2000.0,gpt2_rqvae_semantic_strict_final_test2000,,2,3,C:\Users\Admin\Documents\GitHub\plum_sid_coursework/checkpoints/rqvae_longitudinal_l4/rqvae_l4_seed2_epoch003.pt,0.4712424860759215,0.5448081493377686,0.5448081493377686,3,4,256,epoch_003,3,0.4712424860759215,0.0026799109658565,0.0097962820013477,4.587662848559293,1.6261920928955078,2.605032444000244,4.713809013366699,6.032341957092285,3.744343876838684,1.7291179389363154,1.6261920928955078,6.032341957092285,14.977375507354736,4.0,27.0,88.0,200.0,79.75,75.90907389765732,4.0,200.0,319.0,0.5448081493377686,0.0025266390293836,0.0135884117335081,5.286930561065674,1.8931281566619875,2.744009494781494,4.584963798522949,5.66491174697876,3.7217532992362976,1.4849957894145924,1.8931281566619875,5.66491174697876,14.88701319694519,4.0,13.0,43.0,111.0,42.75,41.96650450061335,4.0,111.0,171.0,1642.0,10459.0,306.0,0.1356912651846955,0.8639981746673584,3.8230791687965393e-07,0.0160985076523308
rq0_epoch_001_ep1_semantic_strict_gpt0,completed,0,epoch_001,1,0,semantic_strict,1930.0,5.0,904.0,12101.0,0.0,40.0,1.4802888144146311,40.0,7.79,/workspace/Data_hetero/rqvae_l4_seed0_epoch001.pt,gpt2_rqvae_semantic_strict_final_test2000/rq0_epoch_001_ep1_semantic_strict_gpt0,0.021,0.0585,0.085,0.135,0.021,0.0401889870987221,0.0486626921095824,0.0612906568002133,2000.0,0.0085,0.0315,0.052,0.0765,0.0085,0.0199377868241054,0.0265490120979594,0.0328078763848745,2000.0,gpt2_rqvae_semantic_strict_final_test2000,,0,1,C:\Users\Admin\Documents\GitHub\plum_sid_coursework/checkpoints/rqvae_longitudinal_l4/rqvae_l4_seed0_epoch001.pt,0.5911985662850466,0.5901392102241516,0.5901392102241516,1,4,256,epoch_001,1,0.5911985662850466,0.0416278661313382,0.0244333280081098,5.251373529434204,0.7497637867927551,3.09992790222168,4.010491847991943,5.566647529602051,3.3567077666521072,1.7445171390518388,0.7497637867927551,5.566647529602051,13.426831066608427,256.0,256.0,256.0,256.0,256.0,0.0,256.0,256.0,1024.0,0.5901392102241516,0.0073129963129758,0.0175153128802776,5.653108596801758,0.805287778377533,2.104227066040039,3.0754828453063965,4.211155414581299,2.549038276076317,1.2528268113931915,0.805287778377533,4.211155414581299,10.196153104305267,3.0,6.0,13.0,40.0,15.5,14.603081866510234,3.0,40.0,62.0,194.0,11907.0,827.0,0.0160317329146351,0.8174256086349487,4.5169144868850715e-08,0.0247538885898699
rq0_epoch_001_ep1_semantic_strict_gpt1,completed,0,epoch_001,1,1,semantic_strict,1930.0,5.0,904.0,12101.0,0.0,40.0,1.4847670197486875,40.0,7.62,/workspace/Data_hetero/rqvae_l4_seed0_epoch001.pt,gpt2_rqvae_semantic_strict_final_test2000/rq0_epoch_001_ep1_semantic_strict_gpt1,0.021,0.0505,0.08,0.1145,0.021,0.0357858616580109,0.04529744995686,0.0540286981362533,2000.0,0.008,0.0285,0.042,0.07,0.008,0.0183023789164647,0.022686385672284,0.0297472276657879,2000.0,gpt2_rqvae_semantic_strict_final_test2000,,0,1,C:\Users\Admin\Documents\GitHub\plum_sid_coursework/checkpoints/rqvae_longitudinal_l4/rqvae_l4_seed0_epoch001.pt,0.5911985662850466,0.5901392102241516,0.5901392102241516,1,4,256,epoch_001,1,0.5911985662850466,0.0416278661313382,0.0244333280081098,5.251373529434204,0.7497637867927551,3.09992790222168,4.010491847991943,5.566647529602051,3.3567077666521072,1.7445171390518388,0.7497637867927551,5.566647529602051,13.426831066608427,256.0,256.0,256.0,256.0,256.0,0.0,256.0,256.0,1024.0,0.5901392102241516,0.0073129963129758,0.0175153128802776,5.653108596801758,0.805287778377533,2.104227066040039,3.0754828453063965,4.211155414581299,2.549038276076317,1.2528268113931915,0.805287778377533,4.211155414581299,10.196153104305267,3.0,6.0,13.0,40.0,15.5,14.603081866510234,3.0,40.0,62.0,194.0,11907.0,827.0,0.0160317329146351,0.8174256086349487,4.5169144868850715e-08,0.0247538885898699
rq0_epoch_001_ep1_semantic_strict_gpt2,completed,0,epoch_001,1,2,semantic_strict,1930.0,5.0,904.0,12101.0,0.0,40.0,1.48228182034059,40.0,7.6,/workspace/Data_hetero/rqvae_l4_seed0_epoch001.pt,gpt2_rqvae_semantic_strict_final_test2000/rq0_epoch_001_ep1_semantic_strict_gpt2,0.0285,0.0695,0.1015,0.145,0.0285,0.0495133432559108,0.0597726468360608,0.0708452287227283,2000.0,0.009,0.0345,0.053,0.0705,0.009,0.0215281314654815,0.027424030160588,0.0318035200409395,2000.0,gpt2_rqvae_semantic_strict_final_test2000,,0,1,C:\Users\Admin\Documents\GitHub\plum_sid_coursework/checkpoints/rqvae_longitudinal_l4/rqvae_l4_seed0_epoch001.pt,0.5911985662850466,0.5901392102241516,0.5901392102241516,1,4,256,epoch_001,1,0.5911985662850466,0.0416278661313382,0.0244333280081098,5.251373529434204,0.7497637867927551,3.09992790222168,4.010491847991943,5.566647529602051,3.3567077666521072,1.7445171390518388,0.7497637867927551,5.566647529602051,13.426831066608427,256.0,256.0,256.0,256.0,256.0,0.0,256.0,256.0,1024.0,0.5901392102241516,0.0073129963129758,0.0175153128802776,5.653108596801758,0.805287778377533,2.104227066040039,3.0754828453063965,4.211155414581299,2.549038276076317,1.2528268113931915,0.805287778377533,4.211155414581299,10.196153104305267,3.0,6.0,13.0,40.0,15.5,14.603081866510234,3.0,40.0,62.0,194.0,11907.0,827.0,0.0160317329146351,0.8174256086349487,4.5169144868850715e-08,0.0247538885898699
rq1_epoch_001_ep1_semantic_strict_gpt0,completed,1,epoch_001,1,0,semantic_strict,10269.0,5.0,9243.0,12101.0,0.0,31.0,1.3679595725102858,38.0,10.1,/workspace/Data_hetero/rqvae_l4_seed1_epoch001.pt,gpt2_rqvae_semantic_strict_final_test2000/rq1_epoch_001_ep1_semantic_strict_gpt0,0.0455,0.113,0.154,0.2315,0.0455,0.0805311650034599,0.0937560389523099,0.1132677446069576,2000.0,0.0105,0.032,0.0585,0.076,0.0105,0.0216460409616055,0.0300473078644045,0.0345213389004062,2000.0,gpt2_rqvae_semantic_strict_final_test2000,,1,1,C:\Users\Admin\Documents\GitHub\plum_sid_coursework/checkpoints/rqvae_longitudinal_l4/rqvae_l4_seed1_epoch001.pt,0.672648627649654,0.7285810112953186,0.7285810112953186,1,4,256,epoch_001,1,0.672648627649654,0.0402338861022144,0.0172661664493551,6.151485594836148,0.633711576461792,2.6953001022338867,2.5083487033843994,3.736131429672241,2.39337295293808,1.118457410161028,0.633711576461792,3.736131429672241,9.57349181175232,256.0,256.0,256.0,256.0,256.0,0.0,256.0,256.0,1024.0,0.7285810112953186,0.0048725637607276,0.0150464102625846,7.086620330810547,-0.0,0.7944900989532471,-0.0,-0.0,0.1986225247383117,0.3440243043743622,-0.0,0.7944900989532471,0.7944900989532471,1.0,2.0,1.0,1.0,1.25,0.4330127018922193,1.0,2.0,5.0,2.0,12099.0,9171.0,0.000165275597058,0.7347215414047241,4.656612873077393e-10,0.0199207497997543
rq1_epoch_001_ep1_semantic_strict_gpt1,completed,1,epoch_001,1,1,semantic_strict,10269.0,5.0,9243.0,12101.0,0.0,33.0,1.3174328858202151,40.0,9.5,/workspace/Data_hetero/rqvae_l4_seed1_epoch001.pt,gpt2_rqvae_semantic_strict_final_test2000/rq1_epoch_001_ep1_semantic_strict_gpt1,0.06,0.1535,0.2015,0.2675,0.06,0.1076179345538464,0.1230476547618235,0.1396567107226607,2000.0,0.0135,0.04,0.0565,0.0835,0.0135,0.026314857674967,0.0316192946318671,0.0384369273165809,2000.0,gpt2_rqvae_semantic_strict_final_test2000,,1,1,C:\Users\Admin\Documents\GitHub\plum_sid_coursework/checkpoints/rqvae_longitudinal_l4/rqvae_l4_seed1_epoch001.pt,0.672648627649654,0.7285810112953186,0.7285810112953186,1,4,256,epoch_001,1,0.672648627649654,0.0402338861022144,0.0172661664493551,6.151485594836148,0.633711576461792,2.6953001022338867,2.5083487033843994,3.736131429672241,2.39337295293808,1.118457410161028,0.633711576461792,3.736131429672241,9.57349181175232,256.0,256.0,256.0,256.0,256.0,0.0,256.0,256.0,1024.0,0.7285810112953186,0.0048725637607276,0.0150464102625846,7.086620330810547,-0.0,0.7944900989532471,-0.0,-0.0,0.1986225247383117,0.3440243043743622,-0.0,0.7944900989532471,0.7944900989532471,1.0,2.0,1.0,1.0,1.25,0.4330127018922193,1.0,2.0,5.0,2.0,12099.0,9171.0,0.000165275597058,0.7347215414047241,4.656612873077393e-10,0.0199207497997543
rq1_epoch_001_ep1_semantic_strict_gpt2,completed,1,epoch_001,1,2,semantic_strict,10269.0,5.0,9243.0,12101.0,0.0,31.0,1.36150353605097,38.0,8.39,/workspace/Data_hetero/rqvae_l4_seed1_epoch001.pt,gpt2_rqvae_semantic_strict_final_test2000/rq1_epoch_001_ep1_semantic_strict_gpt2,0.0485,0.1145,0.1635,0.2285,0.0485,0.0821872191465988,0.0981080058163566,0.1144701089720551,2000.0,0.0095,0.036,0.061,0.084,0.0095,0.0234872893411993,0.031607211256148,0.0373489172549204,2000.0,gpt2_rqvae_semantic_strict_final_test2000,,1,1,C:\Users\Admin\Documents\GitHub\plum_sid_coursework/checkpoints/rqvae_longitudinal_l4/rqvae_l4_seed1_epoch001.pt,0.672648627649654,0.7285810112953186,0.7285810112953186,1,4,256,epoch_001,1,0.672648627649654,0.0402338861022144,0.0172661664493551,6.151485594836148,0.633711576461792,2.6953001022338867,2.5083487033843994,3.736131429672241,2.39337295293808,1.118457410161028,0.633711576461792,3.736131429672241,9.57349181175232,256.0,256.0,256.0,256.0,256.0,0.0,256.0,256.0,1024.0,0.7285810112953186,0.0048725637607276,0.0150464102625846,7.086620330810547,-0.0,0.7944900989532471,-0.0,-0.0,0.1986225247383117,0.3440243043743622,-0.0,0.7944900989532471,0.7944900989532471,1.0,2.0,1.0,1.0,1.25,0.4330127018922193,1.0,2.0,5.0,2.0,12099.0,9171.0,0.000165275597058,0.7347215414047241,4.656612873077393e-10,0.0199207497997543
rq2_epoch_001_ep1_semantic_strict_gpt0,completed,2,epoch_001,1,0,semantic_strict,2537.0,5.0,1511.0,12101.0,0.0,40.0,1.4380720420317217,40.0,6.41,/workspace/Data_hetero/rqvae_l4_seed2_epoch001.pt,gpt2_rqvae_semantic_strict_final_test2000/rq2_epoch_001_ep1_semantic_strict_gpt0,0.0275,0.0795,0.106,0.163,0.0275,0.0533169482879846,0.0618951373813693,0.0763184290034775,2000.0,0.006,0.0295,0.043,0.07,0.006,0.0176937229400162,0.0221749170403276,0.0290028525149698,2000.0,gpt2_rqvae_semantic_strict_final_test2000,,2,1,C:\Users\Admin\Documents\GitHub\plum_sid_coursework/checkpoints/rqvae_longitudinal_l4/rqvae_l4_seed2_epoch001.pt,0.6561891626227986,0.6401509642601013,0.6401509642601013,1,4,256,epoch_001,1,0.6561891626227986,0.0403938122855668,0.0185093050663867,5.972860379652544,0.6450104117393494,2.421855926513672,3.722626209259033,4.879775047302246,2.917316898703575,1.5738982985196102,0.6450104117393494,4.879775047302246,11.6692675948143,256.0,256.0,256.0,256.0,256.0,0.0,256.0,256.0,1024.0,0.6401509642601013,0.0046213055029511,0.0222067683935165,6.133228778839111,-0.0,1.7488737106323242,2.42435073852539,4.008086204528809,2.045327663421631,1.4376482340121035,-0.0,4.008086204528809,8.181310653686523,1.0,4.0,8.0,37.0,12.5,14.361406616345072,1.0,37.0,50.0,138.0,11963.0,1454.0,0.0114040161970085,0.8168667554855347,3.2130628824234015e-08,0.0269524267988639
rq2_epoch_001_ep1_semantic_strict_gpt1,completed,2,epoch_001,1,1,semantic_strict,2537.0,5.0,1511.0,12101.0,0.0,40.0,1.4505866034464403,40.0,6.4,/workspace/Data_hetero/rqvae_l4_seed2_epoch001.pt,gpt2_rqvae_semantic_strict_final_test2000/rq2_epoch_001_ep1_semantic_strict_gpt1,0.025,0.0685,0.0975,0.148,0.025,0.0471202963079716,0.056341940863516,0.0690472805142434,2000.0,0.008,0.028,0.043,0.067,0.008,0.0182559491781585,0.0231258580187695,0.0291908772530778,2000.0,gpt2_rqvae_semantic_strict_final_test2000,,2,1,C:\Users\Admin\Documents\GitHub\plum_sid_coursework/checkpoints/rqvae_longitudinal_l4/rqvae_l4_seed2_epoch001.pt,0.6561891626227986,0.6401509642601013,0.6401509642601013,1,4,256,epoch_001,1,0.6561891626227986,0.0403938122855668,0.0185093050663867,5.972860379652544,0.6450104117393494,2.421855926513672,3.722626209259033,4.879775047302246,2.917316898703575,1.5738982985196102,0.6450104117393494,4.879775047302246,11.6692675948143,256.0,256.0,256.0,256.0,256.0,0.0,256.0,256.0,1024.0,0.6401509642601013,0.0046213055029511,0.0222067683935165,6.133228778839111,-0.0,1.7488737106323242,2.42435073852539,4.008086204528809,2.045327663421631,1.4376482340121035,-0.0,4.008086204528809,8.181310653686523,1.0,4.0,8.0,37.0,12.5,14.361406616345072,1.0,37.0,50.0,138.0,11963.0,1454.0,0.0114040161970085,0.8168667554855347,3.2130628824234015e-08,0.0269524267988639
rq2_epoch_001_ep1_semantic_strict_gpt2,completed,2,epoch_001,1,2,semantic_strict,2537.0,5.0,1511.0,12101.0,0.0,40.0,1.4428582652048632,40.0,6.46,/workspace/Data_hetero/rqvae_l4_seed2_epoch001.pt,gpt2_rqvae_semantic_strict_final_test2000/rq2_epoch_001_ep1_semantic_strict_gpt2,0.036,0.089,0.123,0.1775,0.036,0.0629754556209828,0.0740129884589839,0.0878399474280714,2000.0,0.01,0.04,0.061,0.082,0.01,0.0250927060038662,0.0317639348053665,0.0370498905994584,2000.0,gpt2_rqvae_semantic_strict_final_test2000,,2,1,C:\Users\Admin\Documents\GitHub\plum_sid_coursework/checkpoints/rqvae_longitudinal_l4/rqvae_l4_seed2_epoch001.pt,0.6561891626227986,0.6401509642601013,0.6401509642601013,1,4,256,epoch_001,1,0.6561891626227986,0.0403938122855668,0.0185093050663867,5.972860379652544,0.6450104117393494,2.421855926513672,3.722626209259033,4.879775047302246,2.917316898703575,1.5738982985196102,0.6450104117393494,4.879775047302246,11.6692675948143,256.0,256.0,256.0,256.0,256.0,0.0,256.0,256.0,1024.0,0.6401509642601013,0.0046213055029511,0.0222067683935165,6.133228778839111,-0.0,1.7488737106323242,2.42435073852539,4.008086204528809,2.045327663421631,1.4376482340121035,-0.0,4.008086204528809,8.181310653686523,1.0,4.0,8.0,37.0,12.5,14.361406616345072,1.0,37.0,50.0,138.0,11963.0,1454.0,0.0114040161970085,0.8168667554855347,3.2130628824234015e-08,0.0269524267988639
