slice,sid_metric,target_metric,n,n_unique_sid,n_unique_target,spearman_rho,spearman_p,pearson_r,pearson_p,kendall_tau,kendall_p,abs_spearman
mean_gpt2_seeds,rq_train_sids_num_std,gpt2_best_val_loss,53,16,53,0.4222078379811635,0.0016377822823715462,0.3945491395863304,0.003461393175159694,0.2870984612852723,0.003039334697704703,0.4222078379811635
mean_gpt2_seeds,rq_val_sids_num_std,gpt2_best_val_loss,53,17,53,0.3974801460828679,0.003206924397185682,0.46262524765914936,0.00048701060285029915,0.25164146329143733,0.009138096507552986,0.3974801460828679
mean_gpt2_seeds,rq_train_sids_num_l0,gpt2_best_val_loss,53,16,53,-0.2647593299272801,0.05538308129794806,-0.2566550763075341,0.06357741070529058,-0.18866470313032177,0.051463453522822215,0.2647593299272801
mean_gpt2_seeds,rq_train_sids_num_min,gpt2_best_val_loss,53,16,53,-0.2647593299272801,0.05538308129794806,-0.2566550763075341,0.06357741070529058,-0.18866470313032177,0.051463453522822215,0.2647593299272801
mean_gpt2_seeds,sid_max_cluster_size,gpt2_best_val_loss,53,18,53,-0.2532552568621328,0.06729222618568344,-0.5983137476409611,2.2281173992635895e-06,-0.18050675359570015,0.060772279265464774,0.2532552568621328
mean_gpt2_seeds,rq_train_sids_num_mean,gpt2_best_val_loss,53,16,53,-0.2502032274877839,0.07077278538169958,-0.096533711454007,0.49168788889836856,-0.17971617966168993,0.06356497880038556,0.2502032274877839
mean_gpt2_seeds,rq_train_sids_num_sum,gpt2_best_val_loss,53,16,53,-0.2502032274877839,0.07077278538169958,-0.096533711454007,0.49168788889836856,-0.17971617966168993,0.06356497880038556,0.2502032274877839
mean_gpt2_seeds,rq_train_entropy_l3,gpt2_best_val_loss,53,18,53,0.2474416498179519,0.07404415528781065,0.5466325958708805,2.2891215211601878e-05,0.17162937227132147,0.07459799133307109,0.2474416498179519
mean_gpt2_seeds,rq_train_entropy_max,gpt2_best_val_loss,53,18,53,0.2474416498179519,0.07404415528781065,0.5466325958708805,2.2891215211601878e-05,0.17162937227132147,0.07459799133307109,0.2474416498179519
mean_gpt2_seeds,rq_val_sids_num_l1,gpt2_best_val_loss,53,15,53,0.24348043559347357,0.07894469597618485,0.31705221761493335,0.02071347454058607,0.17116158441245952,0.07787413191467016,0.24348043559347357
mean_gpt2_seeds,sid_path_avg_similarity,gpt2_best_val_loss,53,18,53,0.2336343330880221,0.09223650794746192,0.5716208143736287,7.795977976684652e-06,0.14351766474412225,0.13598857594470806,0.2336343330880221
mean_gpt2_seeds,rqvae_best_val_loss,gpt2_best_val_loss,53,15,53,-0.232440714796759,0.09395976143003598,-0.5731626479858416,7.273497233369144e-06,-0.14425408642622137,0.13728470475910026,0.232440714796759
mean_gpt2_seeds,rqvae_val_loss,gpt2_best_val_loss,53,18,53,-0.23121199681961335,0.09575974640485192,-0.5775876347096698,5.948770636519284e-06,-0.13907897408193293,0.14851782270282837,0.23121199681961335
mean_gpt2_seeds,rq_val_entropy_l1,gpt2_best_val_loss,53,18,53,0.23121199681961335,0.09575974640485192,0.4466766031225482,0.0008000700944425505,0.14499722829818537,0.1319986637681527,0.23121199681961335
mean_gpt2_seeds,sid_unique_total,gpt2_best_val_loss,53,18,53,0.23072752956593162,0.09647677389706764,0.45009789515292503,0.0007207026464946891,0.13464028341974357,0.161910033698916,0.23072752956593162
mean_gpt2_seeds,sid_collisions,gpt2_best_val_loss,53,18,53,-0.23072752956593162,0.09647677389706764,-0.45009789515292503,0.0007207026464946891,-0.13464028341974357,0.161910033698916,0.23072752956593162
mean_gpt2_seeds,sid_icr,gpt2_best_val_loss,53,18,53,0.23072752956593162,0.09647677389706764,0.450097895152925,0.0007207026464946891,0.13464028341974357,0.161910033698916,0.23072752956593162
mean_gpt2_seeds,sid_cur_total,gpt2_best_val_loss,53,18,53,0.23072752956593162,0.09647677389706764,0.45009789515292503,0.0007207026464946891,0.13464028341974357,0.161910033698916,0.23072752956593162
mean_gpt2_seeds,rqvae_train_loss,gpt2_best_val_loss,53,18,53,-0.23048529593909076,0.09683684680650673,-0.5545742987447416,1.640836691616705e-05,-0.15239504606850096,0.11339473480012452,0.23048529593909076
mean_gpt2_seeds,rq_val_sids_num_l2,gpt2_best_val_loss,53,17,53,0.22649097348441466,0.10292584484873103,0.4068927187634455,0.0024978972243133142,0.1358418518652892,0.15935789230182285,0.22649097348441466
mean_gpt2_seeds,rq_val_entropy_max,gpt2_best_val_loss,53,18,53,0.2256406234022733,0.10425946363311209,0.6262563597795213,5.288282777976344e-07,0.13464028341974357,0.161910033698916,0.2256406234022733
mean_gpt2_seeds,rq_val_entropy_l3,gpt2_best_val_loss,53,18,53,0.2237027543875463,0.10734838194815448,0.6372531748568332,2.885906032330683e-07,0.12724246564942798,0.18622607109967504,0.2237027543875463
mean_gpt2_seeds,rq_val_entropy_l0,gpt2_best_val_loss,53,16,53,0.22238489838119127,0.10948886103666595,0.46601010165655227,0.00043693976130074186,0.13199072116232,0.17302543703916073,0.22238489838119127
mean_gpt2_seeds,rq_val_entropy_l2,gpt2_best_val_loss,53,18,53,0.22176488537281933,0.11050714794613241,0.5743516544653006,6.892961896289436e-06,0.12724246564942798,0.18622607109967504,0.22176488537281933
mean_gpt2_seeds,rq_val_entropy_min,gpt2_best_val_loss,53,16,53,0.22117188984456657,0.11148783653541969,0.4624621036355336,0.0004895500691302195,0.12900788000610938,0.18294083412058348,0.22117188984456657
mean_gpt2_seeds,rq_val_sids_num_max,gpt2_best_val_loss,53,16,53,0.21970361897416799,0.11394471104361482,0.5199514877936955,6.600723593646974e-05,0.14152237889982822,0.14374914013030013,0.21970361897416799
mean_gpt2_seeds,rq_val_sids_num_mean,gpt2_best_val_loss,53,18,53,0.21958478273125148,0.11414535581461303,0.3961714916826134,0.0033184225884727117,0.11836508432504929,0.21884481038972348,0.21958478273125148
mean_gpt2_seeds,rq_val_sids_num_sum,gpt2_best_val_loss,53,18,53,0.21958478273125148,0.11414535581461303,0.3961714916826134,0.0033184225884727117,0.11836508432504929,0.21884481038972348,0.21958478273125148
mean_gpt2_seeds,rq_train_entropy_l0,gpt2_best_val_loss,53,18,53,0.21934254910441062,0.11455518193685159,0.4322479316782432,0.0012285089864745656,0.1361198469738067,0.15734824804443803,0.21934254910441062
mean_gpt2_seeds,rq_train_entropy_min,gpt2_best_val_loss,53,18,53,0.21934254910441062,0.11455518193685159,0.43190455364420866,0.001240830001423176,0.1361198469738067,0.15734824804443803,0.21934254910441062
mean_gpt2_seeds,rq_val_entropy_mean,gpt2_best_val_loss,53,18,53,0.21885808185072883,0.11537820318660158,0.5368669813974684,3.408213057240853e-05,0.11540595721692305,0.23058024227608276,0.21885808185072883
mean_gpt2_seeds,rq_val_entropy_sum,gpt2_best_val_loss,53,18,53,0.21885808185072883,0.11537820318660158,0.5368669813974684,3.408213057240853e-05,0.11540595721692305,0.23058024227608276,0.21885808185072883
mean_gpt2_seeds,rq_train_entropy_l2,gpt2_best_val_loss,53,18,53,0.21788914734336537,0.11703776933167337,0.48797183761874635,0.00021017993025121423,0.14055853763599602,0.14424700745453706,0.21788914734336537
mean_gpt2_seeds,rq_train_entropy_mean,gpt2_best_val_loss,53,18,53,0.21522457744811577,0.12169534128140981,0.4540324082942139,0.0006382515397267643,0.13316071986568045,0.16657094725166677,0.21522457744811577
mean_gpt2_seeds,rq_train_entropy_sum,gpt2_best_val_loss,53,18,53,0.21522457744811577,0.12169534128140981,0.45403240829421393,0.0006382515397267605,0.13316071986568045,0.16657094725166677,0.21522457744811577
mean_gpt2_seeds,rq_val_sids_num_l3,gpt2_best_val_loss,53,18,53,0.21352894206022965,0.1247316266999839,0.526294716865351,5.172854015243549e-05,0.12576290209536486,0.19139752887294892,0.21352894206022965
mean_gpt2_seeds,rq_val_sids_num_l0,gpt2_best_val_loss,53,15,53,0.2131614588378215,0.12539715129347703,0.29943609007137245,0.029391510605945408,0.13319652444775698,0.17034439835267678,0.2131614588378215
mean_gpt2_seeds,rq_val_sids_num_min,gpt2_best_val_loss,53,15,53,0.2131614588378215,0.12539715129347703,0.29943609007137245,0.029391510605945408,0.13319652444775698,0.17034439835267678,0.2131614588378215
mean_gpt2_seeds,rqvae_total_loss,gpt2_best_val_loss,53,18,53,-0.19140493747542991,0.16976670575475564,-0.4729981956447598,0.00034801326242683145,-0.11836508432504929,0.21884481038972348,0.19140493747542991
mean_gpt2_seeds,rq_train_entropy_l1,gpt2_best_val_loss,53,18,53,0.18542984134668836,0.1837418935333068,0.3721823060983725,0.0060646266963562115,0.1287220292034911,0.18115861743272565,0.18542984134668836
mean_gpt2_seeds,rq_train_sids_num_l3,gpt2_best_val_loss,53,10,53,-0.17653025031937508,0.20606049192608003,0.1015140589598251,0.46950622177666895,-0.13119772646402086,0.20130927293700263,0.17653025031937508
mean_gpt2_seeds,rq_train_sids_num_max,gpt2_best_val_loss,53,10,53,-0.17653025031937508,0.20606049192608003,0.1015140589598251,0.46950622177666895,-0.13119772646402086,0.20130927293700263,0.17653025031937508
mean_gpt2_seeds,rq_train_sids_num_l1,gpt2_best_val_loss,53,9,53,-0.17522083739396474,0.20949884697888965,-0.07869764894774307,0.5753867752159739,-0.12417445126647059,0.22821931857510025,0.17522083739396474
mean_gpt2_seeds,rq_train_sids_num_l2,gpt2_best_val_loss,53,10,53,-0.16570386358769282,0.23570304428701028,-0.019624199759935877,0.8890763821866768,-0.12783368219571264,0.2131077084630708,0.16570386358769282
mean_gpt2_seeds,rq_val_entropy_std,gpt2_best_val_loss,53,18,53,0.07093408039323568,0.613748070871148,-0.08769256590367554,0.5323694434990253,0.06510079637877711,0.498860913135171,0.07093408039323568
mean_gpt2_seeds,rq_train_entropy_std,gpt2_best_val_loss,53,18,53,-0.011990564528623219,0.9320911600039553,-0.23839636284153873,0.08560542556013157,0.001479563554063116,0.9877369407114626,0.011990564528623219
mean_gpt2_seeds,rq_val_entropy_mean,test_NDCG@1,53,18,33,0.6728207524457461,3.417491604304366e-08,0.6096064846793846,1.2668297053668205e-06,0.5106642336082597,1.4333307020284003e-07,0.6728207524457461
mean_gpt2_seeds,rq_val_entropy_sum,test_NDCG@1,53,18,33,0.6728207524457461,3.417491604304366e-08,0.6096064846793847,1.2668297053668065e-06,0.5106642336082597,1.4333307020284003e-07,0.6728207524457461
mean_gpt2_seeds,rq_val_entropy_min,test_NDCG@1,53,16,33,0.66882621694221,4.405660637468621e-08,0.6322784299078386,3.8066869011666205e-07,0.5064783784700054,2.1600547991401004e-07,0.66882621694221
mean_gpt2_seeds,rq_val_sids_num_mean,test_NDCG@1,53,18,33,0.6673670867849731,4.8293239792328795e-08,0.6446789676411908,1.8911161457939455e-07,0.5061847227871347,1.8403968845432553e-07,0.6673670867849731
mean_gpt2_seeds,rq_val_sids_num_sum,test_NDCG@1,53,18,33,0.6673670867849731,4.8293239792328795e-08,0.6446789676411908,1.8911161457939455e-07,0.5061847227871347,1.8403968845432553e-07,0.6673670867849731
mean_gpt2_seeds,rq_val_sids_num_l2,test_NDCG@1,53,17,33,0.6656095959456331,5.390430691291822e-08,0.6445218719717197,1.9083271355413098e-07,0.5026674161919804,2.4157368146055926e-07,0.6656095959456331
mean_gpt2_seeds,rq_val_sids_num_max,test_NDCG@1,53,16,33,0.6652456207403411,5.5140437750413295e-08,0.6093787322901305,1.2816159640218863e-06,0.5066489258555903,2.0983023196723704e-07,0.6652456207403411
mean_gpt2_seeds,rq_val_entropy_l1,test_NDCG@1,53,18,33,0.6628829616861152,6.38352549021716e-08,0.6410261197441761,2.3314738809169557e-07,0.5002120416923012,2.5601777762499255e-07,0.6628829616861152
mean_gpt2_seeds,rq_val_entropy_max,test_NDCG@1,53,18,33,0.6614286508432424,6.981088222623805e-08,0.5060747147395419,0.00011066044656495288,0.507677893060843,1.6936465541246314e-07,0.6614286508432424
mean_gpt2_seeds,rqvae_total_loss,test_NDCG@1,53,18,33,-0.6601763276174352,7.537352345480054e-08,-0.5558299142970724,1.5554760754262395e-05,-0.4852803389552176,5.750411851611157e-07,0.6601763276174352
mean_gpt2_seeds,rq_val_entropy_l0,test_NDCG@1,53,16,33,0.65923745562013,7.981393288062324e-08,0.6283176345133819,4.7292161660643664e-07,0.5004578331092921,3.0011697332671357e-07,0.65923745562013
mean_gpt2_seeds,rq_train_entropy_std,test_NDCG@1,53,18,33,-0.6573485009785159,8.950194205103011e-08,-0.6195634088218511,7.559193013076507e-07,-0.46437595512330054,1.7179205420096328e-06,0.6573485009785159
mean_gpt2_seeds,rq_val_entropy_l3,test_NDCG@1,53,18,33,0.6573081034551028,8.972070683363096e-08,0.4834560907366829,0.0002453015159269203,0.4972257011448845,3.015448705535153e-07,0.6573081034551028
mean_gpt2_seeds,rq_val_entropy_l2,test_NDCG@1,53,18,33,0.6571869108848634,9.038001597676172e-08,0.5745121723211001,6.843027770422849e-06,0.5031983822397179,2.1716509065933228e-07,0.6571869108848634
mean_gpt2_seeds,rq_val_sids_num_l0,test_NDCG@1,53,15,33,0.6560160734586292,9.698801586661449e-08,0.6166610502901385,8.803203716242681e-07,0.4984166438414504,3.6186158181851584e-07,0.6560160734586292
mean_gpt2_seeds,rq_val_sids_num_min,test_NDCG@1,53,15,33,0.6560160734586292,9.698801586661449e-08,0.6166610502901385,8.803203716242681e-07,0.4984166438414504,3.6186158181851584e-07,0.6560160734586292
mean_gpt2_seeds,rq_val_sids_num_l3,test_NDCG@1,53,18,33,0.6517332452240902,1.252255720203619e-07,0.6044778104008842,1.6415620586900444e-06,0.4852803389552176,5.750411851611157e-07,0.6517332452240902
mean_gpt2_seeds,rq_train_entropy_mean,test_NDCG@1,53,18,33,0.6493901888661285,1.437701455018708e-07,0.6243760195673317,5.851597838280045e-07,0.4837871686815092,6.227228736424486e-07,0.6493901888661285
mean_gpt2_seeds,rq_train_entropy_sum,test_NDCG@1,53,18,33,0.6493901888661285,1.437701455018708e-07,0.6243760195673319,5.851597838279907e-07,0.4837871686815092,6.227228736424486e-07,0.6493901888661285
mean_gpt2_seeds,rqvae_train_loss,test_NDCG@1,53,18,33,-0.648097468116908,1.5507398612116074e-07,-0.572652353476809,7.442712859459904e-06,-0.4837871686815092,6.227228736424486e-07,0.648097468116908
mean_gpt2_seeds,rqvae_best_val_loss,test_NDCG@1,53,15,33,-0.647583158344619,1.5979870722783956e-07,-0.5797159226098909,5.394799003934433e-06,-0.49256064290693163,4.858921969375486e-07,0.647583158344619
mean_gpt2_seeds,sid_unique_total,test_NDCG@1,53,18,33,0.6460371944228384,1.7482606068220262e-07,0.6322172909724114,3.819547958540972e-07,0.4852803389552176,5.750411851611157e-07,0.6460371944228384
mean_gpt2_seeds,sid_collisions,test_NDCG@1,53,18,33,-0.6460371944228384,1.7482606068220262e-07,-0.6322172909724114,3.819547958540972e-07,-0.4852803389552176,5.750411851611157e-07,0.6460371944228384
mean_gpt2_seeds,sid_icr,test_NDCG@1,53,18,33,0.6460371944228384,1.7482606068220262e-07,0.6322172909724114,3.819547958540972e-07,0.4852803389552176,5.750411851611157e-07,0.6460371944228384
mean_gpt2_seeds,sid_cur_total,test_NDCG@1,53,18,33,0.6460371944228384,1.7482606068220262e-07,0.6322172909724114,3.819547958540972e-07,0.4852803389552176,5.750411851611157e-07,0.6460371944228384
mean_gpt2_seeds,rqvae_val_loss,test_NDCG@1,53,18,33,-0.6459160018525989,1.760584161176382e-07,-0.5740990386482724,6.972230839093227e-06,-0.4897598497763427,4.521836321840699e-07,0.6459160018525989
mean_gpt2_seeds,sid_path_avg_similarity,test_NDCG@1,53,18,33,0.6437345355882897,1.9968190725048134e-07,0.5882967261322706,3.612005375360153e-06,0.48080082813409253,7.297740269463053e-07,0.6437345355882897
mean_gpt2_seeds,rq_train_entropy_l0,test_NDCG@1,53,18,33,0.6422398272220037,2.1754892135604367e-07,0.6343522713351671,3.3936832389473737e-07,0.48229399840780085,6.742039561886853e-07,0.6422398272220037
mean_gpt2_seeds,rq_train_entropy_min,test_NDCG@1,53,18,33,0.6422398272220037,2.1754892135604367e-07,0.6348667447003352,3.2979269540895124e-07,0.48229399840780085,6.742039561886853e-07,0.6422398272220037
mean_gpt2_seeds,rq_train_entropy_l2,test_NDCG@1,53,18,33,0.6401795535279339,2.4464096024980435e-07,0.5979512004073937,2.268066771013241e-06,0.4733349767655507,1.0806472732925264e-06,0.6401795535279339
mean_gpt2_seeds,rq_val_sids_num_l1,test_NDCG@1,53,15,33,0.6359902706374375,3.097531911046729e-07,0.6277776823282089,4.87006310366162e-07,0.46917721269236057,1.6436644010360071e-06,0.6359902706374375
mean_gpt2_seeds,rq_train_entropy_l1,test_NDCG@1,53,18,33,0.6248688921543561,5.6987534617498e-07,0.6323046151584466,3.8011910284688616e-07,0.43301937937542495,8.157137159702666e-06,0.6248688921543561
mean_gpt2_seeds,rq_val_entropy_std,test_NDCG@1,53,18,33,-0.6219198729451975,6.672068652784005e-07,-0.5613727750034203,1.225484606940485e-05,-0.4389920604702584,6.109935735736526e-06,0.6219198729451975
mean_gpt2_seeds,rq_train_entropy_l3,test_NDCG@1,53,18,33,0.6210715249535216,6.979587919239151e-07,0.5570649913800139,1.4755334255356133e-05,0.45243059293363364,3.1468543707473454e-06,0.6210715249535216
mean_gpt2_seeds,rq_train_entropy_max,test_NDCG@1,53,18,33,0.6210715249535216,6.979587919239151e-07,0.5570649913800139,1.4755334255356133e-05,0.45243059293363364,3.1468543707473454e-06,0.6210715249535216
mean_gpt2_seeds,sid_max_cluster_size,test_NDCG@1,53,18,33,-0.6139211633093968,1.0150642870577024e-06,-0.2262072547411626,0.10336933469561439,-0.4389920604702584,6.109935735736526e-06,0.6139211633093968
mean_gpt2_seeds,rq_train_sids_num_l3,test_NDCG@1,53,10,33,0.49273675595932265,0.00017814026819760765,0.3127265199108513,0.022613032150890774,0.3785404377593069,0.0002561773226457314,0.49273675595932265
mean_gpt2_seeds,rq_train_sids_num_max,test_NDCG@1,53,10,33,0.49273675595932265,0.00017814026819760765,0.3127265199108513,0.022613032150890774,0.3785404377593069,0.0002561773226457314,0.49273675595932265
mean_gpt2_seeds,rq_train_sids_num_l2,test_NDCG@1,53,10,33,0.4909312295459314,0.0001897158619918486,0.37734645804040184,0.005346100351022106,0.376842947007023,0.0002730519151259335,0.4909312295459314
mean_gpt2_seeds,rq_train_sids_num_l1,test_NDCG@1,53,9,33,0.4805241155449083,0.00027088032360207524,0.36732955000244544,0.0068153219260849275,0.36571933164886655,0.00043299100721028996,0.4805241155449083
mean_gpt2_seeds,rq_train_sids_num_mean,test_NDCG@1,53,16,33,0.33334094739500747,0.014723958168132859,0.32730180316664753,0.016744221887079764,0.25662574600040394,0.008609742400381107,0.33334094739500747
mean_gpt2_seeds,rq_train_sids_num_sum,test_NDCG@1,53,16,33,0.33334094739500747,0.014723958168132859,0.32730180316664753,0.016744221887079764,0.25662574600040394,0.008609742400381107,0.33334094739500747
mean_gpt2_seeds,rq_train_sids_num_l0,test_NDCG@1,53,16,33,0.3226597955425639,0.01845336863023166,0.1781951530140535,0.2017463542816116,0.25361547332004736,0.009421833197778364,0.3226597955425639
mean_gpt2_seeds,rq_train_sids_num_min,test_NDCG@1,53,16,33,0.3226597955425639,0.01845336863023166,0.1781951530140535,0.2017463542816116,0.25361547332004736,0.009421833197778364,0.3226597955425639
mean_gpt2_seeds,rq_train_sids_num_std,test_NDCG@1,53,16,33,-0.17518707394348615,0.20958803543758878,-0.006945622447716462,0.96063262226311,-0.1362148387861382,0.1631720656188138,0.17518707394348615
mean_gpt2_seeds,rq_val_sids_num_std,test_NDCG@1,53,17,33,0.038216722208385984,0.7858627752760041,0.12308796078392029,0.3799046987483522,0.04569703783563459,0.6387370217085717,0.038216722208385984
mean_gpt2_seeds,rq_val_entropy_min,test_NDCG@10,53,16,53,0.7846547887246178,3.597080973544176e-12,0.6975541361720846,6.474380202381482e-09,0.6152109884684407,2.1412430543855206e-10,0.7846547887246178
mean_gpt2_seeds,rq_val_entropy_mean,test_NDCG@10,53,18,53,0.7833835492033837,4.110603611560361e-12,0.6785198756914176,2.3625333345866748e-08,0.6081006207199406,2.6651874675453535e-10,0.7833835492033837
mean_gpt2_seeds,rq_val_entropy_sum,test_NDCG@10,53,18,53,0.7833835492033837,4.110603611560361e-12,0.6785198756914176,2.3625333345866748e-08,0.6081006207199406,2.6651874675453535e-10,0.7833835492033837
mean_gpt2_seeds,rq_val_sids_num_l2,test_NDCG@10,53,17,53,0.782841995029063,4.349880671697192e-12,0.7003235154121785,5.31837922134632e-09,0.6153710120017745,1.83143593368998e-10,0.782841995029063
mean_gpt2_seeds,rq_val_sids_num_mean,test_NDCG@10,53,18,53,0.7816879138154975,4.9046597057994364e-12,0.6987812477832316,5.935640984043375e-09,0.6051414936118145,3.249980749499179e-10,0.7816879138154975
mean_gpt2_seeds,rq_val_sids_num_sum,test_NDCG@10,53,18,53,0.7816879138154975,4.9046597057994364e-12,0.6987812477832316,5.935640984043375e-09,0.6051414936118145,3.249980749499179e-10,0.7816879138154975
mean_gpt2_seeds,rq_val_entropy_l0,test_NDCG@10,53,16,53,0.7815009665293936,5.000621541264813e-12,0.6958599345370189,7.294299480346946e-09,0.6092453061560194,3.189644869879669e-10,0.7815009665293936
mean_gpt2_seeds,rqvae_total_loss,test_NDCG@10,53,18,53,-0.7780544094128844,7.12374622712744e-12,-0.6232280219769234,6.222582842360405e-07,-0.587386730963057,1.0480309230608236e-09,0.7780544094128844
mean_gpt2_seeds,rq_val_entropy_l3,test_NDCG@10,53,18,53,0.7778121757860436,7.301416029212617e-12,0.5557059102437389,1.5637198039060177e-05,0.5962641122874357,5.860467846697688e-10,0.7778121757860436
mean_gpt2_seeds,rqvae_best_val_loss,test_NDCG@10,53,15,53,-0.7770265022302931,7.907079014876761e-12,-0.6537707748445726,1.1094716256075936e-07,-0.6016815521922704,5.718701043127335e-10,0.7770265022302931
mean_gpt2_seeds,rq_val_sids_num_l0,test_NDCG@10,53,15,53,0.776710352671728,8.164002622403685e-12,0.6567189538138272,9.29687020978806e-08,0.6031258354207423,5.350799400877027e-10,0.776710352671728
mean_gpt2_seeds,rq_val_sids_num_min,test_NDCG@10,53,15,53,0.776710352671728,8.164002622403685e-12,0.6567189538138272,9.29687020978806e-08,0.6031258354207423,5.350799400877027e-10,0.776710352671728
mean_gpt2_seeds,rq_val_sids_num_max,test_NDCG@10,53,16,53,0.7762376206802558,8.563005614420578e-12,0.6784010737373749,2.3809828627135274e-08,0.6003528283855871,5.580852557670559e-10,0.7762376206802558
mean_gpt2_seeds,rq_val_entropy_max,test_NDCG@10,53,18,53,0.7758743067713165,8.882162842925e-12,0.5797443185552327,5.38774271635151e-06,0.5918254216252464,7.84520445332753e-10,0.7758743067713165
mean_gpt2_seeds,rqvae_val_loss,test_NDCG@10,53,18,53,-0.7751476058907939,9.554733042024424e-12,-0.6490609776947053,1.4657313742495327e-07,-0.5933049851793096,7.120008722503553e-10,0.7751476058907939
mean_gpt2_seeds,rq_train_entropy_l0,test_NDCG@10,53,18,53,0.7727252696223852,1.2163043911463375e-11,0.7011703736748469,5.0057131913635915e-09,0.587386730963057,1.0480309230608236e-09,0.7727252696223852
mean_gpt2_seeds,rq_train_entropy_min,test_NDCG@10,53,18,53,0.7727252696223852,1.2163043911463375e-11,0.7014436517092054,4.908573656860973e-09,0.587386730963057,1.0480309230608236e-09,0.7727252696223852
mean_gpt2_seeds,rq_val_entropy_l2,test_NDCG@10,53,18,53,0.7719985687418626,1.3068914266708184e-11,0.6438473921067464,1.9839028378448524e-07,0.5903458580711833,8.642268760073833e-10,0.7719985687418626
mean_gpt2_seeds,sid_path_avg_similarity,test_NDCG@10,53,18,53,0.7715141014881808,1.3708005301963894e-11,0.6614568513003924,6.969017554996041e-08,0.5829480403008677,1.3971468674119938e-09,0.7715141014881808
mean_gpt2_seeds,rq_train_entropy_mean,test_NDCG@10,53,18,53,0.7715141014881808,1.3708005301963894e-11,0.6921493543806724,9.444424025575579e-09,0.5844276038549309,1.2697540198436054e-09,0.7715141014881808
mean_gpt2_seeds,rq_train_entropy_sum,test_NDCG@10,53,18,53,0.7715141014881808,1.3708005301963894e-11,0.6921493543806724,9.444424025575579e-09,0.5844276038549309,1.2697540198436054e-09,0.7715141014881808
mean_gpt2_seeds,rq_val_sids_num_l3,test_NDCG@10,53,18,53,0.7715141014881808,1.3708005301963894e-11,0.6739038136338305,3.1879289698112035e-08,0.585907167408994,1.1537107656501974e-09,0.7715141014881808
mean_gpt2_seeds,rqvae_train_loss,test_NDCG@10,53,18,53,-0.7683650643392494,1.864357468964321e-11,-0.6426493090418018,2.125107305942585e-07,-0.5888662945171202,9.518117055049041e-10,0.7683650643392494
mean_gpt2_seeds,sid_unique_total,test_NDCG@10,53,18,53,0.7681228307124087,1.908604515262007e-11,0.7009937339884278,5.0694631312029875e-09,0.5711115318683627,2.97725731143064e-09,0.7681228307124087
mean_gpt2_seeds,sid_collisions,test_NDCG@10,53,18,53,-0.7681228307124087,1.908604515262007e-11,-0.7009937339884278,5.0694631312029875e-09,-0.5711115318683627,2.97725731143064e-09,0.7681228307124087
mean_gpt2_seeds,sid_icr,test_NDCG@10,53,18,53,0.7681228307124087,1.908604515262007e-11,0.7009937339884278,5.0694631312029875e-09,0.5711115318683627,2.97725731143064e-09,0.7681228307124087
mean_gpt2_seeds,sid_cur_total,test_NDCG@10,53,18,53,0.7681228307124087,1.908604515262007e-11,0.7009937339884278,5.0694631312029875e-09,0.5711115318683627,2.97725731143064e-09,0.7681228307124087
mean_gpt2_seeds,rq_train_entropy_std,test_NDCG@10,53,18,53,-0.7657004944439999,2.409425516111518e-11,-0.6638367998255815,6.018057659148938e-08,-0.574070658976489,2.467593069150366e-09,0.7657004944439999
mean_gpt2_seeds,rq_val_entropy_l1,test_NDCG@10,53,18,53,0.7630359245487504,3.1034488755802766e-11,0.700782823637453,5.146584303542122e-09,0.5696319683142997,3.2691710748519166e-09,0.7630359245487504
mean_gpt2_seeds,rq_train_entropy_l2,test_NDCG@10,53,18,53,0.7545577476093197,6.797013208191436e-11,0.6655390634942885,5.414179644316616e-08,0.5533567692196054,9.008846777593494e-09,0.7545577476093197
mean_gpt2_seeds,sid_max_cluster_size,test_NDCG@10,53,18,53,-0.7516509440872292,8.829041723406458e-11,-0.2817948843100394,0.04093278159650823,-0.5577954598817947,6.8518221695956575e-09,0.7516509440872292
mean_gpt2_seeds,rq_val_sids_num_l1,test_NDCG@10,53,15,53,0.7470615457820678,1.324759988615027e-10,0.6731978382598881,3.3358573422843354e-08,0.5418871122228522,2.3770677713768497e-08,0.7470615457820678
mean_gpt2_seeds,rq_train_entropy_l1,test_NDCG@10,53,18,53,0.7412348981330716,2.190490483372789e-10,0.6921837967385627,9.42197062837801e-09,0.5119289897058381,1.0488843737739417e-07,0.7412348981330716
mean_gpt2_seeds,rq_train_entropy_l3,test_NDCG@10,53,18,53,0.7385703282378221,2.744724196902521e-10,0.6338078968228881,3.4978340221594237e-07,0.5193268074761538,6.856370309626929e-08,0.7385703282378221
mean_gpt2_seeds,rq_train_entropy_max,test_NDCG@10,53,18,53,0.7385703282378221,2.744724196902521e-10,0.6338078968228881,3.4978340221594237e-07,0.5193268074761538,6.856370309626929e-08,0.7385703282378221
mean_gpt2_seeds,rq_val_entropy_std,test_NDCG@10,53,18,53,-0.7125705856235683,2.16849289043077e-09,-0.5907999683547809,3.20609529400653e-06,-0.5282041888005324,4.085506046354322e-08,0.7125705856235683
mean_gpt2_seeds,rq_train_sids_num_l3,test_NDCG@10,53,10,53,0.5591914670618122,1.3467347427632575e-05,0.3497300964936879,0.01025866235516776,0.444053843416686,1.5255674126517626e-05,0.5591914670618122
mean_gpt2_seeds,rq_train_sids_num_max,test_NDCG@10,53,10,53,0.5591914670618122,1.3467347427632575e-05,0.3497300964936879,0.01025866235516776,0.444053843416686,1.5255674126517626e-05,0.5591914670618122
mean_gpt2_seeds,rq_train_sids_num_l2,test_NDCG@10,53,10,53,0.5517161047946982,1.8515377706701346e-05,0.3985191059529159,0.0031207759236077286,0.4305976663434531,2.741934188424287e-05,0.5517161047946982
mean_gpt2_seeds,rq_train_sids_num_l1,test_NDCG@10,53,9,53,0.54638293505331,2.3128919103952068e-05,0.38102735698065604,0.004880562692636658,0.4316540448786835,2.805998826765863e-05,0.54638293505331
mean_gpt2_seeds,rq_train_sids_num_l0,test_NDCG@10,53,16,53,0.361678712003592,0.00779044080376437,0.1653335378713879,0.23676622905180336,0.3005212464882201,0.0019202620574598642,0.361678712003592
mean_gpt2_seeds,rq_train_sids_num_min,test_NDCG@10,53,16,53,0.361678712003592,0.00779044080376437,0.1653335378713879,0.23676622905180336,0.3005212464882201,0.0019202620574598642,0.361678712003592
mean_gpt2_seeds,rq_train_sids_num_mean,test_NDCG@10,53,16,53,0.3609509068816172,0.007924447791421128,0.33901774340256646,0.013018698637255577,0.2975384053320094,0.002129837156056707,0.3609509068816172
mean_gpt2_seeds,rq_train_sids_num_sum,test_NDCG@10,53,16,53,0.3609509068816172,0.007924447791421128,0.33901774340256646,0.013018698637255577,0.2975384053320094,0.002129837156056707,0.3609509068816172
mean_gpt2_seeds,rq_train_sids_num_std,test_NDCG@10,53,16,53,-0.17172157516816716,0.21888469310231373,0.03296724281638336,0.8147165187243979,-0.12453361827179343,0.19859435973771244,0.17172157516816716
mean_gpt2_seeds,rq_val_sids_num_std,test_NDCG@10,53,17,53,0.09440153469468111,0.5013483316477418,0.18855164240685965,0.1763406095747429,0.08388048776381245,0.38487556179370963,0.09440153469468111
mean_gpt2_seeds,rq_val_entropy_mean,test_NDCG@20,53,18,53,0.8118863726283262,1.6309647826492506e-13,0.7027168792390436,4.478965877572631e-09,0.649528400233708,1.5045461171768597e-11,0.8118863726283262
mean_gpt2_seeds,rq_val_entropy_sum,test_NDCG@20,53,18,53,0.8118863726283262,1.6309647826492506e-13,0.7027168792390436,4.478965877572631e-09,0.649528400233708,1.5045461171768597e-11,0.8118863726283262
mean_gpt2_seeds,rq_val_entropy_min,test_NDCG@20,53,16,53,0.8093597292538738,2.218333580204444e-13,0.7188407535105006,1.3453157140828359e-09,0.6450394000305468,2.761228184083342e-11,0.8093597292538738
mean_gpt2_seeds,rq_val_sids_num_mean,test_NDCG@20,53,18,53,0.8075261673451906,2.765246904545805e-13,0.7167829449885521,1.5757157207326361e-09,0.6406510189093293,2.8283693915611475e-11,0.8075261673451906
mean_gpt2_seeds,rq_val_sids_num_sum,test_NDCG@20,53,18,53,0.8075261673451906,2.765246904545805e-13,0.7167829449885521,1.5757157207326361e-09,0.6406510189093293,2.8283693915611475e-11,0.8075261673451906
mean_gpt2_seeds,rq_val_entropy_l0,test_NDCG@20,53,16,53,0.8071763138879493,2.883231345396479e-13,0.7177430660784221,1.4639313450986943e-09,0.6420565588743362,3.403090512037832e-11,0.8071763138879493
mean_gpt2_seeds,rqvae_total_loss,test_NDCG@20,53,18,53,-0.8051038310767819,3.686557450501213e-13,-0.6463555765289045,1.716269750599482e-07,-0.6169780020443194,1.4617059651766134e-10,0.8051038310767819
mean_gpt2_seeds,rq_val_sids_num_l2,test_NDCG@20,53,17,53,0.8038470433992958,4.2730031371044906e-13,0.7183269380107844,1.3996609210417834e-09,0.6391247784481638,3.569640103596584e-11,0.8038470433992958
mean_gpt2_seeds,rqvae_best_val_loss,test_NDCG@20,53,15,53,-0.8016940102376039,5.489105685046651e-13,-0.6794323497626945,2.2252473042396115e-08,-0.6300839111777441,8.5511650512176e-11,0.8016940102376039
mean_gpt2_seeds,rq_val_sids_num_l0,test_NDCG@20,53,15,53,0.8014288289195757,5.659869517073055e-13,0.6712642576507664,3.7747489671827095e-08,0.6330576386674293,7.193466233875139e-11,0.8014288289195757
mean_gpt2_seeds,rq_val_sids_num_min,test_NDCG@20,53,15,53,0.8014288289195757,5.659869517073055e-13,0.6712642576507664,3.7747489671827095e-08,0.6330576386674293,7.193466233875139e-11,0.8014288289195757
mean_gpt2_seeds,rq_train_entropy_mean,test_NDCG@20,53,18,53,0.8007436257936462,6.124809289999876e-13,0.7133818639966439,2.0400475463602228e-09,0.6169780020443194,1.4617059651766134e-10,0.8007436257936462
mean_gpt2_seeds,rq_train_entropy_sum,test_NDCG@20,53,18,53,0.8007436257936462,6.124809289999876e-13,0.7133818639966439,2.0400475463602228e-09,0.6169780020443194,1.4617059651766134e-10,0.8007436257936462
mean_gpt2_seeds,rq_val_entropy_l3,test_NDCG@20,53,18,53,0.8007436257936462,6.124809289999876e-13,0.5835308937902071,4.519889946069283e-06,0.6258553833686981,7.950193522026644e-11,0.8007436257936462
mean_gpt2_seeds,rq_val_entropy_max,test_NDCG@20,53,18,53,0.7997746912862828,6.84463757909005e-13,0.6071399585630477,1.4357807044979378e-06,0.6214166927065087,1.0791226459466631e-10,0.7997746912862828
mean_gpt2_seeds,sid_path_avg_similarity,test_NDCG@20,53,18,53,0.7992902240326009,7.23404136736703e-13,0.687406875804918,1.3066744024835611e-08,0.6184575655983825,1.3213890362510578e-10,0.7992902240326009
mean_gpt2_seeds,rq_train_entropy_l0,test_NDCG@20,53,18,53,0.79904799040576,7.436554875197881e-13,0.7219215724578736,1.0590207688310232e-09,0.6169780020443194,1.4617059651766134e-10,0.79904799040576
mean_gpt2_seeds,rq_train_entropy_min,test_NDCG@20,53,18,53,0.79904799040576,7.436554875197881e-13,0.7221315885420883,1.0417659860117052e-09,0.6169780020443194,1.4617059651766134e-10,0.79904799040576
mean_gpt2_seeds,sid_unique_total,test_NDCG@20,53,18,53,0.7978368222715556,8.532625198656462e-13,0.7217959007387367,1.069474648128971e-09,0.61253931138213,1.9758118553055156e-10,0.7978368222715556
mean_gpt2_seeds,sid_collisions,test_NDCG@20,53,18,53,-0.7978368222715556,8.532625198656462e-13,-0.7217959007387367,1.069474648128971e-09,-0.61253931138213,1.9758118553055156e-10,0.7978368222715556
mean_gpt2_seeds,sid_icr,test_NDCG@20,53,18,53,0.7978368222715556,8.532625198656462e-13,0.7217959007387367,1.069474648128971e-09,0.61253931138213,1.9758118553055156e-10,0.7978368222715556
mean_gpt2_seeds,sid_cur_total,test_NDCG@20,53,18,53,0.7978368222715556,8.532625198656462e-13,0.7217959007387367,1.069474648128971e-09,0.61253931138213,1.9758118553055156e-10,0.7978368222715556
mean_gpt2_seeds,rq_val_entropy_l2,test_NDCG@20,53,18,53,0.7973523550178739,9.012686940684823e-13,0.6700908129324842,4.066985715422846e-08,0.6258553833686981,7.950193522026644e-11,0.7973523550178739
mean_gpt2_seeds,rqvae_val_loss,test_NDCG@20,53,18,53,-0.7963834205105105,1.0050922565560956e-12,-0.6747863159343974,3.0116806193069813e-08,-0.6169780020443194,1.4617059651766134e-10,0.7963834205105105
mean_gpt2_seeds,rq_val_sids_num_max,test_NDCG@20,53,16,53,0.7924041857261842,1.5632844945895279e-12,0.7016192458164809,4.847097969072837e-09,0.6212087579076669,1.3872743855263526e-10,0.7924041857261842
mean_gpt2_seeds,rq_val_sids_num_l3,test_NDCG@20,53,18,53,0.7917809816005339,1.6738053718388762e-12,0.6976327440870463,6.438531529102905e-09,0.6154984384902563,1.6165492278846224e-10,0.7917809816005339
mean_gpt2_seeds,rqvae_train_loss,test_NDCG@20,53,18,53,-0.791538747973693,1.718735752609478e-12,-0.6679915895490243,4.643515263939769e-08,-0.6154984384902563,1.6165492278846224e-10,0.791538747973693
mean_gpt2_seeds,rq_val_entropy_l1,test_NDCG@20,53,18,53,0.7876630099442391,2.6136191733160972e-12,0.7203166084390918,1.2000882924530723e-09,0.599223239395562,4.819289017192383e-10,0.7876630099442391
mean_gpt2_seeds,rq_train_entropy_l2,test_NDCG@20,53,18,53,0.7803960011390128,5.605249006147517e-12,0.6884084047947442,1.2207119103043817e-08,0.5888662945171202,9.518117055049041e-10,0.7803960011390128
mean_gpt2_seeds,rq_train_entropy_std,test_NDCG@20,53,18,53,-0.7781351539551646,7.065440668026306e-12,-0.6760372141998898,2.7775017953537045e-08,-0.5918254216252464,7.84520445332753e-10,0.7781351539551646
mean_gpt2_seeds,sid_max_cluster_size,test_NDCG@20,53,18,53,-0.7661042171554013,2.3180954222122854e-11,-0.3080146850772642,0.024847203789630536,-0.5637137140980473,4.741569354779057e-09,0.7661042171554013
mean_gpt2_seeds,rq_train_entropy_l3,test_NDCG@20,53,18,53,0.7648930490211969,2.6024232582738998e-11,0.6588609159917019,8.166283629014473e-08,0.5577954598817947,6.8518221695956575e-09,0.7648930490211969
mean_gpt2_seeds,rq_train_entropy_max,test_NDCG@20,53,18,53,0.7648930490211969,2.6024232582738998e-11,0.6588609159917019,8.166283629014473e-08,0.5577954598817947,6.8518221695956575e-09,0.7648930490211969
mean_gpt2_seeds,rq_val_sids_num_l1,test_NDCG@20,53,15,53,0.7646927482266377,2.6525208672854793e-11,0.6875404836745571,1.2948859169038703e-08,0.5583305832144423,8.849106683459814e-09,0.7646927482266377
mean_gpt2_seeds,rq_train_entropy_l1,test_NDCG@20,53,18,53,0.7619862454991065,3.425774892073088e-11,0.7092500656187142,2.7781662549849123e-09,0.5385611336789743,2.2099626200727432e-08,0.7619862454991065
mean_gpt2_seeds,rq_val_entropy_std,test_NDCG@20,53,18,53,-0.7241977997119302,8.855935386500673e-10,-0.5961246896594542,2.479673110658552e-06,-0.5400406972330374,2.022379993631129e-08,0.7241977997119302
mean_gpt2_seeds,rq_train_sids_num_l3,test_NDCG@20,53,10,53,0.5622417585616115,1.1800593772208025e-05,0.35221656195424245,0.009695683387706768,0.4541459762216107,9.722321453020389e-06,0.5622417585616115
mean_gpt2_seeds,rq_train_sids_num_max,test_NDCG@20,53,10,53,0.5622417585616115,1.1800593772208025e-05,0.35221656195424245,0.009695683387706768,0.4541459762216107,9.722321453020389e-06,0.5622417585616115
mean_gpt2_seeds,rq_train_sids_num_l2,test_NDCG@20,53,10,53,0.5547663962944975,1.627502784711726e-05,0.39674505447943836,0.003269139940790922,0.44068979914837775,1.769121499272724e-05,0.5547663962944975
mean_gpt2_seeds,rq_train_sids_num_l1,test_NDCG@20,53,9,53,0.5498220093888148,2.0046459750546214e-05,0.3773469823348946,0.005346031364239764,0.4384118381448859,2.0975903210079612e-05,0.5498220093888148
mean_gpt2_seeds,rq_train_sids_num_mean,test_NDCG@20,53,16,53,0.36770332106882786,0.006754751997953684,0.3337015864888699,0.014610213051834823,0.3154354522692732,0.001128921062779656,0.36770332106882786
mean_gpt2_seeds,rq_train_sids_num_sum,test_NDCG@20,53,16,53,0.36770332106882786,0.006754751997953684,0.3337015864888699,0.014610213051834823,0.3154354522692732,0.001128921062779656,0.36770332106882786
mean_gpt2_seeds,rq_train_sids_num_l0,test_NDCG@20,53,16,53,0.36406429545895386,0.007364906906523332,0.15248466168621988,0.2757026207024454,0.31245261111306255,0.0012576886989798823,0.36406429545895386
mean_gpt2_seeds,rq_train_sids_num_min,test_NDCG@20,53,16,53,0.36406429545895386,0.007364906906523332,0.15248466168621988,0.2757026207024454,0.31245261111306255,0.0012576886989798823,0.36406429545895386
mean_gpt2_seeds,rq_train_sids_num_std,test_NDCG@20,53,16,53,-0.14863397935441075,0.28815252515978323,0.05079771557946005,0.7179289910825012,-0.10961941249074032,0.2577998945409883,0.14863397935441075
mean_gpt2_seeds,rq_val_sids_num_std,test_NDCG@20,53,17,53,0.09674440547443787,0.490738571271386,0.20823166148173805,0.13458671916733175,0.09278815018120845,0.33643870322615743,0.09674440547443787
mean_gpt2_seeds,rq_val_entropy_min,test_NDCG@5,53,16,53,0.7598285473416994,4.190712327384188e-11,0.6746099341217573,3.0461567163522645e-08,0.588365418062545,1.2497681164149854e-09,0.7598285473416994
mean_gpt2_seeds,rq_train_entropy_std,test_NDCG@5,53,18,53,-0.7589986974347357,4.525941620222435e-11,-0.6507048850568105,1.3306985833200862e-07,-0.5533567692196054,9.008846777593494e-09,0.7589986974347357
mean_gpt2_seeds,rq_val_entropy_mean,test_NDCG@5,53,18,53,0.7585949747233343,4.698076358560482e-11,0.654660276844531,1.0520565441621057e-07,0.5903458580711833,8.642268760073833e-10,0.7585949747233343
mean_gpt2_seeds,rq_val_entropy_sum,test_NDCG@5,53,18,53,0.7585949747233343,4.698076358560482e-11,0.654660276844531,1.0520565441621057e-07,0.5903458580711833,8.642268760073833e-10,0.7585949747233343
mean_gpt2_seeds,rq_val_sids_num_max,test_NDCG@5,53,16,53,0.7582119006540454,4.867130399372694e-11,0.6550055305409697,1.0305318137873933e-07,0.5929042821277014,9.074668266392895e-10,0.7582119006540454
mean_gpt2_seeds,rq_val_sids_num_mean,test_NDCG@5,53,18,53,0.7568993393354482,5.491165020639079e-11,0.6793637082470316,2.2353077986805996e-08,0.5844276038549309,1.2697540198436054e-09,0.7568993393354482
mean_gpt2_seeds,rq_val_sids_num_sum,test_NDCG@5,53,18,53,0.7568993393354482,5.491165020639079e-11,0.6793637082470316,2.2353077986805996e-08,0.5844276038549309,1.2697540198436054e-09,0.7568993393354482
mean_gpt2_seeds,rq_val_entropy_l0,test_NDCG@5,53,16,53,0.7564321234391501,5.731051599104233e-11,0.6727001576945911,3.4439927254964166e-08,0.5823997357501238,1.8308918698648159e-09,0.7564321234391501
mean_gpt2_seeds,rq_val_sids_num_l2,test_NDCG@5,53,17,53,0.7557374037667048,6.106184857689618e-11,0.6799209680247452,2.1548540154019143e-08,0.5901326351524857,9.753332572836282e-10,0.7557374037667048
mean_gpt2_seeds,rqvae_total_loss,test_NDCG@5,53,18,53,-0.7530236013059942,7.8066668965743e-11,-0.59687873861262,2.3901805350600604e-06,-0.560754586989921,5.702484439463425e-09,0.7530236013059942
mean_gpt2_seeds,rq_val_entropy_l3,test_NDCG@5,53,18,53,0.7527813676791534,7.978528320767808e-11,0.5337261498503334,3.8635995019604415e-05,0.5785093496386784,1.8586963476352237e-09,0.7527813676791534
mean_gpt2_seeds,rq_val_sids_num_l0,test_NDCG@5,53,15,53,0.7525987129929764,8.11048339851751e-11,0.6426266254396819,2.1278694095664095e-07,0.5761872124987241,3.0081215520709565e-09,0.7525987129929764
mean_gpt2_seeds,rq_val_sids_num_min,test_NDCG@5,53,15,53,0.7525987129929764,8.11048339851751e-11,0.6426266254396819,2.1278694095664095e-07,0.5761872124987241,3.0081215520709565e-09,0.7525987129929764
mean_gpt2_seeds,rq_val_entropy_max,test_NDCG@5,53,18,53,0.7522969004254716,8.33306321359961e-11,0.5566004346077743,1.5051460591945127e-05,0.5770297860846153,2.0432912386216934e-09,0.7522969004254716
mean_gpt2_seeds,rq_val_sids_num_l3,test_NDCG@5,53,18,53,0.7491478632765403,1.10279466171827e-10,0.6502054647891976,1.3704348758974805e-07,0.5681524047602367,3.588879267278349e-09,0.7491478632765403
mean_gpt2_seeds,rqvae_best_val_loss,test_NDCG@5,53,15,53,-0.7485577716775933,1.1617137207433222e-10,-0.6300090674747294,4.3122655400899943e-07,-0.5762689152052677,2.916751428308097e-09,0.7485577716775933
mean_gpt2_seeds,rqvae_val_loss,test_NDCG@5,53,18,53,-0.747694461515495,1.2533085463424015e-10,-0.6256570527777436,5.462069625812648e-07,-0.5725910954224259,2.7107845738718984e-09,0.747694461515495
mean_gpt2_seeds,rq_train_entropy_l0,test_NDCG@5,53,18,53,0.7456758479584877,1.4948930238348795e-10,0.6790685905465297,2.2790514661302398e-08,0.560754586989921,5.702484439463425e-09,0.7456758479584877
mean_gpt2_seeds,rq_train_entropy_min,test_NDCG@5,53,18,53,0.7456758479584877,1.4948930238348795e-10,0.6793630595338563,2.2354030816138564e-08,0.560754586989921,5.702484439463425e-09,0.7456758479584877
mean_gpt2_seeds,rq_val_entropy_l2,test_NDCG@5,53,18,53,0.7450298916202455,1.5810890762046746e-10,0.6189218912195013,7.819117569497442e-07,0.5696319683142997,3.2691710748519166e-09,0.7450298916202455
mean_gpt2_seeds,rq_train_entropy_mean,test_NDCG@5,53,18,53,0.7434957453169199,1.805050666131944e-10,0.6676991469269344,4.729673432295086e-08,0.5577954598817947,6.8518221695956575e-09,0.7434957453169199
mean_gpt2_seeds,rq_train_entropy_sum,test_NDCG@5,53,18,53,0.7434957453169199,1.805050666131944e-10,0.6676991469269344,4.729673432295086e-08,0.5577954598817947,6.8518221695956575e-09,0.7434957453169199
mean_gpt2_seeds,rqvae_train_loss,test_NDCG@5,53,18,53,-0.7428497889786776,1.908064017909288e-10,-0.6187679201096097,7.882732256776989e-07,-0.5622341505439841,5.200476251278728e-09,0.7428497889786776
mean_gpt2_seeds,sid_path_avg_similarity,test_NDCG@5,53,18,53,0.7418808544713141,2.0730749247982957e-10,0.6384391448641364,2.699565338072048e-07,0.5592750234358579,6.251512349036099e-09,0.7418808544713141
mean_gpt2_seeds,rq_val_entropy_l1,test_NDCG@5,53,18,53,0.7411541535907914,2.2056023702918354e-10,0.678464368648106,2.3711365812073956e-08,0.5577954598817947,6.8518221695956575e-09,0.7411541535907914
mean_gpt2_seeds,sid_unique_total,test_NDCG@5,53,18,53,0.7392162845760645,2.599321370883885e-10,0.6781225251355029,2.424773334633171e-08,0.5533567692196054,9.008846777593494e-09,0.7392162845760645
mean_gpt2_seeds,sid_collisions,test_NDCG@5,53,18,53,-0.7392162845760645,2.599321370883885e-10,-0.6781225251355029,2.424773334633171e-08,-0.5533567692196054,9.008846777593494e-09,0.7392162845760645
mean_gpt2_seeds,sid_icr,test_NDCG@5,53,18,53,0.7392162845760645,2.599321370883885e-10,0.6781225251355029,2.424773334633171e-08,0.5533567692196054,9.008846777593494e-09,0.7392162845760645
mean_gpt2_seeds,sid_cur_total,test_NDCG@5,53,18,53,0.7392162845760645,2.599321370883885e-10,0.6781225251355029,2.424773334633171e-08,0.5533567692196054,9.008846777593494e-09,0.7392162845760645
mean_gpt2_seeds,rq_train_entropy_l2,test_NDCG@5,53,18,53,0.7304151294675127,5.384225537065382e-10,0.6395819470002908,2.5307167652540725e-07,0.5474385150033529,1.2934634425638614e-08,0.7304151294675127
mean_gpt2_seeds,rq_val_sids_num_l1,test_NDCG@5,53,15,53,0.7241733334343007,8.873058735564802e-10,0.6561536421866663,9.61887389177822e-08,0.5329179462274395,4.0272508493786567e-08,0.7241733334343007
mean_gpt2_seeds,sid_max_cluster_size,test_NDCG@5,53,18,53,-0.7234710988314076,9.378086135479304e-10,-0.2697517430913885,0.0507754327230109,-0.5370815701249111,2.4143891722605802e-08,0.7234710988314076
mean_gpt2_seeds,rq_train_entropy_l1,test_NDCG@5,53,18,53,0.7174152581603858,1.5012268230195024e-09,0.6695365068704587,4.212306811440246e-08,0.4912150999489545,3.345523507842222e-07,0.7174152581603858
mean_gpt2_seeds,rq_train_entropy_l3,test_NDCG@5,53,18,53,0.7128128192504092,2.1293632167189757e-09,0.6063886205578164,1.4912788045015024e-06,0.510449426151775,1.1411835778387015e-07,0.7128128192504092
mean_gpt2_seeds,rq_train_entropy_max,test_NDCG@5,53,18,53,0.7128128192504092,2.1293632167189757e-09,0.6063886205578164,1.4912788045015024e-06,0.510449426151775,1.1411835778387015e-07,0.7128128192504092
mean_gpt2_seeds,rq_val_entropy_std,test_NDCG@5,53,18,53,-0.7116016511162048,2.3319041326808193e-09,-0.5776772960353005,5.924405845324698e-06,-0.5193268074761538,6.856370309626929e-08,0.7116016511162048
mean_gpt2_seeds,rq_train_sids_num_l3,test_NDCG@5,53,10,53,0.564733545983983,1.0582993003196056e-05,0.33164717308248187,0.015268355492228967,0.44741788768499424,1.3141900916186496e-05,0.564733545983983
mean_gpt2_seeds,rq_train_sids_num_max,test_NDCG@5,53,10,53,0.564733545983983,1.0582993003196056e-05,0.33164717308248187,0.015268355492228967,0.44741788768499424,1.3141900916186496e-05,0.564733545983983
mean_gpt2_seeds,rq_train_sids_num_l2,test_NDCG@5,53,10,53,0.5539071592523006,1.6879324458914562e-05,0.38726061749951535,0.004172973515950166,0.4305976663434531,2.741934188424287e-05,0.5539071592523006
mean_gpt2_seeds,rq_train_sids_num_l1,test_NDCG@5,53,9,53,0.55089672011866,1.9163957576700567e-05,0.37450935702960186,0.0057310225726686405,0.43503294151178473,2.4273225909992678e-05,0.55089672011866
mean_gpt2_seeds,rq_train_sids_num_l0,test_NDCG@5,53,16,53,0.3753857084674509,0.005609615583073987,0.16789304839072686,0.22948498062867062,0.3005212464882201,0.0019202620574598642,0.3753857084674509
mean_gpt2_seeds,rq_train_sids_num_min,test_NDCG@5,53,16,53,0.3753857084674509,0.005609615583073987,0.16789304839072686,0.22948498062867062,0.3005212464882201,0.0019202620574598642,0.3753857084674509
mean_gpt2_seeds,rq_train_sids_num_mean,test_NDCG@5,53,16,53,0.37101887773560205,0.006237687690504361,0.3319761630029267,0.015161289578412177,0.2975384053320094,0.002129837156056707,0.37101887773560205
mean_gpt2_seeds,rq_train_sids_num_sum,test_NDCG@5,53,16,53,0.37101887773560205,0.006237687690504361,0.3319761630029267,0.015161289578412177,0.2975384053320094,0.002129837156056707,0.37101887773560205
mean_gpt2_seeds,rq_train_sids_num_std,test_NDCG@5,53,16,53,-0.18882499553457513,0.17570295464157246,0.018757500051523466,0.893946561977211,-0.12751645942800405,0.18805370633854013,0.18882499553457513
mean_gpt2_seeds,rq_val_sids_num_std,test_NDCG@5,53,17,53,0.07796104491259503,0.578978856469815,0.16810361852060476,0.22889291418916757,0.08091126695801377,0.4019246765675084,0.07796104491259503
mean_gpt2_seeds,rq_val_entropy_mean,test_Recall@1,53,18,33,0.6728207524457461,3.417491604304366e-08,0.6096064846793846,1.2668297053668205e-06,0.5106642336082597,1.4333307020284003e-07,0.6728207524457461
mean_gpt2_seeds,rq_val_entropy_sum,test_Recall@1,53,18,33,0.6728207524457461,3.417491604304366e-08,0.6096064846793847,1.2668297053668065e-06,0.5106642336082597,1.4333307020284003e-07,0.6728207524457461
mean_gpt2_seeds,rq_val_entropy_min,test_Recall@1,53,16,33,0.66882621694221,4.405660637468621e-08,0.6322784299078386,3.8066869011666205e-07,0.5064783784700054,2.1600547991401004e-07,0.66882621694221
mean_gpt2_seeds,rq_val_sids_num_mean,test_Recall@1,53,18,33,0.6673670867849731,4.8293239792328795e-08,0.6446789676411908,1.8911161457939455e-07,0.5061847227871347,1.8403968845432553e-07,0.6673670867849731
mean_gpt2_seeds,rq_val_sids_num_sum,test_Recall@1,53,18,33,0.6673670867849731,4.8293239792328795e-08,0.6446789676411908,1.8911161457939455e-07,0.5061847227871347,1.8403968845432553e-07,0.6673670867849731
mean_gpt2_seeds,rq_val_sids_num_l2,test_Recall@1,53,17,33,0.6656095959456331,5.390430691291822e-08,0.6445218719717197,1.9083271355413098e-07,0.5026674161919804,2.4157368146055926e-07,0.6656095959456331
mean_gpt2_seeds,rq_val_sids_num_max,test_Recall@1,53,16,33,0.6652456207403411,5.5140437750413295e-08,0.6093787322901305,1.2816159640218863e-06,0.5066489258555903,2.0983023196723704e-07,0.6652456207403411
mean_gpt2_seeds,rq_val_entropy_l1,test_Recall@1,53,18,33,0.6628829616861152,6.38352549021716e-08,0.6410261197441761,2.3314738809169557e-07,0.5002120416923012,2.5601777762499255e-07,0.6628829616861152
mean_gpt2_seeds,rq_val_entropy_max,test_Recall@1,53,18,33,0.6614286508432424,6.981088222623805e-08,0.5060747147395419,0.00011066044656495288,0.507677893060843,1.6936465541246314e-07,0.6614286508432424
mean_gpt2_seeds,rqvae_total_loss,test_Recall@1,53,18,33,-0.6601763276174352,7.537352345480054e-08,-0.5558299142970724,1.5554760754262395e-05,-0.4852803389552176,5.750411851611157e-07,0.6601763276174352
mean_gpt2_seeds,rq_val_entropy_l0,test_Recall@1,53,16,33,0.65923745562013,7.981393288062324e-08,0.6283176345133819,4.7292161660643664e-07,0.5004578331092921,3.0011697332671357e-07,0.65923745562013
mean_gpt2_seeds,rq_train_entropy_std,test_Recall@1,53,18,33,-0.6573485009785159,8.950194205103011e-08,-0.6195634088218511,7.559193013076507e-07,-0.46437595512330054,1.7179205420096328e-06,0.6573485009785159
mean_gpt2_seeds,rq_val_entropy_l3,test_Recall@1,53,18,33,0.6573081034551028,8.972070683363096e-08,0.4834560907366829,0.0002453015159269203,0.4972257011448845,3.015448705535153e-07,0.6573081034551028
mean_gpt2_seeds,rq_val_entropy_l2,test_Recall@1,53,18,33,0.6571869108848634,9.038001597676172e-08,0.5745121723211001,6.843027770422849e-06,0.5031983822397179,2.1716509065933228e-07,0.6571869108848634
mean_gpt2_seeds,rq_val_sids_num_l0,test_Recall@1,53,15,33,0.6560160734586292,9.698801586661449e-08,0.6166610502901385,8.803203716242681e-07,0.4984166438414504,3.6186158181851584e-07,0.6560160734586292
mean_gpt2_seeds,rq_val_sids_num_min,test_Recall@1,53,15,33,0.6560160734586292,9.698801586661449e-08,0.6166610502901385,8.803203716242681e-07,0.4984166438414504,3.6186158181851584e-07,0.6560160734586292
mean_gpt2_seeds,rq_val_sids_num_l3,test_Recall@1,53,18,33,0.6517332452240902,1.252255720203619e-07,0.6044778104008842,1.6415620586900444e-06,0.4852803389552176,5.750411851611157e-07,0.6517332452240902
mean_gpt2_seeds,rq_train_entropy_mean,test_Recall@1,53,18,33,0.6493901888661285,1.437701455018708e-07,0.6243760195673317,5.851597838280045e-07,0.4837871686815092,6.227228736424486e-07,0.6493901888661285
mean_gpt2_seeds,rq_train_entropy_sum,test_Recall@1,53,18,33,0.6493901888661285,1.437701455018708e-07,0.6243760195673319,5.851597838279907e-07,0.4837871686815092,6.227228736424486e-07,0.6493901888661285
mean_gpt2_seeds,rqvae_train_loss,test_Recall@1,53,18,33,-0.648097468116908,1.5507398612116074e-07,-0.572652353476809,7.442712859459904e-06,-0.4837871686815092,6.227228736424486e-07,0.648097468116908
mean_gpt2_seeds,rqvae_best_val_loss,test_Recall@1,53,15,33,-0.647583158344619,1.5979870722783956e-07,-0.5797159226098909,5.394799003934433e-06,-0.49256064290693163,4.858921969375486e-07,0.647583158344619
mean_gpt2_seeds,sid_unique_total,test_Recall@1,53,18,33,0.6460371944228384,1.7482606068220262e-07,0.6322172909724114,3.819547958540972e-07,0.4852803389552176,5.750411851611157e-07,0.6460371944228384
mean_gpt2_seeds,sid_collisions,test_Recall@1,53,18,33,-0.6460371944228384,1.7482606068220262e-07,-0.6322172909724114,3.819547958540972e-07,-0.4852803389552176,5.750411851611157e-07,0.6460371944228384
mean_gpt2_seeds,sid_icr,test_Recall@1,53,18,33,0.6460371944228384,1.7482606068220262e-07,0.6322172909724114,3.819547958540972e-07,0.4852803389552176,5.750411851611157e-07,0.6460371944228384
mean_gpt2_seeds,sid_cur_total,test_Recall@1,53,18,33,0.6460371944228384,1.7482606068220262e-07,0.6322172909724114,3.819547958540972e-07,0.4852803389552176,5.750411851611157e-07,0.6460371944228384
mean_gpt2_seeds,rqvae_val_loss,test_Recall@1,53,18,33,-0.6459160018525989,1.760584161176382e-07,-0.5740990386482724,6.972230839093227e-06,-0.4897598497763427,4.521836321840699e-07,0.6459160018525989
mean_gpt2_seeds,sid_path_avg_similarity,test_Recall@1,53,18,33,0.6437345355882897,1.9968190725048134e-07,0.5882967261322706,3.612005375360153e-06,0.48080082813409253,7.297740269463053e-07,0.6437345355882897
mean_gpt2_seeds,rq_train_entropy_l0,test_Recall@1,53,18,33,0.6422398272220037,2.1754892135604367e-07,0.6343522713351671,3.3936832389473737e-07,0.48229399840780085,6.742039561886853e-07,0.6422398272220037
mean_gpt2_seeds,rq_train_entropy_min,test_Recall@1,53,18,33,0.6422398272220037,2.1754892135604367e-07,0.6348667447003352,3.2979269540895124e-07,0.48229399840780085,6.742039561886853e-07,0.6422398272220037
mean_gpt2_seeds,rq_train_entropy_l2,test_Recall@1,53,18,33,0.6401795535279339,2.4464096024980435e-07,0.5979512004073937,2.268066771013241e-06,0.4733349767655507,1.0806472732925264e-06,0.6401795535279339
mean_gpt2_seeds,rq_val_sids_num_l1,test_Recall@1,53,15,33,0.6359902706374375,3.097531911046729e-07,0.6277776823282089,4.87006310366162e-07,0.46917721269236057,1.6436644010360071e-06,0.6359902706374375
mean_gpt2_seeds,rq_train_entropy_l1,test_Recall@1,53,18,33,0.6248688921543561,5.6987534617498e-07,0.6323046151584466,3.8011910284688616e-07,0.43301937937542495,8.157137159702666e-06,0.6248688921543561
mean_gpt2_seeds,rq_val_entropy_std,test_Recall@1,53,18,33,-0.6219198729451975,6.672068652784005e-07,-0.5613727750034203,1.225484606940485e-05,-0.4389920604702584,6.109935735736526e-06,0.6219198729451975
mean_gpt2_seeds,rq_train_entropy_l3,test_Recall@1,53,18,33,0.6210715249535216,6.979587919239151e-07,0.5570649913800139,1.4755334255356133e-05,0.45243059293363364,3.1468543707473454e-06,0.6210715249535216
mean_gpt2_seeds,rq_train_entropy_max,test_Recall@1,53,18,33,0.6210715249535216,6.979587919239151e-07,0.5570649913800139,1.4755334255356133e-05,0.45243059293363364,3.1468543707473454e-06,0.6210715249535216
mean_gpt2_seeds,sid_max_cluster_size,test_Recall@1,53,18,33,-0.6139211633093968,1.0150642870577024e-06,-0.2262072547411626,0.10336933469561439,-0.4389920604702584,6.109935735736526e-06,0.6139211633093968
mean_gpt2_seeds,rq_train_sids_num_l3,test_Recall@1,53,10,33,0.49273675595932265,0.00017814026819760765,0.3127265199108513,0.022613032150890774,0.3785404377593069,0.0002561773226457314,0.49273675595932265
mean_gpt2_seeds,rq_train_sids_num_max,test_Recall@1,53,10,33,0.49273675595932265,0.00017814026819760765,0.3127265199108513,0.022613032150890774,0.3785404377593069,0.0002561773226457314,0.49273675595932265
mean_gpt2_seeds,rq_train_sids_num_l2,test_Recall@1,53,10,33,0.4909312295459314,0.0001897158619918486,0.37734645804040184,0.005346100351022106,0.376842947007023,0.0002730519151259335,0.4909312295459314
mean_gpt2_seeds,rq_train_sids_num_l1,test_Recall@1,53,9,33,0.4805241155449083,0.00027088032360207524,0.36732955000244544,0.0068153219260849275,0.36571933164886655,0.00043299100721028996,0.4805241155449083
mean_gpt2_seeds,rq_train_sids_num_mean,test_Recall@1,53,16,33,0.33334094739500747,0.014723958168132859,0.32730180316664753,0.016744221887079764,0.25662574600040394,0.008609742400381107,0.33334094739500747
mean_gpt2_seeds,rq_train_sids_num_sum,test_Recall@1,53,16,33,0.33334094739500747,0.014723958168132859,0.32730180316664753,0.016744221887079764,0.25662574600040394,0.008609742400381107,0.33334094739500747
mean_gpt2_seeds,rq_train_sids_num_l0,test_Recall@1,53,16,33,0.3226597955425639,0.01845336863023166,0.1781951530140535,0.2017463542816116,0.25361547332004736,0.009421833197778364,0.3226597955425639
mean_gpt2_seeds,rq_train_sids_num_min,test_Recall@1,53,16,33,0.3226597955425639,0.01845336863023166,0.1781951530140535,0.2017463542816116,0.25361547332004736,0.009421833197778364,0.3226597955425639
mean_gpt2_seeds,rq_train_sids_num_std,test_Recall@1,53,16,33,-0.17518707394348615,0.20958803543758878,-0.006945622447716462,0.96063262226311,-0.1362148387861382,0.1631720656188138,0.17518707394348615
mean_gpt2_seeds,rq_val_sids_num_std,test_Recall@1,53,17,33,0.038216722208385984,0.7858627752760041,0.12308796078392029,0.3799046987483522,0.04569703783563459,0.6387370217085717,0.038216722208385984
mean_gpt2_seeds,rq_val_entropy_mean,test_Recall@10,53,18,46,0.8067439797776452,3.0356535177871365e-13,0.6977825325111839,6.370738787093374e-09,0.6388091172007331,3.6298369915888704e-11,0.8067439797776452
mean_gpt2_seeds,rq_val_entropy_sum,test_Recall@10,53,18,46,0.8067439797776452,3.0356535177871365e-13,0.697782532511184,6.37073878709327e-09,0.6388091172007331,3.6298369915888704e-11,0.8067439797776452
mean_gpt2_seeds,rq_val_entropy_min,test_Recall@10,53,16,46,0.8058871396575684,3.3606820937190966e-13,0.7148437064389662,1.8265374969766077e-09,0.6386932572245604,4.8424520363337266e-11,0.8058871396575684
mean_gpt2_seeds,rq_val_sids_num_l2,test_Recall@10,53,17,46,0.8054271776434659,3.5485525214466385e-13,0.7143148359103694,1.901221150653425e-09,0.6432215280318841,3.0193253514430646e-11,0.8054271776434659
mean_gpt2_seeds,rq_val_sids_num_mean,test_Recall@10,53,18,46,0.8031098159966756,4.657224724257087e-13,0.7120529990076152,2.2543888111447423e-09,0.6328736085623988,5.491761005766754e-11,0.8031098159966756
mean_gpt2_seeds,rq_val_sids_num_sum,test_Recall@10,53,18,46,0.8031098159966756,4.657224724257087e-13,0.7120529990076152,2.2543888111447423e-09,0.6328736085623988,5.491761005766754e-11,0.8031098159966756
mean_gpt2_seeds,rqvae_total_loss,test_Recall@10,53,18,46,-0.8021003260575175,5.236931136025235e-13,-0.6436900289740798,2.0019344066491142e-07,-0.6135832054878122,2.056053593674219e-10,0.8021003260575175
mean_gpt2_seeds,rq_val_entropy_l0,test_Recall@10,53,16,46,0.8012768707366822,5.759987694514476e-13,0.7138333373723537,1.971714405204668e-09,0.6327101822154311,7.31258939543346e-11,0.8012768707366822
mean_gpt2_seeds,rqvae_val_loss,test_Recall@10,53,18,46,-0.8006870401426961,6.16478697009168e-13,-0.6693188574759873,4.2706905597862753e-08,-0.6210025912857301,1.2431834798044958e-10,0.8006870401426961
mean_gpt2_seeds,rqvae_best_val_loss,test_Recall@10,53,15,46,-0.8004238893765008,6.353985173717293e-13,-0.6739557292562843,3.1772978266106255e-08,-0.6266736271951187,1.2086554900489034e-10,0.8004238893765008
mean_gpt2_seeds,rq_val_entropy_l3,test_Recall@10,53,18,46,0.7981431254960175,8.241760329740401e-13,0.5761243564393295,6.359780916756127e-06,0.6239703456048973,1.0149212101204354e-10,0.7981431254960175
mean_gpt2_seeds,rq_train_entropy_mean,test_Recall@10,53,18,46,0.7974970519349562,8.866680858588435e-13,0.7113969268275917,2.367887166766526e-09,0.6135832054878122,2.056053593674219e-10,0.7974970519349562
mean_gpt2_seeds,rq_train_entropy_sum,test_Recall@10,53,18,46,0.7974970519349562,8.866680858588435e-13,0.7113969268275917,2.367887166766526e-09,0.6135832054878122,2.056053593674219e-10,0.7974970519349562
mean_gpt2_seeds,sid_path_avg_similarity,test_Recall@10,53,18,46,0.7969317375690276,9.450201398705712e-13,0.6813679661819911,1.9584802577765315e-08,0.6165509598069794,1.682426440186119e-10,0.7969317375690276
mean_gpt2_seeds,rq_val_sids_num_l0,test_Recall@10,53,15,46,0.7966782289463464,9.723567485594414e-13,0.6647775163088476,5.676937689932951e-08,0.6236461411143703,1.5277249487837868e-10,0.7966782289463464
mean_gpt2_seeds,rq_val_sids_num_min,test_Recall@10,53,15,46,0.7966782289463464,9.723567485594414e-13,0.6647775163088476,5.676937689932951e-08,0.6236461411143703,1.5277249487837868e-10,0.7966782289463464
mean_gpt2_seeds,rq_val_entropy_l2,test_Recall@10,53,18,46,0.7954780720566399,1.1122976736059352e-12,0.6643628477946627,5.8250018243515747e-08,0.6210025912857301,1.2431834798044958e-10,0.7954780720566399
mean_gpt2_seeds,rq_val_entropy_max,test_Recall@10,53,18,46,0.7949935168858441,1.1740545850284646e-12,0.6005587968131776,1.9949628624115328e-06,0.6120993283282286,2.2721288965430614e-10,0.7949935168858441
mean_gpt2_seeds,sid_unique_total,test_Recall@10,53,18,46,0.7947512393004459,1.2061420206876741e-12,0.7195112280677582,1.2773943391704913e-09,0.6076476968494778,3.0621476386174437e-10,0.7947512393004459
mean_gpt2_seeds,sid_collisions,test_Recall@10,53,18,46,-0.7947512393004459,1.2061420206876741e-12,-0.7195112280677582,1.2773943391704913e-09,-0.6076476968494778,3.0621476386174437e-10,0.7947512393004459
mean_gpt2_seeds,sid_icr,test_Recall@10,53,18,46,0.7947512393004459,1.2061420206876741e-12,0.7195112280677582,1.2773943391704913e-09,0.6076476968494778,3.0621476386174437e-10,0.7947512393004459
mean_gpt2_seeds,sid_cur_total,test_Recall@10,53,18,46,0.7947512393004459,1.2061420206876741e-12,0.7195112280677582,1.2773943391704913e-09,0.6076476968494778,3.0621476386174437e-10,0.7947512393004459
mean_gpt2_seeds,rq_train_entropy_l0,test_Recall@10,53,18,46,0.7939840269466858,1.313342154987497e-12,0.7184952990714424,1.381629343425756e-09,0.6106154511686449,2.510331558480703e-10,0.7939840269466858
mean_gpt2_seeds,rq_train_entropy_min,test_Recall@10,53,18,46,0.7939840269466858,1.313342154987497e-12,0.7186953816091814,1.3604857114303517e-09,0.6106154511686449,2.510331558480703e-10,0.7939840269466858
mean_gpt2_seeds,rq_val_sids_num_max,test_Recall@10,53,16,46,0.7931947646432117,1.4330393130954736e-12,0.6971539173485273,6.659833958351675e-09,0.6177906824734871,1.9531804245045917e-10,0.7931947646432117
mean_gpt2_seeds,rq_val_sids_num_l3,test_Recall@10,53,18,46,0.7907536591413796,1.8723661584232555e-12,0.6928808179558037,8.978238789620494e-09,0.6106154511686449,2.510331558480703e-10,0.7907536591413796
mean_gpt2_seeds,rqvae_train_loss,test_Recall@10,53,18,46,-0.7883308832874001,2.433010933731329e-12,-0.6614995390365667,6.95078316187055e-08,-0.6076476968494778,3.0621476386174437e-10,0.7883308832874001
mean_gpt2_seeds,rq_val_entropy_l1,test_Recall@10,53,18,46,0.7874829117385072,2.664460169026823e-12,0.7173134990775236,1.512985528114389e-09,0.5987444338919764,5.527163803445194e-10,0.7874829117385072
mean_gpt2_seeds,rq_train_entropy_l2,test_Recall@10,53,18,46,0.7810221761278949,5.254586024920389e-12,0.6862100638481915,1.4168733482331017e-08,0.585389539455724,1.319609455728865e-09,0.7810221761278949
mean_gpt2_seeds,sid_max_cluster_size,test_Recall@10,53,18,46,-0.7802145841765683,5.710924567592971e-12,-0.29791181303152664,0.030267423425198513,-0.5928089252536419,8.156049341288742e-10,0.7802145841765683
mean_gpt2_seeds,rq_train_entropy_l1,test_Recall@10,53,18,46,0.7719771462730377,1.3096566139206268e-11,0.7089618708415788,2.838094634278806e-09,0.5542281191044688,9.348754522213475e-09,0.7719771462730377
mean_gpt2_seeds,rq_train_entropy_std,test_Recall@10,53,18,46,-0.7718156278827722,1.3306846736332324e-11,-0.6720420069662835,3.5920612381532415e-08,-0.582421785136557,1.5970920724528768e-09,0.7718156278827722
mean_gpt2_seeds,rq_val_sids_num_l1,test_Recall@10,53,15,46,0.7716062026063767,1.3584270229899197e-11,0.6838415339329167,1.6612461938170617e-08,0.569703297450108,4.82938461937916e-09,0.7716062026063767
mean_gpt2_seeds,rq_train_entropy_l3,test_Recall@10,53,18,46,0.7650722350891959,2.5583683419658025e-11,0.6571316790637064,9.068199273459973e-08,0.557195873423636,7.792441808030979e-09,0.7650722350891959
mean_gpt2_seeds,rq_train_entropy_max,test_Recall@10,53,18,46,0.7650722350891959,2.5583683419658025e-11,0.6571316790637064,9.068199273459973e-08,0.557195873423636,7.792441808030979e-09,0.7650722350891959
mean_gpt2_seeds,rq_val_entropy_std,test_Recall@10,53,18,46,-0.7206142981686698,1.1726495774459633e-09,-0.5968822319517751,2.389773023503563e-06,-0.5319699617107151,3.557240375947765e-08,0.7206142981686698
mean_gpt2_seeds,rq_train_sids_num_l3,test_Recall@10,53,10,46,0.5605605491387248,1.2694006695226177e-05,0.36426086563852744,0.007330762973456764,0.4554700197780691,9.67865045254289e-06,0.5605605491387248
mean_gpt2_seeds,rq_train_sids_num_max,test_Recall@10,53,10,46,0.5605605491387248,1.2694006695226177e-05,0.36426086563852744,0.007330762973456764,0.4554700197780691,9.67865045254289e-06,0.5605605491387248
mean_gpt2_seeds,rq_train_sids_num_l2,test_Recall@10,53,10,46,0.557466734448756,1.4503601104973432e-05,0.40561622028900923,0.002585074969539076,0.448722315781357,1.3084530440183141e-05,0.557466734448756
mean_gpt2_seeds,rq_train_sids_num_l1,test_Recall@10,53,9,46,0.5481374429833308,2.1505536018306582e-05,0.38419678386936046,0.004508613587626918,0.4396900094813365,2.088902205400877e-05,0.5481374429833308
mean_gpt2_seeds,rq_train_sids_num_mean,test_Recall@10,53,16,46,0.3601469287276616,0.008074803894434449,0.34269429678467644,0.012007149063535566,0.30738047859402146,0.0015526838120230408,0.3601469287276616
mean_gpt2_seeds,rq_train_sids_num_sum,test_Recall@10,53,16,46,0.3601469287276616,0.008074803894434449,0.34269429678467644,0.012007149063535566,0.30738047859402146,0.0015526838120230408,0.3601469287276616
mean_gpt2_seeds,rq_train_sids_num_l0,test_Recall@10,53,16,46,0.35468739974240143,0.009162906881336115,0.16085613701766868,0.2498811672019415,0.3013974035848921,0.0019153519243256185,0.35468739974240143
mean_gpt2_seeds,rq_train_sids_num_min,test_Recall@10,53,16,46,0.35468739974240143,0.009162906881336115,0.16085613701766868,0.2498811672019415,0.3013974035848921,0.0019153519243256185,0.35468739974240143
mean_gpt2_seeds,rq_train_sids_num_std,test_Recall@10,53,16,46,-0.13557830313396052,0.3330602998744563,0.04726091507533535,0.7368345086284097,-0.09049400951308173,0.35149884711000157,0.13557830313396052
mean_gpt2_seeds,rq_val_sids_num_std,test_Recall@10,53,17,46,0.12855806371856782,0.35892555060256814,0.2104018100817929,0.13048104160977342,0.10869252672761007,0.2614427592672808,0.12855806371856782
mean_gpt2_seeds,rq_val_entropy_mean,test_Recall@20,53,18,51,0.8309150261101181,1.3727253479299903e-14,0.7291683125889913,5.95572975923593e-10,0.6722098462378198,2.9854210606596865e-12,0.8309150261101181
mean_gpt2_seeds,rq_val_entropy_sum,test_Recall@20,53,18,51,0.8309150261101181,1.3727253479299903e-14,0.7291683125889913,5.95572975923593e-10,0.6722098462378198,2.9854210606596865e-12,0.8309150261101181
mean_gpt2_seeds,rq_val_entropy_min,test_Recall@20,53,16,51,0.828417145673518,1.9324554967438078e-14,0.7419116071157604,2.06763633497365e-10,0.6678955694334964,5.575322271673681e-12,0.828417145673518
mean_gpt2_seeds,rq_val_entropy_l0,test_Recall@20,53,16,51,0.8276893112075205,2.132746230274892e-14,0.7416528992120698,2.1138129699308683e-10,0.6678955694334964,5.575322271673681e-12,0.8276893112075205
mean_gpt2_seeds,rq_val_sids_num_mean,test_Recall@20,53,18,51,0.8271602535133279,2.2905867351847368e-14,0.7350810665563029,3.6728712563465913e-10,0.6633260156708001,5.730924255907177e-12,0.8271602535133279
mean_gpt2_seeds,rq_val_sids_num_sum,test_Recall@20,53,18,51,0.8271602535133279,2.2905867351847368e-14,0.7350810665563029,3.6728712563465913e-10,0.6633260156708001,5.730924255907177e-12,0.8271602535133279
mean_gpt2_seeds,rqvae_total_loss,test_Recall@20,53,18,51,-0.824011089399891,3.486377944381932e-14,-0.6730513142986376,3.367357648989379e-08,-0.6514809082481072,1.3496226764121632e-11,0.824011089399891
mean_gpt2_seeds,sid_path_avg_similarity,test_Recall@20,53,18,51,0.8229209941298551,4.024235264374259e-14,0.7154817381600851,1.7401248942406318e-09,0.6544421851037805,1.0909863024918e-11,0.8229209941298551
mean_gpt2_seeds,rqvae_best_val_loss,test_Recall@20,53,15,51,-0.8220879580084774,4.4875941444736345e-14,-0.7075195496962264,3.156798144130816e-09,-0.659712620958958,1.1118454965351244e-11,0.8220879580084774
mean_gpt2_seeds,rq_val_sids_num_l0,test_Recall@20,53,15,51,0.8214066407190187,4.903900073196363e-14,0.6839441570568645,1.649883341327245e-08,0.658978058465457,1.2114420505716443e-11,0.8214066407190187
mean_gpt2_seeds,rq_val_sids_num_min,test_Recall@20,53,15,51,0.8214066407190187,4.903900073196363e-14,0.6839441570568645,1.649883341327245e-08,0.658978058465457,1.2114420505716443e-11,0.8214066407190187
mean_gpt2_seeds,rq_train_entropy_mean,test_Recall@20,53,18,51,0.8213464120731366,4.9424202219745636e-14,0.7376350008635467,2.9689644428732627e-10,0.6514809082481072,1.3496226764121632e-11,0.8213464120731366
mean_gpt2_seeds,rq_train_entropy_sum,test_Recall@20,53,18,51,0.8213464120731366,4.9424202219745636e-14,0.7376350008635468,2.968964442873212e-10,0.6514809082481072,1.3496226764121632e-11,0.8213464120731366
mean_gpt2_seeds,sid_unique_total,test_Recall@20,53,18,51,0.8208619252864541,5.2629346244450333e-14,0.745180967868899,1.5605178380827695e-10,0.6485196313924341,1.6680265973905472e-11,0.8208619252864541
mean_gpt2_seeds,sid_collisions,test_Recall@20,53,18,51,-0.8208619252864541,5.2629346244450333e-14,-0.745180967868899,1.5605178380827695e-10,-0.6485196313924341,1.6680265973905472e-11,0.8208619252864541
mean_gpt2_seeds,sid_icr,test_Recall@20,53,18,51,0.8208619252864541,5.2629346244450333e-14,0.745180967868899,1.5605178380827695e-10,0.6485196313924341,1.6680265973905472e-11,0.8208619252864541
mean_gpt2_seeds,sid_cur_total,test_Recall@20,53,18,51,0.8208619252864541,5.2629346244450333e-14,0.745180967868899,1.5605178380827695e-10,0.6485196313924341,1.6680265973905472e-11,0.8208619252864541
mean_gpt2_seeds,rq_val_entropy_l3,test_Recall@20,53,18,51,0.8204985601964421,5.5162074721064855e-14,0.6137110205813616,1.0261558753946315e-06,0.6514809082481072,1.3496226764121632e-11,0.8204985601964421
mean_gpt2_seeds,rq_train_entropy_l0,test_Recall@20,53,18,51,0.8203774384997714,5.603180618520792e-14,0.7445612002550185,1.6465544971909854e-10,0.6544421851037805,1.0909863024918e-11,0.8203774384997714
mean_gpt2_seeds,rq_train_entropy_min,test_Recall@20,53,18,51,0.8203774384997714,5.603180618520792e-14,0.7446814967105924,1.629511252034874e-10,0.6544421851037805,1.0909863024918e-11,0.8203774384997714
mean_gpt2_seeds,rq_val_entropy_max,test_Recall@20,53,18,51,0.8195295866230767,6.249583403736961e-14,0.6372032908583303,2.8940017257697393e-07,0.6470389929645974,1.853733805617896e-11,0.8195295866230767
mean_gpt2_seeds,rq_val_sids_num_l2,test_Recall@20,53,17,51,0.8194924889328787,6.27942860434029e-14,0.737075988451292,3.1111475584612265e-10,0.6544459794395494,1.243189034929094e-11,0.8194924889328787
mean_gpt2_seeds,rqvae_train_loss,test_Recall@20,53,18,51,-0.8146847187562508,1.1538314843038633e-13,-0.6951706279572607,7.655119460168581e-09,-0.641116439253251,2.8211042295038483e-11,0.8146847187562508
mean_gpt2_seeds,rq_val_entropy_l2,test_Recall@20,53,18,51,0.8142002319695681,1.225589169499389e-13,0.6989242820759736,5.8756706668588045e-09,0.6381551623975777,3.475374660564992e-11,0.8142002319695681
mean_gpt2_seeds,rqvae_val_loss,test_Recall@20,53,18,51,-0.8131101366995322,1.402889524066707e-13,-0.7029876154627368,4.392307762889139e-09,-0.6351938855419046,4.2774206676304494e-11,0.8131101366995322
mean_gpt2_seeds,rq_val_sids_num_l3,test_Recall@20,53,18,51,0.8112933112494725,1.7537937107631519e-13,0.7236003553875423,9.283134259388497e-10,0.6381551623975777,3.475374660564992e-11,0.8112933112494725
mean_gpt2_seeds,rq_val_entropy_l1,test_Recall@20,53,18,51,0.8070540518659997,2.925580650335372e-13,0.7417291479130416,2.1001029059051783e-10,0.6233487781192117,9.724852695258098e-11,0.8070540518659997
mean_gpt2_seeds,rq_val_sids_num_max,test_Recall@20,53,16,51,0.8059357603635591,3.341385566360174e-13,0.7271240181416232,7.018625416127032e-10,0.6306048028079985,7.515861970479097e-11,0.8059357603635591
mean_gpt2_seeds,rq_train_entropy_l2,test_Recall@20,53,18,51,0.798212168009042,8.177512344952564e-13,0.7148513538049936,1.825478186673759e-09,0.6041004785573358,3.5794188875369907e-10,0.798212168009042
mean_gpt2_seeds,rq_train_entropy_l3,test_Recall@20,53,18,51,0.7921560831755095,1.6064259932749121e-12,0.6885926635522808,1.2054885559013872e-08,0.5907747327068064,8.623347531424912e-10,0.7921560831755095
mean_gpt2_seeds,rq_train_entropy_max,test_Recall@20,53,18,51,0.7921560831755095,1.6064259932749121e-12,0.6885926635522808,1.2054885559013872e-08,0.5907747327068064,8.623347531424912e-10,0.7921560831755095
mean_gpt2_seeds,rq_train_entropy_std,test_Recall@20,53,18,51,-0.7870285980164519,2.796918568390454e-12,-0.6870386416612363,1.3396897033471183e-08,-0.6129843091243554,1.971162914254798e-10,0.7870285980164519
mean_gpt2_seeds,rq_val_sids_num_l1,test_Recall@20,53,15,51,0.7864197297101044,2.9842731279759878e-12,0.7017878948733416,4.788737916562995e-09,0.5856632451370342,1.6503284651851403e-09,0.7864197297101044
mean_gpt2_seeds,sid_max_cluster_size,test_Recall@20,53,18,51,-0.7853732681619531,3.3344369226733166e-12,-0.33533226079353834,0.014105233646500253,-0.5818909021397867,1.533699282344613e-09,0.7853732681619531
mean_gpt2_seeds,rq_train_entropy_l1,test_Recall@20,53,18,51,0.7795190528228715,6.1338665481388e-12,0.7290263152726966,6.024338719065211e-10,0.5626426025779108,5.190123049278141e-09,0.7795190528228715
mean_gpt2_seeds,rq_val_entropy_std,test_Recall@20,53,18,51,-0.7209768994320563,1.1400283209946617e-09,-0.601322526170516,1.9209737095867814e-06,-0.5404330261603617,2.0186571131997065e-08,0.7209768994320563
mean_gpt2_seeds,rq_train_sids_num_l3,test_Recall@20,53,10,51,0.5464753100966315,2.3040703948707986e-05,0.361571451234573,0.007810065576686596,0.4469013059208735,1.3628970838826547e-05,0.5464753100966315
mean_gpt2_seeds,rq_train_sids_num_max,test_Recall@20,53,10,51,0.5464753100966315,2.3040703948707986e-05,0.361571451234573,0.007810065576686596,0.4469013059208735,1.3628970838826547e-05,0.5464753100966315
mean_gpt2_seeds,rq_train_sids_num_l2,test_Recall@20,53,10,51,0.5395152094452179,3.063236678471256e-05,0.3981654871696803,0.0031498647140074617,0.4334353532000939,2.4572699726863553e-05,0.5395152094452179
mean_gpt2_seeds,rq_train_sids_num_l1,test_Recall@20,53,9,51,0.5353994828221664,3.614449187601582e-05,0.37507279523508824,0.0056527047234026994,0.42943161953716863,3.12335504867459e-05,0.5353994828221664
mean_gpt2_seeds,rq_train_sids_num_mean,test_Recall@20,53,16,51,0.3481272686114047,0.010636345514925864,0.3306863943094792,0.015584733786861144,0.3216346261741195,0.0009065612339559545,0.3481272686114047
mean_gpt2_seeds,rq_train_sids_num_sum,test_Recall@20,53,16,51,0.3481272686114047,0.010636345514925864,0.3306863943094792,0.015584733786861144,0.3216346261741195,0.0009065612339559545,0.3481272686114047
mean_gpt2_seeds,rq_train_sids_num_l0,test_Recall@20,53,16,51,0.34230459288342485,0.012111065152198749,0.13962277113071273,0.31870329220399957,0.31566460991102674,0.0011281945759163566,0.34230459288342485
mean_gpt2_seeds,rq_train_sids_num_min,test_Recall@20,53,16,51,0.34230459288342485,0.012111065152198749,0.13962277113071273,0.31870329220399957,0.31566460991102674,0.0011281945759163566,0.34230459288342485
mean_gpt2_seeds,rq_val_sids_num_std,test_Recall@20,53,17,51,0.12399537597808748,0.3763748715711359,0.2351472697477332,0.09008775525076274,0.10176969260297193,0.29208308334490685,0.12399537597808748
mean_gpt2_seeds,rq_train_sids_num_std,test_Recall@20,53,16,51,-0.11206629013955609,0.4243356861233635,0.07257862701745854,0.6055310756783485,-0.09477400817659669,0.3282220657936039,0.11206629013955609
mean_gpt2_seeds,rq_val_entropy_mean,test_Recall@5,53,18,49,0.7749678621130336,9.72839400527732e-12,0.6659640162012844,5.272568116120121e-08,0.6045399842382871,3.571231667365088e-10,0.7749678621130336
mean_gpt2_seeds,rq_val_entropy_sum,test_Recall@5,53,18,49,0.7749678621130336,9.72839400527732e-12,0.6659640162012844,5.272568116120121e-08,0.6045399842382871,3.571231667365088e-10,0.7749678621130336
mean_gpt2_seeds,rq_val_entropy_min,test_Recall@5,53,16,49,0.7738607628995117,1.0865896715372677e-11,0.68378089358287,1.667995123923022e-08,0.6011699421055248,5.733478517521808e-10,0.7738607628995117
mean_gpt2_seeds,rq_val_sids_num_mean,test_Recall@5,53,18,49,0.7736354697274063,1.1112338230168996e-11,0.6861627482885251,1.42140488248409e-08,0.5986131216477157,5.291233352232084e-10,0.7736354697274063
mean_gpt2_seeds,rq_val_sids_num_sum,test_Recall@5,53,18,49,0.7736354697274063,1.1112338230168996e-11,0.6861627482885251,1.42140488248409e-08,0.5986131216477157,5.291233352232084e-10,0.7736354697274063
mean_gpt2_seeds,rq_val_sids_num_l2,test_Recall@5,53,17,49,0.7732703017710193,1.1523085801442046e-11,0.6870793358219419,1.3360028915282942e-08,0.6088322483964606,3.002245136131555e-10,0.7732703017710193
mean_gpt2_seeds,rqvae_val_loss,test_Recall@5,53,18,49,-0.7721819507612674,1.2834463345207453e-11,-0.6386524053496513,2.6672766740281114e-07,-0.5986131216477157,5.291233352232084e-10,0.7721819507612674
mean_gpt2_seeds,rq_val_entropy_l0,test_Recall@5,53,16,49,0.769857511924878,1.6124812804069248e-11,0.682561302707015,1.809333374679876e-08,0.5951955824324264,8.462643263600877e-10,0.769857511924878
mean_gpt2_seeds,rq_train_entropy_std,test_Recall@5,53,18,49,-0.769517165990013,1.666904680203665e-11,-0.655025490579661,1.0293001337053474e-07,-0.5704605243425013,3.255831000204777e-09,0.769517165990013
mean_gpt2_seeds,rqvae_best_val_loss,test_Recall@5,53,15,49,-0.7692030123735717,1.7186826146990235e-11,-0.6426404818186756,2.1261817668602242e-07,-0.5950715491033796,9.259072967687734e-10,0.7692030123735717
mean_gpt2_seeds,rq_val_entropy_l3,test_Recall@5,53,18,49,0.768911533087455,1.7680850031589226e-11,0.5479005095373949,2.1718442030927098e-05,0.5926862590571442,7.810718110610417e-10,0.768911533087455
mean_gpt2_seeds,rq_val_sids_num_max,test_Recall@5,53,16,49,0.7683577524416394,1.8656787163319387e-11,0.6658554459769337,5.3084134346092504e-08,0.5907829366069828,1.095770764053264e-09,0.7683577524416394
mean_gpt2_seeds,rq_val_sids_num_l0,test_Recall@5,53,15,49,0.7679124596967593,1.947837972727092e-11,0.645885607731453,1.7636875533532758e-07,0.5890154396078199,1.4035226698535376e-09,0.7679124596967593
mean_gpt2_seeds,rq_val_sids_num_min,test_Recall@5,53,15,49,0.7679124596967593,1.947837972727092e-11,0.645885607731453,1.7636875533532758e-07,0.5890154396078199,1.4035226698535376e-09,0.7679124596967593
mean_gpt2_seeds,rqvae_total_loss,test_Recall@5,53,18,49,-0.7677406428091766,1.980447574844956e-11,-0.6068881263001118,1.4541642535181127e-06,-0.5763873869330727,2.2363512520239216e-09,0.7677406428091766
mean_gpt2_seeds,rq_val_sids_num_l3,test_Recall@5,53,18,49,0.7656411154136428,2.4231427119804823e-11,0.6611342026298627,7.108299198111817e-08,0.5823142495236442,1.5304384581451983e-09,0.7656411154136428
mean_gpt2_seeds,rq_val_entropy_l2,test_Recall@5,53,18,49,0.7650354825110848,2.567346313240777e-11,0.6310568411352807,4.071501323692308e-07,0.5867593964665728,1.1487375666982143e-09,0.7650354825110848
mean_gpt2_seeds,rq_val_entropy_max,test_Recall@5,53,18,49,0.7647932293500617,2.627276105897517e-11,0.5704107665243712,8.230164464408225e-06,0.5793508182283584,1.850880059204249e-09,0.7647932293500617
mean_gpt2_seeds,sid_path_avg_similarity,test_Recall@5,53,18,49,0.763824216705969,2.880525984054382e-11,0.6513542535230192,1.2806462123248728e-07,0.5808325338760013,1.6832443374110268e-09,0.763824216705969
mean_gpt2_seeds,rq_train_entropy_l0,test_Recall@5,53,18,49,0.7631378327497368,3.073735894013356e-11,0.6889663366089949,1.1751631953112241e-08,0.5763873869330727,2.2363512520239216e-09,0.7631378327497368
mean_gpt2_seeds,rq_train_entropy_min,test_Recall@5,53,18,49,0.7631378327497368,3.073735894013356e-11,0.6891861267433407,1.1576632893277878e-08,0.5763873869330727,2.2363512520239216e-09,0.7631378327497368
mean_gpt2_seeds,rq_train_entropy_mean,test_Recall@5,53,18,49,0.7611998074615517,3.687801568830234e-11,0.6782847977669947,2.3991712964126588e-08,0.573423955637787,2.6996109419483987e-09,0.7611998074615517
mean_gpt2_seeds,rq_train_entropy_sum,test_Recall@5,53,18,49,0.7611998074615517,3.687801568830234e-11,0.6782847977669948,2.3991712964126588e-08,0.573423955637787,2.6996109419483987e-09,0.7611998074615517
mean_gpt2_seeds,sid_unique_total,test_Recall@5,53,18,49,0.7606749256126683,3.87313650126857e-11,0.6890140286776164,1.1713448721244463e-08,0.573423955637787,2.6996109419483987e-09,0.7606749256126683
mean_gpt2_seeds,sid_collisions,test_Recall@5,53,18,49,-0.7606749256126683,3.87313650126857e-11,-0.6890140286776164,1.1713448721244463e-08,-0.573423955637787,2.6996109419483987e-09,0.7606749256126683
mean_gpt2_seeds,sid_icr,test_Recall@5,53,18,49,0.7606749256126683,3.87313650126857e-11,0.6890140286776162,1.1713448721244813e-08,0.573423955637787,2.6996109419483987e-09,0.7606749256126683
mean_gpt2_seeds,sid_cur_total,test_Recall@5,53,18,49,0.7606749256126683,3.87313650126857e-11,0.6890140286776164,1.1713448721244463e-08,0.573423955637787,2.6996109419483987e-09,0.7606749256126683
mean_gpt2_seeds,rqvae_train_loss,test_Recall@5,53,18,49,-0.758736900324483,4.6368683599965834e-11,-0.6292744168975299,4.488949910811559e-07,-0.5749056712854299,2.457370639254731e-09,0.758736900324483
mean_gpt2_seeds,rq_val_entropy_l1,test_Recall@5,53,18,49,0.7541340902650434,7.062714968233129e-11,0.6872367793489451,1.3218286071505305e-08,0.5615702304566441,5.679915220602261e-09,0.7541340902650434
mean_gpt2_seeds,sid_max_cluster_size,test_Recall@5,53,18,49,-0.746866495434349,1.3475461108771558e-10,-0.28522518802924574,0.038435922450872795,-0.5571250835137156,7.478789144805104e-09,0.746866495434349
mean_gpt2_seeds,rq_train_entropy_l2,test_Recall@5,53,18,49,0.7437575798678854,1.7648135454291916e-10,0.6508541086758051,1.3190369144569802e-07,0.5497165052755012,1.1775534344560709e-08,0.7437575798678854
mean_gpt2_seeds,rq_val_sids_num_l1,test_Recall@5,53,15,49,0.7392963021921702,2.581825746384839e-10,0.6613197122796165,7.027901932343169e-08,0.5336931000134713,4.013283443501923e-08,0.7392963021921702
mean_gpt2_seeds,rq_train_entropy_l1,test_Recall@5,53,18,49,0.7355209723930985,3.5413214760450863e-10,0.6781412594625351,2.4218045175661557e-08,0.5111918984367869,1.1374199404104862e-07,0.7355209723930985
mean_gpt2_seeds,rq_train_entropy_l3,test_Recall@5,53,18,49,0.7259115970058472,7.731224018030695e-10,0.6197761522217973,7.474792807014514e-07,0.5082284671415012,1.345532089370298e-07,0.7259115970058472
mean_gpt2_seeds,rq_train_entropy_max,test_Recall@5,53,18,49,0.7259115970058472,7.731224018030695e-10,0.6197761522217973,7.474792807014514e-07,0.5082284671415012,1.345532089370298e-07,0.7259115970058472
mean_gpt2_seeds,rq_val_entropy_std,test_Recall@5,53,18,49,-0.7191285084971992,1.3157575560192486e-09,-0.5778871654118504,5.8677370225876134e-06,-0.5289724862085012,4.071109183727547e-08,0.7191285084971992
mean_gpt2_seeds,rq_train_sids_num_l3,test_Recall@5,53,10,49,0.5721261563203166,7.621018660966194e-06,0.3375621346958608,0.013438933035200221,0.4581754899623598,8.332070193947903e-06,0.5721261563203166
mean_gpt2_seeds,rq_train_sids_num_max,test_Recall@5,53,10,49,0.5721261563203166,7.621018660966194e-06,0.3375621346958608,0.013438933035200221,0.4581754899623598,8.332070193947903e-06,0.5721261563203166
mean_gpt2_seeds,rq_train_sids_num_l2,test_Recall@5,53,10,49,0.5622011681774814,1.1821460180518655e-05,0.3899798529559383,0.003893708505295035,0.4379618654051969,2.0455505326819807e-05,0.5622011681774814
mean_gpt2_seeds,rq_train_sids_num_l1,test_Recall@5,53,9,49,0.5589376381127226,1.3615427786789424e-05,0.37585268810930933,0.005545845615016641,0.44581715121720017,1.5585554179804308e-05,0.5589376381127226
mean_gpt2_seeds,rq_train_sids_num_l0,test_Recall@5,53,16,49,0.37966185253369117,0.005048937844466162,0.1639361359885477,0.24080769215079928,0.3069327282054294,0.001554913778908059,0.37966185253369117
mean_gpt2_seeds,rq_train_sids_num_min,test_Recall@5,53,16,49,0.37966185253369117,0.005048937844466162,0.1639361359885477,0.24080769215079928,0.3069327282054294,0.001554913778908059,0.37966185253369117
mean_gpt2_seeds,rq_train_sids_num_mean,test_Recall@5,53,16,49,0.37590122283024746,0.005539254340280832,0.3327975268678249,0.014896781968253933,0.3039455483688802,0.0017277072114194104,0.37590122283024746
mean_gpt2_seeds,rq_train_sids_num_sum,test_Recall@5,53,16,49,0.37590122283024746,0.005539254340280832,0.3327975268678249,0.014896781968253933,0.3039455483688802,0.0017277072114194104,0.37590122283024746
mean_gpt2_seeds,rq_train_sids_num_std,test_Recall@5,53,16,49,-0.19211560990388402,0.16815743501843713,0.02745414054865438,0.8452833919501677,-0.12770193801247792,0.1880041362225935,0.19211560990388402
mean_gpt2_seeds,rq_val_sids_num_std,test_Recall@5,53,17,49,0.08271404763869927,0.5559827325218714,0.18351614041499137,0.18838788793785294,0.08400249581050068,0.38482183081930155,0.08271404763869927
mean_gpt2_seeds,rq_val_entropy_std,val_NDCG@1,53,18,48,-0.6313648424113549,4.0031550082778074e-07,-0.5838793653788338,4.446924968715083e-06,-0.4528289452630877,2.6501506510827135e-06,0.6313648424113549
mean_gpt2_seeds,rq_train_entropy_std,val_NDCG@1,53,18,48,-0.6294671543897822,4.441952515298892e-07,-0.5605429189316534,1.2703698596744548e-05,-0.43652413872333656,5.97904222033854e-06,0.6294671543897822
mean_gpt2_seeds,rq_train_sids_num_l3,val_NDCG@1,53,10,48,0.5729755320372142,7.335126986548915e-06,0.3048581505681293,0.02644536789616584,0.4524445244581293,1.0863339635220077e-05,0.5729755320372142
mean_gpt2_seeds,rq_train_sids_num_max,val_NDCG@1,53,10,48,0.5729755320372142,7.335126986548915e-06,0.3048581505681293,0.02644536789616584,0.4524445244581293,1.0863339635220077e-05,0.5729755320372142
mean_gpt2_seeds,rq_train_sids_num_l1,val_NDCG@1,53,9,48,0.5626247885650495,1.1605360212533765e-05,0.4888469695073304,0.00020392843915321125,0.4417481688425695,1.8742911766597055e-05,0.5626247885650495
mean_gpt2_seeds,rq_train_sids_num_l2,val_NDCG@1,53,10,48,0.5618902568495121,1.1982427350187835e-05,0.4587181559183063,0.000551219174333814,0.4406489502636901,1.831151197217241e-05,0.5618902568495121
mean_gpt2_seeds,rq_train_entropy_l1,val_NDCG@1,53,18,48,0.5449190965775818,2.4569094467652686e-05,0.5028314248536464,0.00012446824634283478,0.3979855050839249,3.6680743813212027e-05,0.5449190965775818
mean_gpt2_seeds,rq_train_entropy_l2,val_NDCG@1,53,18,48,0.5425772688062792,2.7046041793951578e-05,0.39239878723784094,0.003659261583027526,0.43207737330340446,7.428982506707636e-06,0.5425772688062792
mean_gpt2_seeds,rq_val_entropy_mean,val_NDCG@1,53,18,48,0.5362381832874084,3.495217187557622e-05,0.37059602708475253,0.0063016472178416836,0.4409709041432687,4.8022611565906885e-06,0.5362381832874084
mean_gpt2_seeds,rq_val_entropy_sum,val_NDCG@1,53,18,48,0.5362381832874084,3.495217187557622e-05,0.37059602708475264,0.0063016472178416836,0.4409709041432687,4.8022611565906885e-06,0.5362381832874084
mean_gpt2_seeds,rq_val_sids_num_max,val_NDCG@1,53,16,48,0.5350661941328622,3.6628616029246605e-05,0.3789357553841862,0.0051405278246592434,0.4365326435817982,6.732822568307529e-06,0.5350661941328622
mean_gpt2_seeds,rqvae_total_loss,val_NDCG@1,53,18,48,-0.5328465706531081,4.000812592616811e-05,-0.3452149667844574,0.011353342766912076,-0.4113258013437212,1.9918649565297056e-05,0.5328465706531081
mean_gpt2_seeds,rq_val_entropy_l1,val_NDCG@1,53,18,48,0.532604312607801,4.039384416882999e-05,0.45954347341009427,0.0005370516240812221,0.43207737330340446,7.428982506707636e-06,0.532604312607801
mean_gpt2_seeds,rq_val_sids_num_l2,val_NDCG@1,53,17,48,0.5313197009870955,4.249697883495381e-05,0.48678195080568115,0.00021895994213732816,0.4298329281062575,8.775472698295206e-06,0.5313197009870955
mean_gpt2_seeds,rq_val_entropy_l2,val_NDCG@1,53,18,48,0.5310296353133043,4.29855994345832e-05,0.3079470981104892,0.024880553093415688,0.4305951181634271,7.982972739023088e-06,0.5310296353133043
mean_gpt2_seeds,rqvae_val_loss,val_NDCG@1,53,18,48,-0.5309085062906508,4.319116882700112e-05,-0.3080871732209208,0.02481147785487051,-0.43504188358335927,6.42928746789589e-06,0.5309085062906508
mean_gpt2_seeds,rq_val_sids_num_mean,val_NDCG@1,53,18,48,0.5280014097469649,4.8404489244908305e-05,0.4936196090058338,0.0001727179167280879,0.42614835274349494,9.89188599632609e-06,0.5280014097469649
mean_gpt2_seeds,rq_val_sids_num_sum,val_NDCG@1,53,18,48,0.5280014097469649,4.8404489244908305e-05,0.4936196090058338,0.0001727179167280879,0.42614835274349494,9.89188599632609e-06,0.5280014097469649
mean_gpt2_seeds,rq_train_entropy_mean,val_NDCG@1,53,18,48,0.527557269997235,4.9250075280794074e-05,0.44390986404966204,0.0008699143420834268,0.41429031162367597,1.734805662892921e-05,0.527557269997235
mean_gpt2_seeds,rq_train_entropy_sum,val_NDCG@1,53,18,48,0.527557269997235,4.9250075280794074e-05,0.44390986404966215,0.0008699143420834268,0.41429031162367597,1.734805662892921e-05,0.527557269997235
mean_gpt2_seeds,rq_val_entropy_l0,val_NDCG@1,53,16,48,0.5266403054121134,5.103897832090966e-05,0.4362863569092927,0.001091609810661438,0.4198515792619745,1.5123278484751792e-05,0.5266403054121134
mean_gpt2_seeds,rq_val_entropy_min,val_NDCG@1,53,16,48,0.5261550530863219,5.2009636111496305e-05,0.4401012033702988,0.0009750275162847969,0.4228398467300313,1.3144750729890952e-05,0.5261550530863219
mean_gpt2_seeds,sid_path_avg_similarity,val_NDCG@1,53,18,48,0.5244886680900109,5.5473549610623433e-05,0.32766401513362653,0.016616724800471425,0.41873707704360813,1.4076660402108543e-05,0.5244886680900109
mean_gpt2_seeds,sid_unique_total,val_NDCG@1,53,18,48,0.5224294747049,6.004642806723353e-05,0.4520247352286965,0.0006791955092829397,0.42170158732356283,1.2232263228493882e-05,0.5224294747049
mean_gpt2_seeds,sid_collisions,val_NDCG@1,53,18,48,-0.5224294747049,6.004642806723353e-05,-0.4520247352286965,0.0006791955092829397,-0.42170158732356283,1.2232263228493882e-05,0.5224294747049
mean_gpt2_seeds,sid_icr,val_NDCG@1,53,18,48,0.5224294747049,6.004642806723353e-05,0.4520247352286965,0.0006791955092829397,0.42170158732356283,1.2232263228493882e-05,0.5224294747049
mean_gpt2_seeds,sid_cur_total,val_NDCG@1,53,18,48,0.5224294747049,6.004642806723353e-05,0.4520247352286965,0.0006791955092829397,0.42170158732356283,1.2232263228493882e-05,0.5224294747049
mean_gpt2_seeds,rq_train_entropy_l0,val_NDCG@1,53,18,48,0.522348722023131,6.023261574810107e-05,0.46699044696474523,0.0004233350551132447,0.4083612910637665,2.28494518786349e-05,0.522348722023131
mean_gpt2_seeds,rq_train_entropy_min,val_NDCG@1,53,18,48,0.522348722023131,6.023261574810107e-05,0.4674728874087852,0.0004167818747452976,0.4083612910637665,2.28494518786349e-05,0.522348722023131
mean_gpt2_seeds,rq_val_entropy_max,val_NDCG@1,53,18,48,0.5223083456822464,6.0325908244581854e-05,0.1991138225255938,0.15290007729930455,0.41873707704360813,1.4076660402108543e-05,0.5223083456822464
mean_gpt2_seeds,rq_val_sids_num_l0,val_NDCG@1,53,15,48,0.5219522876326329,6.115436909469645e-05,0.5134815142934308,8.422189017194938e-05,0.4145599678096562,2.042060208048768e-05,0.5219522876326329
mean_gpt2_seeds,rq_val_sids_num_min,val_NDCG@1,53,15,48,0.5219522876326329,6.115436909469645e-05,0.5134815142934308,8.422189017194938e-05,0.4145599678096562,2.042060208048768e-05,0.5219522876326329
mean_gpt2_seeds,rq_val_entropy_l3,val_NDCG@1,53,18,48,0.5218238295916321,6.145581499032109e-05,0.16572728036703344,0.23563592635389097,0.4172548219036307,1.5095531625926124e-05,0.5218238295916321
mean_gpt2_seeds,rqvae_best_val_loss,val_NDCG@1,53,15,48,-0.5214064028169181,6.244481349358627e-05,-0.3165734664285028,0.02091683617668418,-0.41932251588883374,1.6160077255649236e-05,0.5214064028169181
mean_gpt2_seeds,rq_val_sids_num_l3,val_NDCG@1,53,18,48,0.5206125393650962,6.436611956508908e-05,0.36818198433403726,0.006677869908394324,0.40984354620374386,2.1336195006476743e-05,0.5206125393650962
mean_gpt2_seeds,sid_max_cluster_size,val_NDCG@1,53,18,48,-0.5169786686854888,7.387294595302788e-05,0.09121601037007367,0.5159608747439361,-0.40539678078381175,2.6187781898544817e-05,0.5169786686854888
mean_gpt2_seeds,rqvae_train_loss,val_NDCG@1,53,18,48,-0.5155251204136458,7.802379976798424e-05,-0.3145357300412997,0.021801401456530187,-0.3979855050839249,3.6680743813212027e-05,0.5155251204136458
mean_gpt2_seeds,rq_val_sids_num_l1,val_NDCG@1,53,15,48,0.5148546993260249,8.00094436332546e-05,0.5276630099327408,4.9047537242121355e-05,0.4006027607152251,3.793003782061331e-05,0.5148546993260249
mean_gpt2_seeds,rq_train_entropy_l3,val_NDCG@1,53,18,48,0.5138293140964957,8.313616455873011e-05,0.3138568497285301,0.022103023535936052,0.3935387396639928,4.477801407040526e-05,0.5138293140964957
mean_gpt2_seeds,rq_train_entropy_max,val_NDCG@1,53,18,48,0.5138293140964957,8.313616455873011e-05,0.3138568497285301,0.022103023535936052,0.3935387396639928,4.477801407040526e-05,0.5138293140964957
mean_gpt2_seeds,rq_train_sids_num_mean,val_NDCG@1,53,16,48,0.4311871291595474,0.0012669302951464475,0.4471838924155058,0.0007878259352783857,0.3436507588265272,0.00039774038464269475,0.4311871291595474
mean_gpt2_seeds,rq_train_sids_num_sum,val_NDCG@1,53,16,48,0.4311871291595474,0.0012669302951464475,0.4471838924155058,0.0007878259352783857,0.3436507588265272,0.00039774038464269475,0.4311871291595474
mean_gpt2_seeds,rq_train_sids_num_l0,val_NDCG@1,53,16,48,0.42997399834506866,0.0013121848647697752,0.36491652384194084,0.0072178702559111225,0.33916835762444203,0.000473380051649291,0.42997399834506866
mean_gpt2_seeds,rq_train_sids_num_min,val_NDCG@1,53,16,48,0.42997399834506866,0.0013121848647697752,0.36491652384194084,0.0072178702559111225,0.33916835762444203,0.000473380051649291,0.42997399834506866
mean_gpt2_seeds,rq_train_sids_num_std,val_NDCG@1,53,16,48,-0.36203867273426127,0.007724894154706867,-0.2483747599945848,0.07292564095099695,-0.25101446731676763,0.009684589325536473,0.36203867273426127
mean_gpt2_seeds,rq_val_sids_num_std,val_NDCG@1,53,17,48,-0.11865008833630622,0.39745048583505793,-0.12112585652490683,0.38760444171186326,-0.060979757966631694,0.5282673308885762,0.11865008833630622
mean_gpt2_seeds,rq_train_entropy_std,val_NDCG@10,53,18,53,-0.7356635247157316,3.499657664188783e-10,-0.6318624180029019,3.895004642868529e-07,-0.5429998243411637,1.6924619392981087e-08,0.7356635247157316
mean_gpt2_seeds,rq_val_entropy_std,val_NDCG@10,53,18,53,-0.7155581336879392,1.7300409323152905e-09,-0.6179615596212884,8.22385598787485e-07,-0.5326428794627218,3.143949211197459e-08,0.7155581336879392
mean_gpt2_seeds,rqvae_total_loss,val_NDCG@10,53,18,53,-0.6629934366634697,6.340153501140111e-08,-0.4742666874143445,0.0003337563568406894,-0.5119289897058381,1.0488843737739417e-07,0.6629934366634697
mean_gpt2_seeds,rq_val_entropy_min,val_NDCG@10,53,16,53,0.6564802200212766,9.43159987556244e-08,0.562400708516627,1.1719209609372429e-05,0.5331828566726485,3.711166751948537e-08,0.6564802200212766
mean_gpt2_seeds,rq_train_entropy_mean,val_NDCG@10,53,18,53,0.6535463252166755,1.1244167856154563e-07,0.5619687204183881,1.1941614399676141e-05,0.5178472439220907,7.468272661347683e-08,0.6535463252166755
mean_gpt2_seeds,rq_train_entropy_sum,val_NDCG@10,53,18,53,0.6535463252166755,1.1244167856154563e-07,0.5619687204183881,1.1941614399676141e-05,0.5178472439220907,7.468272661347683e-08,0.6535463252166755
mean_gpt2_seeds,rq_val_sids_num_mean,val_NDCG@10,53,18,53,0.6530618579629939,1.1573215552133991e-07,0.5967493969296724,2.405314357303976e-06,0.5326428794627218,3.143949211197459e-08,0.6530618579629939
mean_gpt2_seeds,rq_val_sids_num_sum,val_NDCG@10,53,18,53,0.6530618579629939,1.1573215552133991e-07,0.5967493969296724,2.405314357303976e-06,0.5326428794627218,3.143949211197459e-08,0.6530618579629939
mean_gpt2_seeds,rq_val_entropy_l0,val_NDCG@10,53,16,53,0.6525985927040776,1.1896292622655737e-07,0.5593229745244873,1.3391214942786745e-05,0.5272171743602273,5.2541342418445437e-08,0.6525985927040776
mean_gpt2_seeds,rq_val_entropy_mean,val_NDCG@10,53,18,53,0.6518506898287895,1.243578382730756e-07,0.507000523420379,0.00010698451896120973,0.5296837523545955,3.744744208130105e-08,0.6518506898287895
mean_gpt2_seeds,rq_val_entropy_sum,val_NDCG@10,53,18,53,0.6518506898287895,1.243578382730756e-07,0.507000523420379,0.00010698451896120973,0.5296837523545955,3.744744208130105e-08,0.6518506898287895
mean_gpt2_seeds,rq_val_sids_num_l0,val_NDCG@10,53,15,53,0.6500433328157365,1.383572288093652e-07,0.5955134172919113,2.554498891052611e-06,0.5223099666546875,7.592537455684741e-08,0.6500433328157365
mean_gpt2_seeds,rq_val_sids_num_min,val_NDCG@10,53,15,53,0.6500433328157365,1.383572288093652e-07,0.5955134172919113,2.554498891052611e-06,0.5223099666546875,7.592537455684741e-08,0.6500433328157365
mean_gpt2_seeds,rq_train_entropy_l0,val_NDCG@10,53,18,53,0.6479749517993355,1.5618745247395122e-07,0.5824464735993603,4.754128873754738e-06,0.5119289897058381,1.0488843737739417e-07,0.6479749517993355
mean_gpt2_seeds,rq_train_entropy_min,val_NDCG@10,53,18,53,0.6479749517993355,1.5618745247395122e-07,0.5828606176609776,4.663372642737531e-06,0.5119289897058381,1.0488843737739417e-07,0.6479749517993355
mean_gpt2_seeds,sid_path_avg_similarity,val_NDCG@10,53,18,53,0.6477327181724947,1.5841103990821322e-07,0.47339200299058387,0.00034352912214406046,0.5163676803680275,8.132918790287898e-08,0.6477327181724947
mean_gpt2_seeds,rqvae_best_val_loss,val_NDCG@10,53,15,53,-0.6473401117721849,1.6207810651356607e-07,-0.46198446386834974,0.0004970539218897141,-0.5209590582335558,8.029583006939896e-08,0.6473401117721849
mean_gpt2_seeds,rq_val_entropy_l3,val_NDCG@10,53,18,53,0.6467637836651311,1.6760557092680596e-07,0.3224866939628153,0.018519866612582023,0.5208063710302169,6.293159256052344e-08,0.6467637836651311
mean_gpt2_seeds,rq_val_entropy_max,val_NDCG@10,53,18,53,0.6457948491577676,1.772984997245658e-07,0.3543539485209587,0.00923329425107755,0.5134085532599013,9.638293481349438e-08,0.6457948491577676
mean_gpt2_seeds,rqvae_train_loss,val_NDCG@10,53,18,53,-0.645310381904086,1.8233964713698266e-07,-0.4588351616027641,0.0005491903055343401,-0.5134085532599013,9.638293481349438e-08,0.645310381904086
mean_gpt2_seeds,rq_val_sids_num_l2,val_NDCG@10,53,17,53,0.6448145906423597,1.8763747424091187e-07,0.5927698087926689,2.9169568058782864e-06,0.515902115007519,9.070961841392336e-08,0.6448145906423597
mean_gpt2_seeds,rq_train_entropy_l1,val_NDCG@10,53,18,53,0.6434532574316393,2.0293545921613902e-07,0.6000552044585902,2.045193156637117e-06,0.45718513820550283,2.040696255970581e-06,0.6434532574316393
mean_gpt2_seeds,sid_unique_total,val_NDCG@10,53,18,53,0.6428880456356771,2.0962401629014833e-07,0.5727338991701215,7.415429215751517e-06,0.510449426151775,1.1411835778387015e-07,0.6428880456356771
mean_gpt2_seeds,sid_collisions,val_NDCG@10,53,18,53,-0.6428880456356771,2.0962401629014833e-07,-0.5727338991701215,7.415429215751517e-06,-0.510449426151775,1.1411835778387015e-07,0.6428880456356771
mean_gpt2_seeds,sid_icr,val_NDCG@10,53,18,53,0.6428880456356771,2.0962401629014833e-07,0.5727338991701214,7.415429215751517e-06,0.510449426151775,1.1411835778387015e-07,0.6428880456356771
mean_gpt2_seeds,sid_cur_total,val_NDCG@10,53,18,53,0.6428880456356771,2.0962401629014833e-07,0.5727338991701215,7.415429215751517e-06,0.510449426151775,1.1411835778387015e-07,0.6428880456356771
mean_gpt2_seeds,rq_val_sids_num_l3,val_NDCG@10,53,18,53,0.6397390084867458,2.5082996345308486e-07,0.505616494839721,0.000112522234799881,0.510449426151775,1.1411835778387015e-07,0.6397390084867458
mean_gpt2_seeds,rq_val_entropy_l2,val_NDCG@10,53,18,53,0.6348943359499284,3.2928636686841344e-07,0.451822888237891,0.0006834401979261808,0.49417422705708075,2.8424641771312736e-07,0.6348943359499284
mean_gpt2_seeds,rqvae_val_loss,val_NDCG@10,53,18,53,-0.6327142333083605,3.716179125764882e-07,-0.453539770856498,0.0006480865956158377,-0.48825597284082833,3.934012672669873e-07,0.6327142333083605
mean_gpt2_seeds,rq_train_entropy_l2,val_NDCG@10,53,18,53,0.6307763642936335,4.134687974673024e-07,0.5171839988436254,7.330320168972034e-05,0.46902164663800777,1.1029956440590547e-06,0.6307763642936335
mean_gpt2_seeds,rq_val_sids_num_max,val_NDCG@10,53,16,53,0.6289197966992325,4.5766381995418443e-07,0.5130362579015693,8.563081008437891e-05,0.49309376227203305,3.509292874772621e-07,0.6289197966992325
mean_gpt2_seeds,rq_val_entropy_l1,val_NDCG@10,53,18,53,0.6273850935178613,4.974922227696265e-07,0.573568883528186,7.141345959607737e-06,0.47937859151644957,6.361617878527673e-07,0.6273850935178613
mean_gpt2_seeds,rq_train_entropy_l3,val_NDCG@10,53,18,53,0.6157578794294994,9.227725896578671e-07,0.4521795855080712,0.000675955253535358,0.45866470175956603,1.891142742175704e-06,0.6157578794294994
mean_gpt2_seeds,rq_train_entropy_max,val_NDCG@10,53,18,53,0.6157578794294994,9.227725896578671e-07,0.4521795855080712,0.000675955253535358,0.45866470175956603,1.891142742175704e-06,0.6157578794294994
mean_gpt2_seeds,rq_val_sids_num_l1,val_NDCG@10,53,15,53,0.614706211834644,9.746104396872722e-07,0.6070989199086307,1.4387616401371836e-06,0.4566800352664313,2.547177308099121e-06,0.614706211834644
mean_gpt2_seeds,sid_max_cluster_size,val_NDCG@10,53,18,53,-0.6099442723853185,1.2451923942173964e-06,-0.03999336970947443,0.7761596521969,-0.44090993911080856,4.643514553888689e-06,0.6099442723853185
mean_gpt2_seeds,rq_train_sids_num_l3,val_NDCG@10,53,10,53,0.6004778069393784,2.0029628051573764e-06,0.33495113516801156,0.014221900752468344,0.47096619756315183,4.494818454599025e-06,0.6004778069393784
mean_gpt2_seeds,rq_train_sids_num_max,val_NDCG@10,53,10,53,0.6004778069393784,2.0029628051573764e-06,0.33495113516801156,0.014221900752468344,0.47096619756315183,4.494818454599025e-06,0.6004778069393784
mean_gpt2_seeds,rq_train_sids_num_l2,val_NDCG@10,53,10,53,0.599704493601401,2.0808674883355822e-06,0.4548077013069925,0.0006230459949800967,0.46760215329484356,5.255575279900599e-06,0.599704493601401
mean_gpt2_seeds,rq_train_sids_num_l1,val_NDCG@10,53,9,53,0.5931113575869802,2.8693620684093994e-06,0.46588734530653253,0.000438670905015318,0.46037466626004403,7.918962242425745e-06,0.5931113575869802
mean_gpt2_seeds,rq_train_sids_num_mean,val_NDCG@10,53,16,53,0.4596089345270911,0.0005359421167166573,0.42346567707670674,0.0015805878305109598,0.3765836959715909,0.00010128540297571046,0.4596089345270911
mean_gpt2_seeds,rq_train_sids_num_sum,val_NDCG@10,53,16,53,0.4596089345270911,0.0005359421167166573,0.42346567707670674,0.0015805878305109598,0.3765836959715909,0.00010128540297571046,0.4596089345270911
mean_gpt2_seeds,rq_train_sids_num_l0,val_NDCG@10,53,16,53,0.45305868842931785,0.0006578226867731256,0.3028485729512924,0.02750703505514703,0.3706180136591697,0.00013029106019214138,0.45305868842931785
mean_gpt2_seeds,rq_train_sids_num_min,val_NDCG@10,53,16,53,0.45305868842931785,0.0006578226867731256,0.3028485729512924,0.02750703505514703,0.3706180136591697,0.00013029106019214138,0.45305868842931785
mean_gpt2_seeds,rq_train_sids_num_std,val_NDCG@10,53,16,53,-0.3315152330595249,0.015311474884657896,-0.1503753945988136,0.2824774139289007,-0.2334073204734811,0.01597548513059678,0.3315152330595249
mean_gpt2_seeds,rq_val_sids_num_std,val_NDCG@10,53,17,53,-0.09088722852504601,0.5174811592292556,-0.008882624627381543,0.9496664079167529,-0.030434513259436375,0.7525475311673093,0.09088722852504601
mean_gpt2_seeds,rq_train_entropy_std,val_NDCG@20,53,18,53,-0.7475329724309343,1.2711844024588332e-10,-0.6397368372957096,2.5086082535397924e-07,-0.5637137140980473,4.741569354779057e-09,0.7475329724309343
mean_gpt2_seeds,rq_val_entropy_std,val_NDCG@20,53,18,53,-0.7273468368608615,6.89461143851747e-10,-0.620035818012709,7.372970135445757e-07,-0.5533567692196054,9.008846777593494e-09,0.7273468368608615
mean_gpt2_seeds,rqvae_total_loss,val_NDCG@20,53,18,53,-0.6790616005772475,2.2800972491398727e-08,-0.4951309022725194,0.00016378406192577304,-0.535602006570848,2.6371195226693348e-08,0.6790616005772475
mean_gpt2_seeds,rq_val_entropy_min,val_NDCG@20,53,16,53,0.6715619594933102,3.7038128822752614e-08,0.580942092798104,5.097785315173885e-06,0.5540627447661229,1.067646458898526e-08,0.6715619594933102
mean_gpt2_seeds,rq_val_entropy_l0,val_NDCG@20,53,16,53,0.6686507390054109,4.454697528598181e-08,0.5781114551523304,5.8077307607219856e-06,0.5480970624537016,1.5311802195839296e-08,0.6686507390054109
mean_gpt2_seeds,rq_train_entropy_mean,val_NDCG@20,53,18,53,0.6685648100808097,4.478896804695543e-08,0.5810294711670895,5.077210293665461e-06,0.5415202607871005,1.8502940786157614e-08,0.6685648100808097
mean_gpt2_seeds,rq_train_entropy_sum,val_NDCG@20,53,18,53,0.6685648100808097,4.478896804695543e-08,0.5810294711670895,5.077210293665461e-06,0.5415202607871005,1.8502940786157614e-08,0.6685648100808097
mean_gpt2_seeds,rq_val_sids_num_mean,val_NDCG@20,53,18,53,0.6671114083197645,4.907393216957737e-08,0.6109006689820891,1.185784335110548e-06,0.5503976421114791,1.0799695838894515e-08,0.6671114083197645
mean_gpt2_seeds,rq_val_sids_num_sum,val_NDCG@20,53,18,53,0.6671114083197645,4.907393216957737e-08,0.6109006689820891,1.185784335110548e-06,0.5503976421114791,1.0799695838894515e-08,0.6671114083197645
mean_gpt2_seeds,rq_val_entropy_mean,val_NDCG@20,53,18,53,0.6659002401855602,5.293596619276404e-08,0.5284740138317624,4.751938411206001e-05,0.5444793878952268,1.5477371367924503e-08,0.6659002401855602
mean_gpt2_seeds,rq_val_entropy_sum,val_NDCG@20,53,18,53,0.6659002401855602,5.293596619276404e-08,0.5284740138317625,4.751938411206001e-05,0.5444793878952268,1.5477371367924503e-08,0.6659002401855602
mean_gpt2_seeds,rq_val_sids_num_l0,val_NDCG@20,53,15,53,0.6654974374420505,5.4282416205285995e-08,0.6046551530834224,1.6270417757383263e-06,0.5432622289273684,2.241699113178064e-08,0.6654974374420505
mean_gpt2_seeds,rq_val_sids_num_min,val_NDCG@20,53,15,53,0.6654974374420505,5.4282416205285995e-08,0.6046551530834224,1.6270417757383263e-06,0.5432622289273684,2.241699113178064e-08,0.6654974374420505
mean_gpt2_seeds,rq_train_entropy_l0,val_NDCG@20,53,18,53,0.6639623711708331,5.971435347923197e-08,0.6001096908680038,2.0397021882449725e-06,0.535602006570848,2.6371195226693348e-08,0.6639623711708331
mean_gpt2_seeds,rq_train_entropy_min,val_NDCG@20,53,18,53,0.6639623711708331,5.971435347923197e-08,0.6004986208453221,2.0009040207701625e-06,0.535602006570848,2.6371195226693348e-08,0.6639623711708331
mean_gpt2_seeds,rqvae_best_val_loss,val_NDCG@20,53,15,53,-0.6621406165765714,6.682273643195832e-08,-0.4851372639133203,0.00023164598734339237,-0.5463716952205586,1.820563023986023e-08,0.6621406165765714
mean_gpt2_seeds,rq_val_entropy_l3,val_NDCG@20,53,18,53,0.6615400349024244,6.93352645773074e-08,0.3485466388260622,0.010536386383975003,0.5385611336789743,2.2099626200727432e-08,0.6615400349024244
mean_gpt2_seeds,sid_path_avg_similarity,val_NDCG@20,53,18,53,0.6610555676487426,7.142638412111871e-08,0.4960281529001893,0.00015868162094163823,0.5400406972330374,2.022379993631129e-08,0.6610555676487426
mean_gpt2_seeds,rq_val_entropy_max,val_NDCG@20,53,18,53,0.6596021658876975,7.80606369778346e-08,0.3802647026037948,0.004973984782302715,0.5311633159086587,3.431616259704002e-08,0.6596021658876975
mean_gpt2_seeds,rq_val_sids_num_l2,val_NDCG@20,53,17,53,0.6585082664067999,8.343082451598416e-08,0.6077567771777378,1.3916646567660653e-06,0.529263608633613,4.1857208035548135e-08,0.6585082664067999
mean_gpt2_seeds,rqvae_train_loss,val_NDCG@20,53,18,53,-0.6576642968729705,8.780898343856841e-08,-0.48068930091582973,0.0002693771761488632,-0.5282041888005324,4.085506046354322e-08,0.6576642968729705
mean_gpt2_seeds,sid_unique_total,val_NDCG@20,53,18,53,0.6557264278582434,9.869128046596717e-08,0.5913689790609039,3.1199493034050226e-06,0.5311633159086587,3.431616259704002e-08,0.6557264278582434
mean_gpt2_seeds,sid_collisions,val_NDCG@20,53,18,53,-0.6557264278582434,9.869128046596717e-08,-0.5913689790609039,3.1199493034050226e-06,-0.5311633159086587,3.431616259704002e-08,0.6557264278582434
mean_gpt2_seeds,sid_icr,val_NDCG@20,53,18,53,0.6557264278582434,9.869128046596717e-08,0.5913689790609039,3.1199493034050226e-06,0.5311633159086587,3.431616259704002e-08,0.6557264278582434
mean_gpt2_seeds,sid_cur_total,val_NDCG@20,53,18,53,0.6557264278582434,9.869128046596717e-08,0.5913689790609039,3.1199493034050226e-06,0.5311633159086587,3.431616259704002e-08,0.6557264278582434
mean_gpt2_seeds,rq_val_sids_num_l3,val_NDCG@20,53,18,53,0.6540307924703573,1.0923911704141285e-07,0.5272669135993459,4.9810195040544376e-05,0.5252450616924061,4.8595280009540313e-08,0.6540307924703573
mean_gpt2_seeds,rq_train_entropy_l1,val_NDCG@20,53,18,53,0.6515277116596684,1.2675782626724192e-07,0.6153123461093859,9.444109813046404e-07,0.46310339242175536,1.5030321304746408e-06,0.6515277116596684
mean_gpt2_seeds,rq_val_entropy_l2,val_NDCG@20,53,18,53,0.6467637836651311,1.6760557092680596e-07,0.47487035091030744,0.0003271595730548731,0.5060107354895858,1.4677156621896315e-07,0.6467637836651311
mean_gpt2_seeds,rqvae_val_loss,val_NDCG@20,53,18,53,-0.6460370827846085,1.7482719215428678e-07,-0.47706638107960186,0.00030414770657912843,-0.5060107354895858,1.4677156621896315e-07,0.6460370827846085
mean_gpt2_seeds,rq_val_sids_num_max,val_NDCG@20,53,16,53,0.6418934651485901,2.2189762458044262e-07,0.5344452636362296,3.754651566449344e-05,0.5050114362846502,1.8191462235907233e-07,0.6418934651485901
mean_gpt2_seeds,rq_train_entropy_l2,val_NDCG@20,53,18,53,0.6414346438746319,2.2778374765417533e-07,0.5379622654807021,3.261411235258188e-05,0.4808581550705127,5.875260019193313e-07,0.6414346438746319
mean_gpt2_seeds,rq_val_entropy_l1,val_NDCG@20,53,18,53,0.635621036830451,3.162096483029426e-07,0.5908017976323431,3.2058148387883286e-06,0.4852968457327021,4.6217892419426684e-07,0.635621036830451
mean_gpt2_seeds,rq_train_entropy_l3,val_NDCG@20,53,18,53,0.623993822742089,5.972748745537576e-07,0.476333624708259,0.00031165732017901016,0.46458295597581845,1.3916122035531488e-06,0.623993822742089
mean_gpt2_seeds,rq_train_entropy_max,val_NDCG@20,53,18,53,0.623993822742089,5.972748745537576e-07,0.476333624708259,0.00031165732017901016,0.46458295597581845,1.3916122035531488e-06,0.623993822742089
mean_gpt2_seeds,rq_val_sids_num_l1,val_NDCG@20,53,15,53,0.6208933081053302,7.045850627327438e-07,0.6169945409255142,8.651114054793275e-07,0.4611646182641377,2.0290142466681156e-06,0.6208933081053302
mean_gpt2_seeds,sid_max_cluster_size,val_NDCG@20,53,18,53,-0.6206025519663169,7.155219295727949e-07,-0.062121487719901336,0.6585655922727055,-0.4557055746514398,2.2015749644359874e-06,0.6206025519663169
mean_gpt2_seeds,rq_train_sids_num_l3,val_NDCG@20,53,10,53,0.6049458395588028,1.6034998712410953e-06,0.34636490614382465,0.01106540828792931,0.47769428609976833,3.277552785222575e-06,0.6049458395588028
mean_gpt2_seeds,rq_train_sids_num_max,val_NDCG@20,53,10,53,0.6049458395588028,1.6034998712410953e-06,0.34636490614382465,0.01106540828792931,0.47769428609976833,3.277552785222575e-06,0.6049458395588028
mean_gpt2_seeds,rq_train_sids_num_l2,val_NDCG@20,53,10,53,0.6015948150942344,1.8952186852952858e-06,0.4571552621949858,0.000578976630008019,0.46760215329484356,5.255575279900599e-06,0.6015948150942344
mean_gpt2_seeds,rq_train_sids_num_l1,val_NDCG@20,53,9,53,0.5959056054845778,2.5062534336333363e-06,0.4632759295767416,0.0004770003188396663,0.46713245952624644,5.816857242690316e-06,0.5959056054845778
mean_gpt2_seeds,rq_train_sids_num_mean,val_NDCG@20,53,16,53,0.4626010222507653,0.0004873869357241374,0.42178588771125797,0.0016573782112191788,0.39298932233074935,4.9739452316225774e-05,0.4626010222507653
mean_gpt2_seeds,rq_train_sids_num_sum,val_NDCG@20,53,16,53,0.4626010222507653,0.0004873869357241374,0.42178588771125797,0.0016573782112191788,0.39298932233074935,4.9739452316225774e-05,0.4626010222507653
mean_gpt2_seeds,rq_train_sids_num_l0,val_NDCG@20,53,16,53,0.4594472000555412,0.0005386871425833589,0.2930070896177357,0.03323480305665261,0.3870236400183281,6.462223945141447e-05,0.4594472000555412
mean_gpt2_seeds,rq_train_sids_num_min,val_NDCG@20,53,16,53,0.4594472000555412,0.0005386871425833589,0.2930070896177357,0.03323480305665261,0.3870236400183281,6.462223945141447e-05,0.4594472000555412
mean_gpt2_seeds,rq_train_sids_num_std,val_NDCG@20,53,16,53,-0.3167973961484788,0.020821507240704293,-0.13130599403808627,0.34865873958766297,-0.2319158998953758,0.01666215425813846,0.3167973961484788
mean_gpt2_seeds,rq_val_sids_num_std,val_NDCG@20,53,17,53,-0.07804183356017284,0.5785843886967983,0.015335800626478328,0.9132100813791697,-0.027465292453637703,0.7760097611664523,0.07804183356017284
mean_gpt2_seeds,rq_train_entropy_std,val_NDCG@5,53,18,53,-0.705788044072024,3.5840151134386727e-09,-0.6193595980941412,7.640883441984637e-07,-0.52228593458428,5.774887404854095e-08,0.705788044072024
mean_gpt2_seeds,rq_val_entropy_std,val_NDCG@5,53,18,53,-0.6884279674817614,1.2190871027583592e-08,-0.6149491112331757,9.624018281690967e-07,-0.5208063710302169,6.293159256052344e-08,0.6884279674817614
mean_gpt2_seeds,rqvae_total_loss,val_NDCG@5,53,18,53,-0.6247205236226118,5.744366780825352e-07,-0.44283436912621593,0.000898511854180875,-0.49417422705708075,2.8424641771312736e-07,0.6247205236226118
mean_gpt2_seeds,rq_val_entropy_min,val_NDCG@5,53,16,53,0.6186343536785865,7.938307695021098e-07,0.5328635794895925,3.99811725658991e-05,0.5152858097353848,1.0415552696460425e-07,0.6186343536785865
mean_gpt2_seeds,rq_train_entropy_mean,val_NDCG@5,53,18,53,0.6174535148173855,8.445805660378133e-07,0.5348138854757579,3.6999073963575664e-05,0.5000924812733332,2.0462753008036346e-07,0.6174535148173855
mean_gpt2_seeds,rq_train_entropy_sum,val_NDCG@5,53,18,53,0.6174535148173855,8.445805660378133e-07,0.5348138854757579,3.6999073963575664e-05,0.5000924812733332,2.0462753008036346e-07,0.6174535148173855
mean_gpt2_seeds,rq_val_entropy_l0,val_NDCG@5,53,16,53,0.6159657348980123,9.128367098888317e-07,0.5295501295795749,4.555924495045847e-05,0.5093201274229636,1.4583931795878581e-07,0.6159657348980123
mean_gpt2_seeds,rq_val_sids_num_mean,val_NDCG@5,53,18,53,0.6155156458026586,9.344791576297963e-07,0.5724664402375415,7.5052642681397015e-06,0.5119289897058381,1.0488843737739417e-07,0.6155156458026586
mean_gpt2_seeds,rq_val_sids_num_sum,val_NDCG@5,53,18,53,0.6155156458026586,9.344791576297963e-07,0.5724664402375415,7.5052642681397015e-06,0.5119289897058381,1.0488843737739417e-07,0.6155156458026586
mean_gpt2_seeds,rq_val_entropy_mean,val_NDCG@5,53,18,53,0.614546711295295,9.827057122543368e-07,0.47255309951595514,0.00035314528346147697,0.5089698625977119,1.2413202920402566e-07,0.614546711295295
mean_gpt2_seeds,rq_val_entropy_sum,val_NDCG@5,53,18,53,0.614546711295295,9.827057122543368e-07,0.4725530995159552,0.00035314528346147437,0.5089698625977119,1.2413202920402566e-07,0.614546711295295
mean_gpt2_seeds,rq_val_sids_num_l2,val_NDCG@5,53,17,53,0.6119740054019766,1.1222656672929115e-06,0.5680262211607879,9.152107296784975e-06,0.502540621381425,1.9295638690290342e-07,0.6119740054019766
mean_gpt2_seeds,rq_train_entropy_l0,val_NDCG@5,53,18,53,0.6113976741463637,1.1559664477058404e-06,0.5562504667142573,1.5278161821225224e-05,0.4912150999489545,3.345523507842222e-07,0.6113976741463637
mean_gpt2_seeds,rq_train_entropy_min,val_NDCG@5,53,18,53,0.6113976741463637,1.1559664477058404e-06,0.5566879782739589,1.4995240165444121e-05,0.4912150999489545,3.345523507842222e-07,0.6113976741463637
mean_gpt2_seeds,rq_val_sids_num_l0,val_NDCG@5,53,15,53,0.6110844250797672,1.1746772513861849e-06,0.5799113592873203,5.3464068513905454e-06,0.5013577043820067,2.457987720981143e-07,0.6110844250797672
mean_gpt2_seeds,rq_val_sids_num_min,val_NDCG@5,53,15,53,0.6110844250797672,1.1746772513861849e-06,0.5799113592873203,5.3464068513905454e-06,0.5013577043820067,2.457987720981143e-07,0.6110844250797672
mean_gpt2_seeds,rq_val_entropy_l3,val_NDCG@5,53,18,53,0.6106709732658412,1.1998059925114542e-06,0.28042697125509725,0.04196495219182038,0.5000924812733332,2.0462753008036346e-07,0.6106709732658412
mean_gpt2_seeds,rq_val_entropy_max,val_NDCG@5,53,18,53,0.6092175715047959,1.2921759954116262e-06,0.3126361938268325,0.022654212205644772,0.49565379061114384,2.6191561149502815e-07,0.6092175715047959
mean_gpt2_seeds,rqvae_best_val_loss,val_NDCG@5,53,15,53,-0.6059714876877931,1.5229474630256776e-06,-0.42327205652161703,0.0015892740176850354,-0.49853614324502404,2.814226394765999e-07,0.6059714876877931
mean_gpt2_seeds,sid_path_avg_similarity,val_NDCG@5,53,18,53,0.6053418334753419,1.5719399340794692e-06,0.4365735658765639,0.001082416161872115,0.49269466350301766,3.0841055170657485e-07,0.6053418334753419
mean_gpt2_seeds,rqvae_train_loss,val_NDCG@5,53,18,53,-0.6041306653411375,1.6703354427102064e-06,-0.4193305830534064,0.0017756135694105748,-0.4897355363948914,3.628269927457734e-07,0.6041306653411375
mean_gpt2_seeds,rq_val_sids_num_l3,val_NDCG@5,53,18,53,0.6036461980874558,1.7112771088498305e-06,0.47032881201008536,0.00037983524599427386,0.4867764092867652,4.2645439880287265e-07,0.6036461980874558
mean_gpt2_seeds,rq_train_sids_num_l3,val_NDCG@5,53,10,53,0.6034851365870679,1.72509399798861e-06,0.33645410101418116,0.013766568395925794,0.4760122639656142,3.548204590410986e-06,0.6034851365870679
mean_gpt2_seeds,rq_train_sids_num_max,val_NDCG@5,53,10,53,0.6034851365870679,1.72509399798861e-06,0.33645410101418116,0.013766568395925794,0.4760122639656142,3.548204590410986e-06,0.6034851365870679
mean_gpt2_seeds,rq_train_sids_num_l2,val_NDCG@5,53,10,53,0.6014229676857951,1.911435523336528e-06,0.46658020077308504,0.00042898085120900327,0.47264821969730597,4.155180162163037e-06,0.6014229676857951
mean_gpt2_seeds,rq_train_entropy_l1,val_NDCG@5,53,18,53,0.5983978028392368,2.218949322219675e-06,0.5787308732984229,5.644957362722241e-06,0.42463474001611434,1.0279442073477247e-05,0.5983978028392368
mean_gpt2_seeds,sid_unique_total,val_NDCG@5,53,18,53,0.5983170582969566,2.2277556328859428e-06,0.5453587209555099,2.412811583727461e-05,0.483817282178639,5.007816283415828e-07,0.5983170582969566
mean_gpt2_seeds,sid_collisions,val_NDCG@5,53,18,53,-0.5983170582969566,2.2277556328859428e-06,-0.5453587209555099,2.412811583727461e-05,-0.483817282178639,5.007816283415828e-07,0.5983170582969566
mean_gpt2_seeds,sid_icr,val_NDCG@5,53,18,53,0.5983170582969566,2.2277556328859428e-06,0.5453587209555096,2.412811583727461e-05,0.483817282178639,5.007816283415828e-07,0.5983170582969566
mean_gpt2_seeds,sid_cur_total,val_NDCG@5,53,18,53,0.5983170582969566,2.2277556328859428e-06,0.5453587209555097,2.412811583727461e-05,0.483817282178639,5.007816283415828e-07,0.5983170582969566
mean_gpt2_seeds,rq_train_sids_num_l1,val_NDCG@5,53,9,53,0.595862617055384,2.5115000138295184e-06,0.48030105063485623,0.0002729222614779245,0.46544301120969583,6.285671399223073e-06,0.595862617055384
mean_gpt2_seeds,rq_train_entropy_l2,val_NDCG@5,53,18,53,0.5946835538943435,2.659448437230153e-06,0.4886749887903912,0.0002051434395689321,0.4453486297729979,3.7209203305187696e-06,0.5946835538943435
mean_gpt2_seeds,rq_val_entropy_l2,val_NDCG@5,53,18,53,0.59371461938698,2.78705827312516e-06,0.4149202230259738,0.0020070063585524594,0.47050121019207086,1.020299055859031e-06,0.59371461938698
mean_gpt2_seeds,rq_val_sids_num_max,val_NDCG@5,53,16,53,0.5921812776323601,3.0006953485715533e-06,0.4781444983369453,0.0002933971929079686,0.4707481234983759,1.1563303948598498e-06,0.5921812776323601
mean_gpt2_seeds,rqvae_val_loss,val_NDCG@5,53,18,53,-0.5864476105817539,3.941982424810491e-06,-0.41415053386730977,0.002050031453890706,-0.4616238288676922,1.6230028325157656e-06,0.5864476105817539
mean_gpt2_seeds,rq_val_entropy_l1,val_NDCG@5,53,18,53,0.5832985734328225,4.56915066468213e-06,0.5456566241533864,2.3833458098968122e-05,0.44978732043518727,2.9755334462338037e-06,0.5832985734328225
mean_gpt2_seeds,rq_train_entropy_l3,val_NDCG@5,53,18,53,0.5745781628665508,6.822596820929216e-06,0.41745299263973384,0.0018710438796304422,0.42907343067830367,8.299047431513227e-06,0.5745781628665508
mean_gpt2_seeds,rq_train_entropy_max,val_NDCG@5,53,18,53,0.5745781628665508,6.822596820929216e-06,0.41745299263973384,0.0018710438796304422,0.42907343067830367,8.299047431513227e-06,0.5745781628665508
mean_gpt2_seeds,rq_val_sids_num_l1,val_NDCG@5,53,15,53,0.5682423319979223,9.064768370053908e-06,0.587851720023814,3.688983625068615e-06,0.419308510285545,1.5649087270080684e-05,0.5682423319979223
mean_gpt2_seeds,sid_max_cluster_size,val_NDCG@5,53,18,53,-0.5660999859271204,9.96574386784134e-06,-0.00012150033048165213,0.9993110720600423,-0.4142777951376725,1.6802991964537573e-05,0.5660999859271204
mean_gpt2_seeds,rq_train_sids_num_mean,val_NDCG@5,53,16,53,0.47582281529997433,0.0003169914897105097,0.4406697464409897,0.0009586453111402502,0.40044642522127594,3.5677063158645723e-05,0.47582281529997433
mean_gpt2_seeds,rq_train_sids_num_sum,val_NDCG@5,53,16,53,0.47582281529997433,0.0003169914897105097,0.4406697464409897,0.0009586453111402502,0.40044642522127594,3.5677063158645723e-05,0.47582281529997433
mean_gpt2_seeds,rq_train_sids_num_l0,val_NDCG@5,53,16,53,0.4700003743241759,0.00038392757771002977,0.3318270853760509,0.015209725414243138,0.39149790175264404,5.312128159411714e-05,0.4700003743241759
mean_gpt2_seeds,rq_train_sids_num_min,val_NDCG@5,53,16,53,0.4700003743241759,0.00038392757771002977,0.3318270853760509,0.015209725414243138,0.39149790175264404,5.312128159411714e-05,0.4700003743241759
mean_gpt2_seeds,rq_train_sids_num_std,val_NDCG@5,53,16,53,-0.35403675822285646,0.009300683055098631,-0.18705908399235954,0.17985185738131057,-0.2572700497231661,0.007911788680711459,0.35403675822285646
mean_gpt2_seeds,rq_val_sids_num_std,val_NDCG@5,53,17,53,-0.11960759273896056,0.3936252991340068,-0.04693385178715375,0.7385908145010331,-0.06012672131742308,0.5333671635837127,0.11960759273896056
mean_gpt2_seeds,rq_val_entropy_std,val_Recall@1,53,18,48,-0.6313648424113549,4.0031550082778074e-07,-0.5838793653788338,4.446924968715083e-06,-0.4528289452630877,2.6501506510827135e-06,0.6313648424113549
mean_gpt2_seeds,rq_train_entropy_std,val_Recall@1,53,18,48,-0.6294671543897822,4.441952515298892e-07,-0.5605429189316534,1.2703698596744548e-05,-0.43652413872333656,5.97904222033854e-06,0.6294671543897822
mean_gpt2_seeds,rq_train_sids_num_l3,val_Recall@1,53,10,48,0.5729755320372142,7.335126986548915e-06,0.3048581505681293,0.02644536789616584,0.4524445244581293,1.0863339635220077e-05,0.5729755320372142
mean_gpt2_seeds,rq_train_sids_num_max,val_Recall@1,53,10,48,0.5729755320372142,7.335126986548915e-06,0.3048581505681293,0.02644536789616584,0.4524445244581293,1.0863339635220077e-05,0.5729755320372142
mean_gpt2_seeds,rq_train_sids_num_l1,val_Recall@1,53,9,48,0.5626247885650495,1.1605360212533765e-05,0.4888469695073304,0.00020392843915321125,0.4417481688425695,1.8742911766597055e-05,0.5626247885650495
mean_gpt2_seeds,rq_train_sids_num_l2,val_Recall@1,53,10,48,0.5618902568495121,1.1982427350187835e-05,0.4587181559183063,0.000551219174333814,0.4406489502636901,1.831151197217241e-05,0.5618902568495121
mean_gpt2_seeds,rq_train_entropy_l1,val_Recall@1,53,18,48,0.5449190965775818,2.4569094467652686e-05,0.5028314248536464,0.00012446824634283478,0.3979855050839249,3.6680743813212027e-05,0.5449190965775818
mean_gpt2_seeds,rq_train_entropy_l2,val_Recall@1,53,18,48,0.5425772688062792,2.7046041793951578e-05,0.39239878723784094,0.003659261583027526,0.43207737330340446,7.428982506707636e-06,0.5425772688062792
mean_gpt2_seeds,rq_val_entropy_mean,val_Recall@1,53,18,48,0.5362381832874084,3.495217187557622e-05,0.37059602708475253,0.0063016472178416836,0.4409709041432687,4.8022611565906885e-06,0.5362381832874084
mean_gpt2_seeds,rq_val_entropy_sum,val_Recall@1,53,18,48,0.5362381832874084,3.495217187557622e-05,0.37059602708475264,0.0063016472178416836,0.4409709041432687,4.8022611565906885e-06,0.5362381832874084
mean_gpt2_seeds,rq_val_sids_num_max,val_Recall@1,53,16,48,0.5350661941328622,3.6628616029246605e-05,0.3789357553841862,0.0051405278246592434,0.4365326435817982,6.732822568307529e-06,0.5350661941328622
mean_gpt2_seeds,rqvae_total_loss,val_Recall@1,53,18,48,-0.5328465706531081,4.000812592616811e-05,-0.3452149667844574,0.011353342766912076,-0.4113258013437212,1.9918649565297056e-05,0.5328465706531081
mean_gpt2_seeds,rq_val_entropy_l1,val_Recall@1,53,18,48,0.532604312607801,4.039384416882999e-05,0.45954347341009427,0.0005370516240812221,0.43207737330340446,7.428982506707636e-06,0.532604312607801
mean_gpt2_seeds,rq_val_sids_num_l2,val_Recall@1,53,17,48,0.5313197009870955,4.249697883495381e-05,0.48678195080568115,0.00021895994213732816,0.4298329281062575,8.775472698295206e-06,0.5313197009870955
mean_gpt2_seeds,rq_val_entropy_l2,val_Recall@1,53,18,48,0.5310296353133043,4.29855994345832e-05,0.3079470981104892,0.024880553093415688,0.4305951181634271,7.982972739023088e-06,0.5310296353133043
mean_gpt2_seeds,rqvae_val_loss,val_Recall@1,53,18,48,-0.5309085062906508,4.319116882700112e-05,-0.3080871732209208,0.02481147785487051,-0.43504188358335927,6.42928746789589e-06,0.5309085062906508
mean_gpt2_seeds,rq_val_sids_num_mean,val_Recall@1,53,18,48,0.5280014097469649,4.8404489244908305e-05,0.4936196090058338,0.0001727179167280879,0.42614835274349494,9.89188599632609e-06,0.5280014097469649
mean_gpt2_seeds,rq_val_sids_num_sum,val_Recall@1,53,18,48,0.5280014097469649,4.8404489244908305e-05,0.4936196090058338,0.0001727179167280879,0.42614835274349494,9.89188599632609e-06,0.5280014097469649
mean_gpt2_seeds,rq_train_entropy_mean,val_Recall@1,53,18,48,0.527557269997235,4.9250075280794074e-05,0.44390986404966204,0.0008699143420834268,0.41429031162367597,1.734805662892921e-05,0.527557269997235
mean_gpt2_seeds,rq_train_entropy_sum,val_Recall@1,53,18,48,0.527557269997235,4.9250075280794074e-05,0.44390986404966215,0.0008699143420834268,0.41429031162367597,1.734805662892921e-05,0.527557269997235
mean_gpt2_seeds,rq_val_entropy_l0,val_Recall@1,53,16,48,0.5266403054121134,5.103897832090966e-05,0.4362863569092927,0.001091609810661438,0.4198515792619745,1.5123278484751792e-05,0.5266403054121134
mean_gpt2_seeds,rq_val_entropy_min,val_Recall@1,53,16,48,0.5261550530863219,5.2009636111496305e-05,0.4401012033702988,0.0009750275162847969,0.4228398467300313,1.3144750729890952e-05,0.5261550530863219
mean_gpt2_seeds,sid_path_avg_similarity,val_Recall@1,53,18,48,0.5244886680900109,5.5473549610623433e-05,0.32766401513362653,0.016616724800471425,0.41873707704360813,1.4076660402108543e-05,0.5244886680900109
mean_gpt2_seeds,sid_unique_total,val_Recall@1,53,18,48,0.5224294747049,6.004642806723353e-05,0.4520247352286965,0.0006791955092829397,0.42170158732356283,1.2232263228493882e-05,0.5224294747049
mean_gpt2_seeds,sid_collisions,val_Recall@1,53,18,48,-0.5224294747049,6.004642806723353e-05,-0.4520247352286965,0.0006791955092829397,-0.42170158732356283,1.2232263228493882e-05,0.5224294747049
mean_gpt2_seeds,sid_icr,val_Recall@1,53,18,48,0.5224294747049,6.004642806723353e-05,0.4520247352286965,0.0006791955092829397,0.42170158732356283,1.2232263228493882e-05,0.5224294747049
mean_gpt2_seeds,sid_cur_total,val_Recall@1,53,18,48,0.5224294747049,6.004642806723353e-05,0.4520247352286965,0.0006791955092829397,0.42170158732356283,1.2232263228493882e-05,0.5224294747049
mean_gpt2_seeds,rq_train_entropy_l0,val_Recall@1,53,18,48,0.522348722023131,6.023261574810107e-05,0.46699044696474523,0.0004233350551132447,0.4083612910637665,2.28494518786349e-05,0.522348722023131
mean_gpt2_seeds,rq_train_entropy_min,val_Recall@1,53,18,48,0.522348722023131,6.023261574810107e-05,0.4674728874087852,0.0004167818747452976,0.4083612910637665,2.28494518786349e-05,0.522348722023131
mean_gpt2_seeds,rq_val_entropy_max,val_Recall@1,53,18,48,0.5223083456822464,6.0325908244581854e-05,0.1991138225255938,0.15290007729930455,0.41873707704360813,1.4076660402108543e-05,0.5223083456822464
mean_gpt2_seeds,rq_val_sids_num_l0,val_Recall@1,53,15,48,0.5219522876326329,6.115436909469645e-05,0.5134815142934308,8.422189017194938e-05,0.4145599678096562,2.042060208048768e-05,0.5219522876326329
mean_gpt2_seeds,rq_val_sids_num_min,val_Recall@1,53,15,48,0.5219522876326329,6.115436909469645e-05,0.5134815142934308,8.422189017194938e-05,0.4145599678096562,2.042060208048768e-05,0.5219522876326329
mean_gpt2_seeds,rq_val_entropy_l3,val_Recall@1,53,18,48,0.5218238295916321,6.145581499032109e-05,0.16572728036703344,0.23563592635389097,0.4172548219036307,1.5095531625926124e-05,0.5218238295916321
mean_gpt2_seeds,rqvae_best_val_loss,val_Recall@1,53,15,48,-0.5214064028169181,6.244481349358627e-05,-0.3165734664285028,0.02091683617668418,-0.41932251588883374,1.6160077255649236e-05,0.5214064028169181
mean_gpt2_seeds,rq_val_sids_num_l3,val_Recall@1,53,18,48,0.5206125393650962,6.436611956508908e-05,0.36818198433403726,0.006677869908394324,0.40984354620374386,2.1336195006476743e-05,0.5206125393650962
mean_gpt2_seeds,sid_max_cluster_size,val_Recall@1,53,18,48,-0.5169786686854888,7.387294595302788e-05,0.09121601037007367,0.5159608747439361,-0.40539678078381175,2.6187781898544817e-05,0.5169786686854888
mean_gpt2_seeds,rqvae_train_loss,val_Recall@1,53,18,48,-0.5155251204136458,7.802379976798424e-05,-0.3145357300412997,0.021801401456530187,-0.3979855050839249,3.6680743813212027e-05,0.5155251204136458
mean_gpt2_seeds,rq_val_sids_num_l1,val_Recall@1,53,15,48,0.5148546993260249,8.00094436332546e-05,0.5276630099327408,4.9047537242121355e-05,0.4006027607152251,3.793003782061331e-05,0.5148546993260249
mean_gpt2_seeds,rq_train_entropy_l3,val_Recall@1,53,18,48,0.5138293140964957,8.313616455873011e-05,0.3138568497285301,0.022103023535936052,0.3935387396639928,4.477801407040526e-05,0.5138293140964957
mean_gpt2_seeds,rq_train_entropy_max,val_Recall@1,53,18,48,0.5138293140964957,8.313616455873011e-05,0.3138568497285301,0.022103023535936052,0.3935387396639928,4.477801407040526e-05,0.5138293140964957
mean_gpt2_seeds,rq_train_sids_num_mean,val_Recall@1,53,16,48,0.4311871291595474,0.0012669302951464475,0.4471838924155058,0.0007878259352783857,0.3436507588265272,0.00039774038464269475,0.4311871291595474
mean_gpt2_seeds,rq_train_sids_num_sum,val_Recall@1,53,16,48,0.4311871291595474,0.0012669302951464475,0.4471838924155058,0.0007878259352783857,0.3436507588265272,0.00039774038464269475,0.4311871291595474
mean_gpt2_seeds,rq_train_sids_num_l0,val_Recall@1,53,16,48,0.42997399834506866,0.0013121848647697752,0.36491652384194084,0.0072178702559111225,0.33916835762444203,0.000473380051649291,0.42997399834506866
mean_gpt2_seeds,rq_train_sids_num_min,val_Recall@1,53,16,48,0.42997399834506866,0.0013121848647697752,0.36491652384194084,0.0072178702559111225,0.33916835762444203,0.000473380051649291,0.42997399834506866
mean_gpt2_seeds,rq_train_sids_num_std,val_Recall@1,53,16,48,-0.36203867273426127,0.007724894154706867,-0.2483747599945848,0.07292564095099695,-0.25101446731676763,0.009684589325536473,0.36203867273426127
mean_gpt2_seeds,rq_val_sids_num_std,val_Recall@1,53,17,48,-0.11865008833630622,0.39745048583505793,-0.12112585652490683,0.38760444171186326,-0.060979757966631694,0.5282673308885762,0.11865008833630622
mean_gpt2_seeds,rq_train_entropy_std,val_Recall@10,53,18,51,-0.7594330381249883,4.347435465555282e-11,-0.6518914300874822,1.2405815056283164e-07,-0.5678248370753389,3.7523285477444836e-09,0.7594330381249883
mean_gpt2_seeds,rq_val_entropy_std,val_Recall@10,53,18,51,-0.7226927901348904,9.969520621176552e-10,-0.6230523834385294,6.281243333497594e-07,-0.5367314300907702,2.5187869694662164e-08,0.7226927901348904
mean_gpt2_seeds,rqvae_total_loss,val_Recall@10,53,18,51,-0.6806231874912841,2.0573492816274034e-08,-0.5218060784827712,6.149757772346852e-05,-0.5278475995237505,4.259473540326524e-08,0.6806231874912841
mean_gpt2_seeds,rq_val_entropy_min,val_Recall@10,53,16,51,0.67462167948344,3.043849449000642e-08,0.6062197697881082,1.5040232432314141e-06,0.550734000270302,1.3356107551216315e-08,0.67462167948344
mean_gpt2_seeds,rq_val_sids_num_mean,val_Recall@10,53,18,51,0.6730732683988134,3.3626201226725693e-08,0.6326122974019842,3.7371669837122773e-07,0.5515378143691363,1.030222217120724e-08,0.6730732683988134
mean_gpt2_seeds,rq_val_sids_num_sum,val_Recall@10,53,18,51,0.6730732683988134,3.3626201226725693e-08,0.6326122974019842,3.7371669837122773e-07,0.5515378143691363,1.030222217120724e-08,0.6730732683988134
mean_gpt2_seeds,rq_val_entropy_l0,val_Recall@10,53,16,51,0.6704972841761209,3.9634311387022806e-08,0.6034913781354008,1.7245566275844702e-06,0.5447639840072093,1.911144553273535e-08,0.6704972841761209
mean_gpt2_seeds,rq_val_sids_num_l0,val_Recall@10,53,15,51,0.6702577853909265,4.0241429968060413e-08,0.6200369647927573,7.37252333614792e-07,0.545903414342407,1.95821214863199e-08,0.6702577853909265
mean_gpt2_seeds,rq_val_sids_num_min,val_Recall@10,53,15,51,0.6702577853909265,4.0241429968060413e-08,0.6200369647927573,7.37252333614792e-07,0.545903414342407,1.95821214863199e-08,0.6702577853909265
mean_gpt2_seeds,rqvae_train_loss,val_Recall@10,53,18,51,-0.6701663476787176,4.047551762360109e-08,-0.5152825791300979,7.873687881122632e-05,-0.5382120685186067,2.305763480286259e-08,0.6701663476787176
mean_gpt2_seeds,rq_val_entropy_mean,val_Recall@10,53,18,51,0.6694396174986939,4.2382038180699836e-08,0.5581861622560818,1.4062704205880048e-05,0.5426539838021166,1.7663863678611458e-08,0.6694396174986939
mean_gpt2_seeds,rq_val_entropy_sum,val_Recall@10,53,18,51,0.6694396174986939,4.2382038180699836e-08,0.5581861622560819,1.4062704205879922e-05,0.5426539838021166,1.7663863678611458e-08,0.6694396174986939
mean_gpt2_seeds,sid_path_avg_similarity,val_Recall@10,53,18,51,0.6693184958020232,4.270788207518493e-08,0.5287128905372345,4.7077693939986044e-05,0.5322895148072604,3.278858378346114e-08,0.6693184958020232
mean_gpt2_seeds,rq_val_entropy_l3,val_Recall@10,53,18,51,0.6684706439253286,4.5055576873160354e-08,0.3848428962026727,0.004435922369350918,0.54117334537428,1.930909425892564e-08,0.6684706439253286
mean_gpt2_seeds,rq_train_entropy_mean,val_Recall@10,53,18,51,0.6673805486552927,4.825246025248765e-08,0.6036450666191263,1.7113738127785117e-06,0.5308088763794238,3.57849297520744e-08,0.6673805486552927
mean_gpt2_seeds,rq_train_entropy_sum,val_Recall@10,53,18,51,0.6673805486552927,4.825246025248765e-08,0.6036450666191263,1.7113738127785117e-06,0.5308088763794238,3.57849297520744e-08,0.6673805486552927
mean_gpt2_seeds,rqvae_best_val_loss,val_Recall@10,53,15,51,-0.6654429667230488,5.44669456649238e-08,-0.5184872934334646,6.977982852685067e-05,-0.5355490210959342,3.526503683701062e-08,0.6654429667230488
mean_gpt2_seeds,rq_val_sids_num_l3,val_Recall@10,53,18,51,0.6649581147218797,5.613563615213131e-08,0.5573161373161303,1.4597496601521897e-05,0.5396927069464434,2.1102710882628733e-08,0.6649581147218797
mean_gpt2_seeds,rq_val_entropy_max,val_Recall@10,53,18,51,0.664836993025209,5.655992777495331e-08,0.415817222580002,0.001957880360114322,0.5322895148072604,3.278858378346114e-08,0.664836993025209
mean_gpt2_seeds,rq_train_entropy_l0,val_Recall@10,53,18,51,0.6642313845418558,5.872695095111395e-08,0.6223655415577242,6.515635094785719e-07,0.5278475995237505,4.259473540326524e-08,0.6642313845418558
mean_gpt2_seeds,rq_train_entropy_min,val_Recall@10,53,18,51,0.6642313845418558,5.872695095111395e-08,0.6227453818177159,6.385019676887079e-07,0.5278475995237505,4.259473540326524e-08,0.6642313845418558
mean_gpt2_seeds,sid_unique_total,val_Recall@10,53,18,51,0.6639891411485145,5.961540119822425e-08,0.6150988582917396,9.549465219877256e-07,0.5293282379515871,3.904612315764946e-08,0.6639891411485145
mean_gpt2_seeds,sid_collisions,val_Recall@10,53,18,51,-0.6639891411485145,5.961540119822425e-08,-0.6150988582917396,9.549465219877256e-07,-0.5293282379515871,3.904612315764946e-08,0.6639891411485145
mean_gpt2_seeds,sid_icr,val_Recall@10,53,18,51,0.6639891411485145,5.961540119822425e-08,0.6150988582917396,9.549465219877256e-07,0.5293282379515871,3.904612315764946e-08,0.6639891411485145
mean_gpt2_seeds,sid_cur_total,val_Recall@10,53,18,51,0.6639891411485145,5.961540119822425e-08,0.6150988582917396,9.549465219877256e-07,0.5293282379515871,3.904612315764946e-08,0.6639891411485145
mean_gpt2_seeds,rq_train_entropy_l1,val_Recall@10,53,18,51,0.6613244638217601,7.025853939465145e-08,0.6330015713284629,3.657610323465406e-07,0.4760252545494693,7.74210429422096e-07,0.6613244638217601
mean_gpt2_seeds,rq_val_sids_num_l2,val_Recall@10,53,17,51,0.6577470954107214,8.73701058267296e-08,0.6298081410830548,4.359931138330746e-07,0.5199911300881778,7.318613462627525e-08,0.6577470954107214
mean_gpt2_seeds,rqvae_val_loss,val_Recall@10,53,18,51,-0.6516347280881081,1.2595783732090085e-07,-0.5106341144822207,9.361152184413868e-05,-0.5041573846783648,1.6605426148177554e-07,0.6516347280881081
mean_gpt2_seeds,rq_val_entropy_l2,val_Recall@10,53,18,51,0.6500601460313896,1.3822044599823182e-07,0.5069417716858196,0.00010721443026698889,0.5011961078226916,1.960286434857063e-07,0.6500601460313896
mean_gpt2_seeds,rq_val_entropy_l1,val_Recall@10,53,18,51,0.6473954687046352,1.6155628015747444e-07,0.6149756697299132,9.610756366167363e-07,0.49527355411134516,2.724363464071337e-07,0.6473954687046352
mean_gpt2_seeds,rq_val_sids_num_max,val_Recall@10,53,16,51,0.6442231737429672,1.941457305133449e-07,0.5637085142622402,1.1069052960622721e-05,0.4979243596639988,2.743419794389135e-07,0.6442231737429672
mean_gpt2_seeds,rq_val_sids_num_l1,val_Recall@10,53,15,51,0.6403296223088881,2.4256557997939416e-07,0.6344005474883505,3.3845884344884664e-07,0.4824429030822312,6.821676362732298e-07,0.6403296223088881
mean_gpt2_seeds,rq_train_entropy_l2,val_Recall@10,53,18,51,0.6381902197576657,2.7377166047417946e-07,0.5618501633435946,1.2003331847502551e-05,0.4641801471267764,1.4443072620767424e-06,0.6381902197576657
mean_gpt2_seeds,rq_train_entropy_l3,val_Recall@10,53,18,51,0.6375846112743124,2.83265311103184e-07,0.5043068922059852,0.0001180023652922798,0.4775058929773059,7.15422812481431e-07,0.6375846112743124
mean_gpt2_seeds,rq_train_entropy_max,val_Recall@10,53,18,51,0.6375846112743124,2.83265311103184e-07,0.5043068922059852,0.0001180023652922798,0.4775058929773059,7.15422812481431e-07,0.6375846112743124
mean_gpt2_seeds,sid_max_cluster_size,val_Recall@10,53,18,51,-0.6289849708106962,4.5604031520608706e-07,-0.0979975384896692,0.48511217252610167,-0.45825759341542993,1.961924309896604e-06,0.6289849708106962
mean_gpt2_seeds,rq_train_sids_num_l3,val_Recall@10,53,10,51,0.5846054911344679,4.298386448440261e-06,0.3389009069665211,0.013052007987548592,0.4595256365966044,7.726359916862891e-06,0.5846054911344679
mean_gpt2_seeds,rq_train_sids_num_max,val_Recall@10,53,10,51,0.5846054911344679,4.298386448440261e-06,0.3389009069665211,0.013052007987548592,0.4595256365966044,7.726359916862891e-06,0.5846054911344679
mean_gpt2_seeds,rq_train_sids_num_l2,val_Recall@10,53,10,51,0.5822854575839967,4.789854946968993e-06,0.44378392215798523,0.0008732202959774016,0.45279266023621456,1.0476556123589703e-05,0.5822854575839967
mean_gpt2_seeds,rq_train_sids_num_l1,val_Recall@10,53,9,51,0.5761971469620601,6.3387279872639574e-06,0.4487425973468332,0.0007512525681030916,0.44718371404559487,1.4481796244650313e-05,0.5761971469620601
mean_gpt2_seeds,rq_train_sids_num_mean,val_Recall@10,53,16,51,0.4324145432987237,0.0012225702473185648,0.40431084659311206,0.0026770050500630064,0.35969347985133543,0.00020673104468467516,0.4324145432987237
mean_gpt2_seeds,rq_train_sids_num_sum,val_Recall@10,53,16,51,0.4324145432987237,0.0012225702473185648,0.40431084659311206,0.0026770050500630064,0.35969347985133543,0.00020673104468467516,0.4324145432987237
mean_gpt2_seeds,rq_train_sids_num_l0,val_Recall@10,53,16,51,0.42804753650273886,0.0013870275410648046,0.267418559616775,0.052888446384900104,0.35969347985133543,0.00020673104468467516,0.42804753650273886
mean_gpt2_seeds,rq_train_sids_num_min,val_Recall@10,53,16,51,0.42804753650273886,0.0013870275410648046,0.267418559616775,0.052888446384900104,0.35969347985133543,0.00020673104468467516,0.42804753650273886
mean_gpt2_seeds,rq_train_sids_num_std,val_Recall@10,53,16,51,-0.30273870260683977,0.027566093594229377,-0.10236450964237494,0.465772880895412,-0.21641308953711055,0.025578876427087584,0.30273870260683977
mean_gpt2_seeds,rq_val_sids_num_std,val_Recall@10,53,17,51,-0.056594729351783855,0.6873057026744999,0.04356622241907911,0.7567502648507178,-0.013371200487981714,0.8899050756067841,0.056594729351783855
mean_gpt2_seeds,rq_train_entropy_std,val_Recall@20,53,18,51,-0.773483154938784,1.1281946279721497e-11,-0.6586796660089465,8.256708257192814e-08,-0.582631221353705,1.4623094786132826e-09,0.773483154938784
mean_gpt2_seeds,rq_val_entropy_std,val_Recall@20,53,18,51,-0.7451406779178514,1.5659789832136085e-10,-0.623510934962374,6.129169614175691e-07,-0.5693054755031756,3.418418311849814e-09,0.7451406779178514
mean_gpt2_seeds,rqvae_total_loss,val_Recall@20,53,18,51,-0.7150217493457492,1.8020249848909736e-09,-0.5450871131610833,2.4399689922855518e-05,-0.5693054755031756,3.418418311849814e-09,0.7150217493457492
mean_gpt2_seeds,rq_val_entropy_min,val_Recall@20,53,16,51,0.7058376910251096,3.5710406878263634e-09,0.6260755862551488,5.340151222508311e-07,0.5880466019146314,1.3083574531167847e-09,0.7058376910251096
mean_gpt2_seeds,rq_val_entropy_l0,val_Recall@20,53,16,51,0.7017132957177904,4.8144703231945955e-09,0.6237231421708407,6.059964129146748e-07,0.576106569388446,2.7952417258745657e-09,0.7017132957177904
mean_gpt2_seeds,rq_val_sids_num_mean,val_Recall@20,53,18,51,0.7011735020264046,5.004591000148693e-09,0.6465574882841104,1.696266956987681e-07,0.5870731366372148,1.097255528619236e-09,0.7011735020264046
mean_gpt2_seeds,rq_val_sids_num_sum,val_Recall@20,53,18,51,0.7011735020264046,5.004591000148693e-09,0.6465574882841104,1.696266956987681e-07,0.5870731366372148,1.097255528619236e-09,0.7011735020264046
mean_gpt2_seeds,rq_val_sids_num_l0,val_Recall@20,53,15,51,0.7010054112071337,5.065225256134238e-09,0.6280010974739367,4.811316016206443e-07,0.5773546398600765,2.8643613051262358e-09,0.7010054112071337
mean_gpt2_seeds,rq_val_sids_num_min,val_Recall@20,53,15,51,0.7010054112071337,5.065225256134238e-09,0.6280010974739367,4.811316016206443e-07,0.5773546398600765,2.8643613051262358e-09,0.7010054112071337
mean_gpt2_seeds,rq_train_entropy_mean,val_Recall@20,53,18,51,0.7009716325319536,5.077493306303406e-09,0.6250758596977436,5.635690138105048e-07,0.5693054755031756,3.418418311849814e-09,0.7009716325319536
mean_gpt2_seeds,rq_train_entropy_sum,val_Recall@20,53,18,51,0.7009716325319536,5.077493306303406e-09,0.6250758596977436,5.635690138105048e-07,0.5693054755031756,3.418418311849814e-09,0.7009716325319536
mean_gpt2_seeds,rq_val_entropy_mean,val_Recall@20,53,18,51,0.6992355548796741,5.747131078484977e-09,0.5814502854415098,4.979196395239356e-06,0.5781893060701951,1.944774162366491e-09,0.6992355548796741
mean_gpt2_seeds,rq_val_entropy_sum,val_Recall@20,53,18,51,0.6992355548796741,5.747131078484977e-09,0.5814502854415098,4.979196395239356e-06,0.5781893060701951,1.944774162366491e-09,0.6992355548796741
mean_gpt2_seeds,rq_train_entropy_l0,val_Recall@20,53,18,51,0.6970957382384927,6.687206272358003e-09,0.6416821180465616,2.2459102710184295e-07,0.563382921791829,4.955955886957646e-09,0.6970957382384927
mean_gpt2_seeds,rq_train_entropy_min,val_Recall@20,53,18,51,0.6970957382384927,6.687206272358003e-09,0.6420228159458327,2.20264138294754e-07,0.563382921791829,4.955955886957646e-09,0.6970957382384927
mean_gpt2_seeds,rqvae_best_val_loss,val_Recall@20,53,15,51,-0.6969862978712699,6.738983768982614e-09,-0.5434454220508251,2.6102118655308654e-05,-0.583419324657582,1.9033659385096446e-09,0.6969862978712699
mean_gpt2_seeds,rq_val_entropy_l3,val_Recall@20,53,18,51,0.6960863907662374,7.179301171323379e-09,0.4139103570135004,0.0020636241772724224,0.5767086676423586,2.1376937612634515e-09,0.6960863907662374
mean_gpt2_seeds,sid_path_avg_similarity,val_Recall@20,53,18,51,0.6959652690695666,7.240594533281807e-09,0.5529480239324732,1.7578329938474836e-05,0.5737473907866854,2.581057700527684e-09,0.6959652690695666
mean_gpt2_seeds,rqvae_train_loss,val_Recall@20,53,18,51,-0.6929372266528003,8.943203213171488e-09,-0.537873438555791,3.2730960881156624e-05,-0.5648635602196658,4.5180596336297444e-09,0.6929372266528003
mean_gpt2_seeds,rq_val_entropy_max,val_Recall@20,53,18,51,0.6929372266528003,8.943203213171488e-09,0.4448021248807171,0.000846813164921309,0.5648635602196658,4.5180596336297444e-09,0.6929372266528003
mean_gpt2_seeds,sid_unique_total,val_Recall@20,53,18,51,0.6911204012027405,1.0138934613606088e-08,0.6353950955080667,3.202223733167716e-07,0.5678248370753389,3.7523285477444836e-09,0.6911204012027405
mean_gpt2_seeds,sid_collisions,val_Recall@20,53,18,51,-0.6911204012027405,1.0138934613606088e-08,-0.6353950955080667,3.202223733167716e-07,-0.5678248370753389,3.7523285477444836e-09,0.6911204012027405
mean_gpt2_seeds,sid_icr,val_Recall@20,53,18,51,0.6911204012027405,1.0138934613606088e-08,0.6353950955080665,3.2022237331677674e-07,0.5678248370753389,3.7523285477444836e-09,0.6911204012027405
mean_gpt2_seeds,sid_cur_total,val_Recall@20,53,18,51,0.6911204012027405,1.0138934613606088e-08,0.6353950955080667,3.202223733167716e-07,0.5678248370753389,3.7523285477444836e-09,0.6911204012027405
mean_gpt2_seeds,rq_val_sids_num_l2,val_Recall@20,53,17,51,0.6910737561639132,1.0171531085585069e-08,0.6449368457176788,1.8631786986735447e-07,0.5660474873245592,4.629703724194081e-09,0.6910737561639132
mean_gpt2_seeds,rq_val_sids_num_l3,val_Recall@20,53,18,51,0.6903936710227166,1.0658143781659154e-08,0.5807918583769553,5.133342153386671e-06,0.5604216449361559,5.959067183672907e-09,0.6903936710227166
mean_gpt2_seeds,rq_train_entropy_l1,val_Recall@20,53,18,51,0.6854680553581101,1.4895284596672203e-08,0.6498080118716699,1.4028503590905088e-07,0.4937929156835086,2.9563297269833344e-07,0.6854680553581101
mean_gpt2_seeds,rqvae_val_loss,val_Recall@20,53,18,51,-0.6828841258291362,1.7708626249167152e-08,-0.5361314532077814,3.510186435586697e-05,-0.548576537513463,1.2341903227654907e-08,0.6828841258291362
mean_gpt2_seeds,rq_val_entropy_l2,val_Recall@20,53,18,51,0.6810673003790765,1.9978427806172755e-08,0.5320954333918052,4.1215239208987095e-05,0.5426539838021166,1.7663863678611458e-08,0.6810673003790765
mean_gpt2_seeds,rq_val_sids_num_max,val_Recall@20,53,16,51,0.6759917548686322,2.785703458626923e-08,0.5870136115652125,3.8381180600385955e-06,0.5337033555679987,3.595843091746697e-08,0.6759917548686322
mean_gpt2_seeds,rq_train_entropy_l2,val_Recall@20,53,18,51,0.672992520601033,3.3800758027687e-08,0.5856800156523967,4.087016989320465e-06,0.5056380231062014,1.5277983209332786e-07,0.672992520601033
mean_gpt2_seeds,rq_val_entropy_l1,val_Recall@20,53,18,51,0.6699241042853765,4.1101881564654045e-08,0.6330189344047085,3.6540989847666963e-07,0.5189637689567309,7.143812795795583e-08,0.6699241042853765
mean_gpt2_seeds,sid_max_cluster_size,val_Recall@20,53,18,51,-0.6595076383717003,7.851156114843287e-08,-0.1218378176617197,0.38479993956020336,-0.49971546939485495,2.129144208764545e-07,0.6595076383717003
mean_gpt2_seeds,rq_val_sids_num_l1,val_Recall@20,53,15,51,0.6575571339359936,8.838007799448859e-08,0.6429794254910329,2.0852883878328133e-07,0.500394266917849,2.5886908089910587e-07,0.6575571339359936
mean_gpt2_seeds,rq_train_entropy_l3,val_Recall@20,53,18,51,0.657206326134958,9.027408859793238e-08,0.5324962424145792,4.056701258679196e-05,0.4923122772556719,3.207312694553725e-07,0.657206326134958
mean_gpt2_seeds,rq_train_entropy_max,val_Recall@20,53,18,51,0.657206326134958,9.027408859793238e-08,0.5324962424145792,4.056701258679196e-05,0.4923122772556719,3.207312694553725e-07,0.657206326134958
mean_gpt2_seeds,rq_train_sids_num_l3,val_Recall@20,53,10,51,0.6022205606843416,1.8372451945728492e-06,0.3580118685285448,0.008486177240031922,0.47804132158767637,3.273858879978969e-06,0.6022205606843416
mean_gpt2_seeds,rq_train_sids_num_max,val_Recall@20,53,10,51,0.6022205606843416,1.8372451945728492e-06,0.3580118685285448,0.008486177240031922,0.47804132158767637,3.273858879978969e-06,0.6022205606843416
mean_gpt2_seeds,rq_train_sids_num_l2,val_Recall@20,53,10,51,0.5986116196058309,2.1957859434259624e-06,0.4500397572504497,0.0007219898025219643,0.47130834522728654,4.4898888822598715e-06,0.5986116196058309
mean_gpt2_seeds,rq_train_sids_num_l1,val_Recall@20,53,9,51,0.5967894347629127,2.400620164287587e-06,0.44764220313745406,0.0007769092674946364,0.47423452472510164,4.250473526139171e-06,0.5967894347629127
mean_gpt2_seeds,rq_train_sids_num_mean,val_Recall@20,53,16,51,0.4514191099108801,0.0006920031955459814,0.40561528743535047,0.002585139652607114,0.3880510571010258,6.249498927093296e-05,0.4514191099108801
mean_gpt2_seeds,rq_train_sids_num_sum,val_Recall@20,53,16,51,0.4514191099108801,0.0006920031955459814,0.40561528743535047,0.002585139652607114,0.3880510571010258,6.249498927093296e-05,0.4514191099108801
mean_gpt2_seeds,rq_train_sids_num_l0,val_Recall@20,53,16,51,0.4485077720468902,0.0007566627812624037,0.2586806900213229,0.061443454184246966,0.3820810408379331,8.094019864219683e-05,0.4485077720468902
mean_gpt2_seeds,rq_train_sids_num_min,val_Recall@20,53,16,51,0.4485077720468902,0.0007566627812624037,0.2586806900213229,0.061443454184246966,0.3820810408379331,8.094019864219683e-05,0.4485077720468902
mean_gpt2_seeds,rq_train_sids_num_std,val_Recall@20,53,16,51,-0.270309633621841,0.050280487409687886,-0.0805894446637542,0.566208490157326,-0.1940255285505129,0.04532849387764365,0.270309633621841
mean_gpt2_seeds,rq_val_sids_num_std,val_Recall@20,53,17,51,-0.02750964360354376,0.8449744519297187,0.07321857808887257,0.6023465275708516,0.010399822601763555,0.9142627335624298,0.02750964360354376
mean_gpt2_seeds,rq_train_entropy_std,val_Recall@5,53,18,50,-0.7402299851918532,2.3857450182199514e-10,-0.6399832506282314,2.473808456400926e-07,-0.5517383371223055,1.029235098713343e-08,0.7402299851918532
mean_gpt2_seeds,rq_val_entropy_std,val_Recall@5,53,18,50,-0.7152380379444574,1.772664750533983e-09,-0.6246372435031942,5.770119087785432e-07,-0.5413700999146379,1.9291263209467117e-08,0.7152380379444574
mean_gpt2_seeds,rqvae_total_loss,val_Recall@5,53,18,50,-0.6694934882977698,4.2237865889610174e-08,-0.48066275097733496,0.00026961826166782863,-0.526558332475113,4.641453684938267e-08,0.6694934882977698
mean_gpt2_seeds,rq_val_entropy_min,val_Recall@5,53,16,50,0.6612913791535696,7.040125617111509e-08,0.5682229682720843,9.072562406273271e-06,0.5464550906929139,1.746392565005909e-08,0.6612913791535696
mean_gpt2_seeds,rq_train_entropy_mean,val_Recall@5,53,18,50,0.6594805595136759,7.864118516630722e-08,0.5697759520511454,8.466808523810486e-06,0.532483039450923,3.275926342261731e-08,0.6594805595136759
mean_gpt2_seeds,rq_train_entropy_sum,val_Recall@5,53,18,50,0.6594805595136759,7.864118516630722e-08,0.5697759520511454,8.466808523810486e-06,0.532483039450923,3.275926342261731e-08,0.6594805595136759
mean_gpt2_seeds,rq_val_sids_num_mean,val_Recall@5,53,18,50,0.6575829480102385,8.824219134309943e-08,0.6023850297495683,1.822284173237791e-06,0.5413700999146379,1.9291263209467117e-08,0.6575829480102385
mean_gpt2_seeds,rq_val_sids_num_sum,val_Recall@5,53,18,50,0.6575829480102385,8.824219134309943e-08,0.6023850297495683,1.822284173237791e-06,0.5413700999146379,1.9291263209467117e-08,0.6575829480102385
mean_gpt2_seeds,rq_val_entropy_l0,val_Recall@5,53,16,50,0.6569242843175304,9.182438562273915e-08,0.5651459298254372,1.0393079841473793e-05,0.5374968105176202,2.972832362104502e-08,0.6569242843175304
mean_gpt2_seeds,rq_val_entropy_mean,val_Recall@5,53,18,50,0.656371706625066,9.493443276465211e-08,0.5124744416089543,8.743937141456517e-05,0.538407746426733,2.3036568029793472e-08,0.656371706625066
mean_gpt2_seeds,rq_val_entropy_sum,val_Recall@5,53,18,50,0.656371706625066,9.493443276465211e-08,0.5124744416089543,8.743937141456517e-05,0.538407746426733,2.3036568029793472e-08,0.656371706625066
mean_gpt2_seeds,rq_val_sids_num_l2,val_Recall@5,53,17,50,0.6537610758571699,1.1101135694267114e-07,0.5991161403628597,2.142019139709878e-06,0.5365287034546273,2.8159612661149116e-08,0.6537610758571699
mean_gpt2_seeds,rq_val_entropy_l3,val_Recall@5,53,18,50,0.6532224790236171,1.1463134619967083e-07,0.3262427458118367,0.017121795244486402,0.5280395092190655,4.255726096461863e-08,0.6532224790236171
mean_gpt2_seeds,rq_val_sids_num_l0,val_Recall@5,53,15,50,0.6531574717483163,1.1507568221043536e-07,0.6033132869571514,1.739950939359041e-06,0.5326178913459613,4.322361592318126e-08,0.6531574717483163
mean_gpt2_seeds,rq_val_sids_num_min,val_Recall@5,53,15,50,0.6531574717483163,1.1507568221043536e-07,0.6033132869571514,1.739950939359041e-06,0.5326178913459613,4.322361592318126e-08,0.6531574717483163
mean_gpt2_seeds,rq_train_entropy_l0,val_Recall@5,53,18,50,0.6522131112026398,1.2171552313535731e-07,0.589935506591401,3.3412134350731375e-06,0.5206336254993029,6.55206699421698e-08,0.6522131112026398
mean_gpt2_seeds,rq_train_entropy_min,val_Recall@5,53,18,50,0.6522131112026398,1.2171552313535731e-07,0.5903507993369194,3.2756543863675125e-06,0.5206336254993029,6.55206699421698e-08,0.6522131112026398
mean_gpt2_seeds,sid_path_avg_similarity,val_Recall@5,53,18,50,0.6510422445303062,1.304470860552038e-07,0.4795625988820316,0.00027978228227594243,0.526558332475113,4.641453684938267e-08,0.6510422445303062
mean_gpt2_seeds,rqvae_best_val_loss,val_Recall@5,53,15,50,-0.6507763052529352,1.3251051591715833e-07,-0.4656416421010573,0.00044215454454959904,-0.5334989944969534,4.0167713235342344e-08,0.6507763052529352
mean_gpt2_seeds,rq_val_entropy_max,val_Recall@5,53,18,50,0.6495887548680991,1.4210388320603755e-07,0.3578485503707396,0.008518380019034917,0.5206336254993029,6.55206699421698e-08,0.6495887548680991
mean_gpt2_seeds,rqvae_train_loss,val_Recall@5,53,18,50,-0.6472873962362711,1.6257650180665343e-07,-0.4607274183756075,0.0005173021197165023,-0.5206336254993029,6.55206699421698e-08,0.6472873962362711
mean_gpt2_seeds,rq_val_sids_num_l3,val_Recall@5,53,18,50,0.6442592927733394,1.937422703935622e-07,0.5100525479394901,9.564342186029559e-05,0.517671272011398,7.773962087832748e-08,0.6442592927733394
mean_gpt2_seeds,sid_unique_total,val_Recall@5,53,18,50,0.6438959203577875,1.97837296549934e-07,0.5812098601046272,5.034977701920416e-06,0.514708918523493,9.215267556851568e-08,0.6438959203577875
mean_gpt2_seeds,sid_collisions,val_Recall@5,53,18,50,-0.6438959203577875,1.97837296549934e-07,-0.5812098601046272,5.034977701920416e-06,-0.514708918523493,9.215267556851568e-08,0.6438959203577875
mean_gpt2_seeds,sid_icr,val_Recall@5,53,18,50,0.6438959203577875,1.97837296549934e-07,0.5812098601046272,5.034977701920416e-06,0.514708918523493,9.215267556851568e-08,0.6438959203577875
mean_gpt2_seeds,sid_cur_total,val_Recall@5,53,18,50,0.6438959203577875,1.97837296549934e-07,0.5812098601046272,5.034977701920416e-06,0.514708918523493,9.215267556851568e-08,0.6438959203577875
mean_gpt2_seeds,rq_train_entropy_l1,val_Recall@5,53,18,50,0.640019947925235,2.4686647143016716e-07,0.6078759610484239,1.3832874511777912e-06,0.45398067202144055,2.4610737675058462e-06,0.640019947925235
mean_gpt2_seeds,rq_val_entropy_l2,val_Recall@5,53,18,50,0.6375974651548898,2.830606487296309e-07,0.4572902626917172,0.0005765301170172827,0.502859504571873,1.80296307896825e-07,0.6375974651548898
mean_gpt2_seeds,rqvae_val_loss,val_Recall@5,53,18,50,-0.6329947478912336,3.658991092567348e-07,-0.45655359721167205,0.0005899945488582828,-0.49545362085211053,2.7222449819066023e-07,0.6329947478912336
mean_gpt2_seeds,rq_train_entropy_l2,val_Recall@5,53,18,50,0.6312586352391528,4.0266005023951196e-07,0.5260573371324945,5.220713917595804e-05,0.46286773248515556,1.5587179699516282e-06,0.6312586352391528
mean_gpt2_seeds,rq_val_sids_num_max,val_Recall@5,53,16,50,0.6282909223788237,4.736093523658052e-07,0.5168682961561233,7.41808801035188e-05,0.4906487226415116,4.117072725559924e-07,0.6282909223788237
mean_gpt2_seeds,rq_val_entropy_l1,val_Recall@5,53,18,50,0.622699196117266,6.400769841233273e-07,0.5792875224309316,5.502301258866638e-06,0.4717547929488706,9.791412630141905e-07,0.622699196117266
mean_gpt2_seeds,rq_train_entropy_l3,val_Recall@5,53,18,50,0.6110712788196084,1.175468638719188e-06,0.4581391244768178,0.0005613595552743414,0.45101831853353563,2.8605670185305185e-06,0.6110712788196084
mean_gpt2_seeds,rq_train_entropy_max,val_Recall@5,53,18,50,0.6110712788196084,1.175468638719188e-06,0.4581391244768178,0.0005613595552743414,0.45101831853353563,2.8605670185305185e-06,0.6110712788196084
mean_gpt2_seeds,sid_max_cluster_size,val_Recall@5,53,18,50,-0.6092544167418494,1.2897545876613369e-06,-0.03928388696463988,0.7800305039580677,-0.4495371417895831,3.082957589088121e-06,0.6092544167418494
mean_gpt2_seeds,rq_val_sids_num_l1,val_Recall@5,53,15,50,0.6078279808570479,1.386654216743361e-06,0.6109653771511055,1.181861942099511e-06,0.44670252414401285,4.288012531184895e-06,0.6078279808570479
mean_gpt2_seeds,rq_train_sids_num_l2,val_Recall@5,53,10,50,0.6049394619927771,1.6040129489171865e-06,0.4679355286823155,0.00041058407926469775,0.47653126713336746,3.5422480980712443e-06,0.6049394619927771
mean_gpt2_seeds,rq_train_sids_num_l3,val_Recall@5,53,10,50,0.6044238885876697,1.6460008976558724e-06,0.3471992683408068,0.010860451392294116,0.47653126713336746,3.5422480980712443e-06,0.6044238885876697
mean_gpt2_seeds,rq_train_sids_num_max,val_Recall@5,53,10,50,0.6044238885876697,1.6460008976558724e-06,0.3471992683408068,0.010860451392294116,0.47653126713336746,3.5422480980712443e-06,0.6044238885876697
mean_gpt2_seeds,rq_train_sids_num_l1,val_Recall@5,53,9,50,0.5975753047256515,2.310190407689823e-06,0.47566087385669076,0.000318699799623501,0.469333071259587,5.3729706068620605e-06,0.5975753047256515
mean_gpt2_seeds,rq_train_sids_num_mean,val_Recall@5,53,16,50,0.4673600195827906,0.00041830671519200893,0.4360732601127556,0.0010984763059273127,0.3941643277129214,4.805551413507172e-05,0.4673600195827906
mean_gpt2_seeds,rq_train_sids_num_sum,val_Recall@5,53,16,50,0.4673600195827906,0.00041830671519200893,0.4360732601127556,0.0010984763059273127,0.3941643277129214,4.805551413507172e-05,0.4673600195827906
mean_gpt2_seeds,rq_train_sids_num_l0,val_Recall@5,53,16,50,0.45959629542983194,0.0005361561766090147,0.31589184245395413,0.021209283809750103,0.3822199541458632,8.090287115539353e-05,0.45959629542983194
mean_gpt2_seeds,rq_train_sids_num_min,val_Recall@5,53,16,50,0.45959629542983194,0.0005361561766090147,0.31589184245395413,0.021209283809750103,0.3822199541458632,8.090287115539353e-05,0.45959629542983194
mean_gpt2_seeds,rq_train_sids_num_std,val_Recall@5,53,16,50,-0.3259146701710756,0.017240220306301807,-0.1600911511622955,0.2521702185012062,-0.2329152845576354,0.01630662994783795,0.3259146701710756
mean_gpt2_seeds,rq_val_sids_num_std,val_Recall@5,53,17,50,-0.08786296783695398,0.5315700304203284,-0.014038578354580257,0.9205267573911659,-0.03566949829061234,0.7120219155289744,0.08786296783695398
mean_gpt2_seeds__base_only,sid_max_cluster_size,gpt2_best_val_loss,18,18,18,-0.9690402476780186,3.851406014182882e-11,-0.7951651070357221,8.008750030828571e-05,-0.8692810457516341,2.158258582693712e-09,0.9690402476780186
mean_gpt2_seeds__base_only,rq_val_sids_num_l1,gpt2_best_val_loss,18,15,18,0.9684766161615265,4.441510450474392e-11,0.6439217781785093,0.003928121290502463,0.8977337722988514,2.4368717508701967e-07,0.9684766161615265
mean_gpt2_seeds__base_only,rq_train_entropy_l3,gpt2_best_val_loss,18,18,18,0.9628482972136224,1.62399434830459e-10,0.9404680932169259,6.575104063053298e-09,0.8692810457516341,2.158258582693712e-09,0.9628482972136224
mean_gpt2_seeds__base_only,rq_train_entropy_max,gpt2_best_val_loss,18,18,18,0.9628482972136224,1.62399434830459e-10,0.9404680932169259,6.575104063053298e-09,0.8692810457516341,2.158258582693712e-09,0.9628482972136224
mean_gpt2_seeds__base_only,rqvae_val_loss,gpt2_best_val_loss,18,18,18,-0.954592363261094,7.878415255888488e-10,-0.9692501762391421,3.649789450098294e-11,-0.8692810457516341,2.158258582693712e-09,0.954592363261094
mean_gpt2_seeds__base_only,sid_path_avg_similarity,gpt2_best_val_loss,18,18,18,0.954592363261094,7.878415255888488e-10,0.966157885063823,7.779514558287418e-11,0.8823529411764707,8.282412498439187e-10,0.954592363261094
mean_gpt2_seeds__base_only,rqvae_best_val_loss,gpt2_best_val_loss,18,15,18,-0.9529727215591541,1.0374706136141196e-09,-0.965724209397121,8.601973801961388e-11,-0.8713298378194734,5.424607931001405e-07,0.9529727215591541
mean_gpt2_seeds__base_only,rqvae_train_loss,gpt2_best_val_loss,18,18,18,-0.9504643962848297,1.5597650189845142e-09,-0.9511473320306691,1.398838323330075e-09,-0.8562091503267976,5.288434189604998e-09,0.9504643962848297
mean_gpt2_seeds__base_only,rq_val_entropy_l1,gpt2_best_val_loss,18,18,18,0.9504643962848297,1.5597650189845142e-09,0.8313454758827106,1.9108150082123782e-05,0.8692810457516341,2.158258582693712e-09,0.9504643962848297
mean_gpt2_seeds__base_only,sid_unique_total,gpt2_best_val_loss,18,18,18,0.9484004127966976,2.148035954426553e-09,0.8431816472232188,1.1105470919201032e-05,0.8562091503267976,5.288434189604998e-09,0.9484004127966976
mean_gpt2_seeds__base_only,sid_collisions,gpt2_best_val_loss,18,18,18,-0.9484004127966976,2.148035954426553e-09,-0.8431816472232188,1.1105470919201032e-05,-0.8562091503267976,5.288434189604998e-09,0.9484004127966976
mean_gpt2_seeds__base_only,sid_icr,gpt2_best_val_loss,18,18,18,0.9484004127966976,2.148035954426553e-09,0.8431816472232188,1.1105470919201032e-05,0.8562091503267976,5.288434189604998e-09,0.9484004127966976
mean_gpt2_seeds__base_only,sid_cur_total,gpt2_best_val_loss,18,18,18,0.9484004127966976,2.148035954426553e-09,0.8431816472232188,1.1105470919201032e-05,0.8562091503267976,5.288434189604998e-09,0.9484004127966976
mean_gpt2_seeds__base_only,rq_train_entropy_l2,gpt2_best_val_loss,18,18,18,0.9463364293085655,2.9205055771851396e-09,0.8813994213444444,1.3482408806098605e-06,0.8169934640522877,5.743389669225629e-08,0.9463364293085655
mean_gpt2_seeds__base_only,rq_val_sids_num_max,gpt2_best_val_loss,18,16,18,0.9400831462606065,6.914537306392764e-09,0.9212250393530886,5.811013573339381e-08,0.8092280392312107,3.076340901128489e-06,0.9400831462606065
mean_gpt2_seeds__base_only,rq_train_entropy_mean,gpt2_best_val_loss,18,18,18,0.9380804953560371,8.9374943982642e-09,0.8450572343634111,1.0149351888676132e-05,0.8300653594771243,2.7133502663954042e-08,0.9380804953560371
mean_gpt2_seeds__base_only,rq_train_entropy_sum,gpt2_best_val_loss,18,18,18,0.9380804953560371,8.9374943982642e-09,0.8450572343634112,1.0149351888676132e-05,0.8300653594771243,2.7133502663954042e-08,0.9380804953560371
mean_gpt2_seeds__base_only,rq_train_entropy_l0,gpt2_best_val_loss,18,18,18,0.933952528379773,1.4781482308613607e-08,0.8186673646797464,3.270389888854516e-05,0.803921568627451,1.1687968125486227e-07,0.933952528379773
mean_gpt2_seeds__base_only,rq_train_entropy_l1,gpt2_best_val_loss,18,18,18,0.933952528379773,1.4781482308613607e-08,0.7341318374131246,0.0005230027428425947,0.8300653594771243,2.7133502663954042e-08,0.933952528379773
mean_gpt2_seeds__base_only,rq_train_entropy_min,gpt2_best_val_loss,18,18,18,0.933952528379773,1.4781482308613607e-08,0.8182224277466363,3.330159558343331e-05,0.803921568627451,1.1687968125486227e-07,0.933952528379773
mean_gpt2_seeds__base_only,rq_val_entropy_min,gpt2_best_val_loss,18,16,18,0.9317496660759832,1.9082976286596872e-08,0.8551317024071576,6.1284744967614814e-06,0.8185219688607175,2.4864453076228934e-06,0.9317496660759832
mean_gpt2_seeds__base_only,rq_val_sids_num_l0,gpt2_best_val_loss,18,15,18,0.9311981488494496,2.0316185025044714e-08,0.6141330644893815,0.006699557337254913,0.801394801100964,4.252938410824116e-06,0.9311981488494496
mean_gpt2_seeds__base_only,rq_val_sids_num_min,gpt2_best_val_loss,18,15,18,0.9311981488494496,2.0316185025044714e-08,0.6141330644893815,0.006699557337254913,0.801394801100964,4.252938410824116e-06,0.9311981488494496
mean_gpt2_seeds__base_only,rq_val_entropy_max,gpt2_best_val_loss,18,18,18,0.9277605779153767,2.9679222772500766e-08,0.9900376715835273,4.728651448602818e-15,0.803921568627451,1.1687968125486227e-07,0.9277605779153767
mean_gpt2_seeds__base_only,rqvae_total_loss,gpt2_best_val_loss,18,18,18,-0.9256965944272446,3.6936283769727216e-08,-0.8624427562067357,4.148728576712858e-06,-0.7908496732026145,2.2949122458838576e-07,0.9256965944272446
mean_gpt2_seeds__base_only,rq_val_entropy_l0,gpt2_best_val_loss,18,16,18,0.9255448958246447,3.7525617252160625e-08,0.8599234817905773,4.757314484265194e-06,0.7921180343813395,5.180869465658884e-06,0.9255448958246447
mean_gpt2_seeds__base_only,rq_val_sids_num_l2,gpt2_best_val_loss,18,17,18,0.9251420954093913,3.913019135081092e-08,0.779004209486129,0.00013915687641496944,0.7868894753646338,5.400699190687386e-06,0.9251420954093913
mean_gpt2_seeds__base_only,rq_val_entropy_l2,gpt2_best_val_loss,18,18,18,0.9236326109391124,4.568456687421577e-08,0.9651968711353986,9.703353062129383e-11,0.7908496732026145,2.2949122458838576e-07,0.9236326109391124
mean_gpt2_seeds__base_only,rq_val_entropy_mean,gpt2_best_val_loss,18,18,18,0.9236326109391124,4.568456687421577e-08,0.9348822185942142,1.3235976674612283e-08,0.7908496732026145,2.2949122458838576e-07,0.9236326109391124
mean_gpt2_seeds__base_only,rq_val_entropy_sum,gpt2_best_val_loss,18,18,18,0.9236326109391124,4.568456687421577e-08,0.9348822185942137,1.3235976674612991e-08,0.7908496732026145,2.2949122458838576e-07,0.9236326109391124
mean_gpt2_seeds__base_only,rq_val_sids_num_mean,gpt2_best_val_loss,18,18,18,0.9236326109391124,4.568456687421577e-08,0.7623457568116001,0.00023506228805933286,0.7908496732026145,2.2949122458838576e-07,0.9236326109391124
mean_gpt2_seeds__base_only,rq_val_sids_num_sum,gpt2_best_val_loss,18,18,18,0.9236326109391124,4.568456687421577e-08,0.7623457568116001,0.00023506228805933286,0.7908496732026145,2.2949122458838576e-07,0.9236326109391124
mean_gpt2_seeds__base_only,rq_val_entropy_l3,gpt2_best_val_loss,18,18,18,0.9195046439628484,6.869262739356818e-08,0.9842590556398062,1.804045897257009e-13,0.7647058823529412,8.041769435285658e-07,0.9195046439628484
mean_gpt2_seeds__base_only,rq_val_sids_num_l3,gpt2_best_val_loss,18,18,18,0.915376676986584,1.0113271116055492e-07,0.9279562588341933,2.906035515403893e-08,0.7516339869281047,1.4423930789510103e-06,0.915376676986584
mean_gpt2_seeds__base_only,rq_train_entropy_std,gpt2_best_val_loss,18,18,18,-0.7420020639834881,0.00042266515033981364,-0.5314308379810059,0.023230155968875944,-0.5555555555555556,0.0008971110249545958,0.7420020639834881
mean_gpt2_seeds__base_only,rq_val_entropy_std,gpt2_best_val_loss,18,18,18,-0.6016511867905057,0.008253780479294327,-0.2850847447106358,0.2515160513703779,-0.4379084967320262,0.010871540899275188,0.6016511867905057
mean_gpt2_seeds__base_only,rq_val_sids_num_std,gpt2_best_val_loss,18,17,18,0.4935467875063494,0.03738883507518445,0.7095270361663687,0.0009740191591645973,0.3672150885034958,0.03378113542110883,0.4935467875063494
mean_gpt2_seeds__base_only,rq_train_sids_num_l2,gpt2_best_val_loss,18,10,18,0.389187579464976,0.11041581498714433,0.08848093837584556,0.7269926437901973,0.41107781855330205,0.025347318677468252,0.389187579464976
mean_gpt2_seeds__base_only,rq_train_sids_num_l3,gpt2_best_val_loss,18,10,18,0.3869825506861376,0.11262577511722989,0.25714759033057966,0.3029553943270321,0.41107781855330205,0.025347318677468252,0.3869825506861376
mean_gpt2_seeds__base_only,rq_train_sids_num_max,gpt2_best_val_loss,18,10,18,0.3869825506861376,0.11262577511722989,0.25714759033057966,0.3029553943270321,0.41107781855330205,0.025347318677468252,0.3869825506861376
mean_gpt2_seeds__base_only,rq_train_sids_num_l1,gpt2_best_val_loss,18,9,18,0.3827980000700168,0.11690582465243071,-0.006003731244260636,0.9811373234994138,0.4053396141999405,0.028004106959755106,0.3827980000700168
mean_gpt2_seeds__base_only,rq_train_sids_num_std,gpt2_best_val_loss,18,16,18,0.21406457367117482,0.3936870274390132,0.5740344368501187,0.012731492610952796,0.19802950859533489,0.25456479470715165,0.21406457367117482
mean_gpt2_seeds__base_only,rq_train_sids_num_mean,gpt2_best_val_loss,18,16,18,0.10858347939842201,0.6680106556509822,-0.04103301782015757,0.871575558450297,0.25083737755409086,0.14897720758262634,0.10858347939842201
mean_gpt2_seeds__base_only,rq_train_sids_num_sum,gpt2_best_val_loss,18,16,18,0.10858347939842201,0.6680106556509822,-0.04103301782015757,0.871575558450297,0.25083737755409086,0.14897720758262634,0.10858347939842201
mean_gpt2_seeds__base_only,rq_train_sids_num_l0,gpt2_best_val_loss,18,16,18,0.09410568214529906,0.7103251384689926,-0.3194398481517989,0.19630674348241586,0.19802950859533489,0.25456479470715165,0.09410568214529906
mean_gpt2_seeds__base_only,rq_train_sids_num_min,gpt2_best_val_loss,18,16,18,0.09410568214529906,0.7103251384689926,-0.3194398481517989,0.19630674348241586,0.19802950859533489,0.25456479470715165,0.09410568214529906
mean_gpt2_seeds__base_only,rq_val_entropy_mean,test_NDCG@1,18,18,16,0.9855377159699105,9.196759626273901e-14,0.9431889692317663,4.56175226270358e-09,0.9144934752287667,1.3452611174866654e-07,0.9855377159699105
mean_gpt2_seeds__base_only,rq_val_entropy_sum,test_NDCG@1,18,18,16,0.9855377159699105,9.196759626273901e-14,0.943188969231766,4.561752262703719e-09,0.9144934752287667,1.3452611174866654e-07,0.9855377159699105
mean_gpt2_seeds__base_only,rq_val_sids_num_mean,test_NDCG@1,18,18,16,0.9814054823599738,6.779500444917748e-13,0.9886145052128008,1.370043549529286e-14,0.9144934752287667,1.3452611174866654e-07,0.9814054823599738
mean_gpt2_seeds__base_only,rq_val_sids_num_sum,test_NDCG@1,18,18,16,0.9814054823599738,6.779500444917748e-13,0.9886145052128008,1.370043549529286e-14,0.9144934752287667,1.3452611174866654e-07,0.9814054823599738
mean_gpt2_seeds__base_only,rq_val_entropy_max,test_NDCG@1,18,18,16,0.9752071319450687,6.641748165584302e-12,0.7964481799968448,7.649331338723386e-05,0.901335295729072,2.0285056644762653e-07,0.9752071319450687
mean_gpt2_seeds__base_only,rq_val_entropy_l0,test_NDCG@1,18,16,16,0.9751558020074153,6.751465250157933e-12,0.9767967676355203,3.928487324671257e-12,0.9036594720917298,2.312426812274902e-07,0.9751558020074153
mean_gpt2_seeds__base_only,rq_val_entropy_min,test_NDCG@1,18,16,16,0.9751558020074153,6.751465250157933e-12,0.9802423524837909,1.0975294949996774e-12,0.9036594720917298,2.312426812274902e-07,0.9751558020074153
mean_gpt2_seeds__base_only,rqvae_best_val_loss,test_NDCG@1,18,15,16,-0.972581609711908,1.4737302893090948e-11,-0.9027008889391697,2.965196255992897e-07,-0.8903703622080279,3.5101007663638266e-07,0.972581609711908
mean_gpt2_seeds__base_only,sid_unique_total,test_NDCG@1,18,18,16,0.972107956737616,1.6876317935375692e-11,0.9613792282006003,2.2044794600147576e-10,0.8750189367296831,4.5357460198829805e-07,0.972107956737616
mean_gpt2_seeds__base_only,sid_collisions,test_NDCG@1,18,18,16,-0.972107956737616,1.6876317935375692e-11,-0.9613792282006003,2.2044794600147576e-10,-0.8750189367296831,4.5357460198829805e-07,0.972107956737616
mean_gpt2_seeds__base_only,sid_icr,test_NDCG@1,18,18,16,0.972107956737616,1.6876317935375692e-11,0.9613792282006002,2.2044794600147576e-10,0.8750189367296831,4.5357460198829805e-07,0.972107956737616
mean_gpt2_seeds__base_only,sid_cur_total,test_NDCG@1,18,18,16,0.972107956737616,1.6876317935375692e-11,0.9613792282006003,2.2044794600147576e-10,0.8750189367296831,4.5357460198829805e-07,0.972107956737616
mean_gpt2_seeds__base_only,rq_val_sids_num_max,test_NDCG@1,18,16,16,0.9720785935884177,1.7017401460075348e-11,0.9433669698352457,4.451178031939793e-09,0.9072847682119205,1.9493745044129155e-07,0.9720785935884177
mean_gpt2_seeds__base_only,rq_val_sids_num_l0,test_NDCG@1,18,15,16,0.9720363880029814,1.7221991753306407e-11,0.9560900735183184,6.053000641247242e-10,0.9000200006666914,2.7778626335199195e-07,0.9720363880029814
mean_gpt2_seeds__base_only,rq_val_sids_num_min,test_NDCG@1,18,15,16,0.9720363880029814,1.7221991753306407e-11,0.9560900735183184,6.053000641247242e-10,0.9000200006666914,2.7778626335199195e-07,0.9720363880029814
mean_gpt2_seeds__base_only,rq_val_entropy_l1,test_NDCG@1,18,18,16,0.971074898335132,2.2502042272626102e-11,0.9788756763221979,1.8660988321812364e-12,0.8881771162293776,3.0417461607474676e-07,0.971074898335132
mean_gpt2_seeds__base_only,rq_val_entropy_l3,test_NDCG@1,18,18,16,0.971074898335132,2.2502042272626102e-11,0.7627620073475896,0.00023212106893906456,0.8881771162293776,3.0417461607474676e-07,0.971074898335132
mean_gpt2_seeds__base_only,rqvae_val_loss,test_NDCG@1,18,18,16,-0.9700418399326477,2.969825965251701e-11,-0.8947467403058134,5.418207369578586e-07,-0.8881771162293776,3.0417461607474676e-07,0.9700418399326477
mean_gpt2_seeds__base_only,rq_train_entropy_l0,test_NDCG@1,18,18,16,0.9700418399326477,2.969825965251701e-11,0.9816278431203075,6.161724251180497e-13,0.8750189367296831,4.5357460198829805e-07,0.9700418399326477
mean_gpt2_seeds__base_only,rq_train_entropy_min,test_NDCG@1,18,18,16,0.9700418399326477,2.969825965251701e-11,0.9821224201399251,4.960942175501188e-13,0.8750189367296831,4.5357460198829805e-07,0.9700418399326477
mean_gpt2_seeds__base_only,rq_val_entropy_l2,test_NDCG@1,18,18,16,0.9700418399326477,2.969825965251701e-11,0.8879648733114842,8.734056050559178e-07,0.8881771162293776,3.0417461607474676e-07,0.9700418399326477
mean_gpt2_seeds__base_only,sid_path_avg_similarity,test_NDCG@1,18,18,16,0.9679757231276793,5.030567547642663e-11,0.9039169439177923,2.691953888696563e-07,0.8618607572299887,6.725978561532618e-07,0.9679757231276793
mean_gpt2_seeds__base_only,rqvae_train_loss,test_NDCG@1,18,18,16,-0.9638434895177426,1.3110280161512353e-10,-0.8914895599176869,6.841345130876514e-07,-0.8750189367296831,4.5357460198829805e-07,0.9638434895177426
mean_gpt2_seeds__base_only,rq_val_sids_num_l3,test_NDCG@1,18,18,16,0.9638434895177426,1.3110280161512353e-10,0.9373693457118679,9.770247528570954e-09,0.8881771162293776,3.0417461607474676e-07,0.9638434895177426
mean_gpt2_seeds__base_only,rq_val_sids_num_l2,test_NDCG@1,18,17,16,0.9622740303098898,1.8326941664721747e-10,0.9801967753810087,1.117788294868116e-12,0.871291873859025,5.425938365547044e-07,0.9622740303098898
mean_gpt2_seeds__base_only,rq_train_entropy_mean,test_NDCG@1,18,18,16,0.9607443143102901,2.506612654996534e-10,0.9641407651560059,1.2283884616525027e-10,0.8487025777302941,9.918483306277443e-07,0.9607443143102901
mean_gpt2_seeds__base_only,rq_train_entropy_sum,test_NDCG@1,18,18,16,0.9607443143102901,2.506612654996534e-10,0.9641407651560059,1.2283884616525027e-10,0.8487025777302941,9.918483306277443e-07,0.9607443143102901
mean_gpt2_seeds__base_only,rqvae_total_loss,test_NDCG@1,18,18,16,-0.9483476134804798,2.1653194868371394e-09,-0.8526907572545613,6.948621032118768e-06,-0.8223862187309052,2.1212043899519696e-06,0.9483476134804798
mean_gpt2_seeds__base_only,rq_val_sids_num_l1,test_NDCG@1,18,15,16,0.9461977468952552,2.980119051871884e-09,0.9532534252515086,9.898333808921739e-10,0.8505030325569222,1.1405700675200682e-06,0.9461977468952552
mean_gpt2_seeds__base_only,rq_train_entropy_l3,test_NDCG@1,18,18,16,0.9431823214680588,4.565927688629678e-09,0.8794680666949419,1.5245671219238267e-06,0.8355443982305997,1.4545217278685683e-06,0.9431823214680588
mean_gpt2_seeds__base_only,rq_train_entropy_max,test_NDCG@1,18,18,16,0.9431823214680588,4.565927688629678e-09,0.8794680666949419,1.5245671219238267e-06,0.8355443982305997,1.4545217278685683e-06,0.9431823214680588
mean_gpt2_seeds__base_only,rq_train_entropy_l2,test_NDCG@1,18,18,16,0.9411162046630905,6.036262320565247e-09,0.921594765300648,5.6030301392471505e-08,0.8092280392312107,3.076340901128489e-06,0.9411162046630905
mean_gpt2_seeds__base_only,sid_max_cluster_size,test_NDCG@1,18,18,16,-0.9287195038332804,2.675216888304755e-08,-0.42529803018054974,0.07849157606167267,-0.7829116802318218,6.363804277262756e-06,0.9287195038332804
mean_gpt2_seeds__base_only,rq_train_entropy_l1,test_NDCG@1,18,18,16,0.8832649341239763,1.1948997740895168e-06,0.9626852347685144,1.6810347631874315e-10,0.7171207827333493,3.555646271638818e-05,0.8832649341239763
mean_gpt2_seeds__base_only,rq_train_entropy_std,test_NDCG@1,18,18,16,-0.7737607434606528,0.00016488658829255114,-0.9261320819495765,3.528881885014318e-08,-0.6250135262354879,0.00031389380631457027,0.7737607434606528
mean_gpt2_seeds__base_only,rq_val_entropy_std,test_NDCG@1,18,18,16,-0.638430092735225,0.004352034417541234,-0.793522412050542,8.489749364619778e-05,-0.4934317312385431,0.004442367225104076,0.638430092735225
mean_gpt2_seeds__base_only,rq_train_sids_num_l3,test_NDCG@1,18,10,16,0.4359433060945575,0.07053145080653364,0.4604295743678696,0.05450482637555187,0.44388514080341906,0.0163178030606877,0.4359433060945575
mean_gpt2_seeds__base_only,rq_train_sids_num_max,test_NDCG@1,18,10,16,0.4359433060945575,0.07053145080653364,0.4604295743678696,0.05450482637555187,0.44388514080341906,0.0163178030606877,0.4359433060945575
mean_gpt2_seeds__base_only,rq_train_sids_num_l1,test_NDCG@1,18,9,16,0.4223964663152552,0.08077119496822191,0.5141126082188067,0.029059450179409464,0.4080151522514492,0.027807454800788882,0.4223964663152552
mean_gpt2_seeds__base_only,rq_train_sids_num_l2,test_NDCG@1,18,10,16,0.41607753518391943,0.0859028612114857,0.5274293214337398,0.02448774995417308,0.39874427902680015,0.030967882871175505,0.41607753518391943
mean_gpt2_seeds__base_only,rq_val_sids_num_std,test_NDCG@1,18,17,16,0.38966413472269434,0.10994228396165781,0.22828063613930769,0.36224538522662536,0.3696389767886773,0.03352733787193753,0.38966413472269434
mean_gpt2_seeds__base_only,rq_train_sids_num_l0,test_NDCG@1,18,16,16,0.18115951735806546,0.47189281395657445,0.22192518126279417,0.37612180967416714,0.292360417441442,0.09425096877025131,0.18115951735806546
mean_gpt2_seeds__base_only,rq_train_sids_num_min,test_NDCG@1,18,16,16,0.18115951735806546,0.47189281395657445,0.22192518126279417,0.37612180967416714,0.292360417441442,0.09425096877025131,0.18115951735806546
mean_gpt2_seeds__base_only,rq_train_sids_num_mean,test_NDCG@1,18,16,16,0.17805392563192718,0.47964950993097155,0.4515634666986049,0.05995411433056608,0.27907130755774007,0.1101933337242929,0.17805392563192718
mean_gpt2_seeds__base_only,rq_train_sids_num_sum,test_NDCG@1,18,16,16,0.17805392563192718,0.47964950993097155,0.4515634666986049,0.05995411433056608,0.27907130755774007,0.1101933337242929,0.17805392563192718
mean_gpt2_seeds__base_only,rq_train_sids_num_std,test_NDCG@1,18,16,16,0.17184274217965065,0.4953490200561983,0.03261095104238317,0.8977872403521425,0.10631287906961527,0.5428528085463015,0.17184274217965065
mean_gpt2_seeds__base_only,rq_val_entropy_mean,test_NDCG@10,18,18,18,0.981424148606811,6.725639702470495e-13,0.9615664750317674,2.121667248755471e-10,0.9084967320261439,9.766565163801219e-11,0.981424148606811
mean_gpt2_seeds__base_only,rq_val_entropy_sum,test_NDCG@10,18,18,18,0.981424148606811,6.725639702470495e-13,0.9615664750317672,2.1216672487555672e-10,0.9084967320261439,9.766565163801219e-11,0.981424148606811
mean_gpt2_seeds__base_only,rq_val_sids_num_mean,test_NDCG@10,18,18,18,0.981424148606811,6.725639702470495e-13,0.9782290671097202,2.370320242997333e-12,0.9084967320261439,9.766565163801219e-11,0.981424148606811
mean_gpt2_seeds__base_only,rq_val_sids_num_sum,test_NDCG@10,18,18,18,0.981424148606811,6.725639702470495e-13,0.9782290671097202,2.370320242997333e-12,0.9084967320261439,9.766565163801219e-11,0.981424148606811
mean_gpt2_seeds__base_only,rq_val_entropy_l0,test_NDCG@10,18,16,18,0.9772513145857981,3.3582102857029576e-12,0.9868295361844152,4.3682118273289375e-14,0.8977337722988514,2.4047649655292356e-07,0.9772513145857981
mean_gpt2_seeds__base_only,rq_val_entropy_min,test_NDCG@10,18,16,18,0.9772513145857981,3.3582102857029576e-12,0.9878008685144793,2.3738086730346938e-14,0.8977337722988514,2.4047649655292356e-07,0.9772513145857981
mean_gpt2_seeds__base_only,rq_val_entropy_l3,test_NDCG@10,18,18,18,0.9752321981424149,6.588737187082592e-12,0.7944374233339079,8.218888565761389e-05,0.8823529411764707,8.282412498439187e-10,0.9752321981424149
mean_gpt2_seeds__base_only,rq_val_sids_num_l0,test_NDCG@10,18,15,18,0.9746540624624239,7.910065665916219e-12,0.9099187224270863,1.6383232370441845e-07,0.9073643615771244,1.922236375411204e-07,0.9746540624624239
mean_gpt2_seeds__base_only,rq_val_sids_num_min,test_NDCG@10,18,15,18,0.9746540624624239,7.910065665916219e-12,0.9099187224270863,1.6383232370441845e-07,0.9073643615771244,1.922236375411204e-07,0.9746540624624239
mean_gpt2_seeds__base_only,rqvae_best_val_loss,test_NDCG@10,18,15,18,-0.973644581028984,1.0776904236140205e-11,-0.9292773946367874,2.5167243771401502e-08,-0.8845318050591624,3.6459634269793417e-07,0.973644581028984
mean_gpt2_seeds__base_only,rq_val_sids_num_l3,test_NDCG@10,18,18,18,0.9731682146542827,1.2418823458351716e-11,0.9620866353619537,1.9056719469277006e-10,0.8954248366013072,2.9624262612210877e-10,0.9731682146542827
mean_gpt2_seeds__base_only,rq_val_sids_num_l2,test_NDCG@10,18,17,18,0.9716057051118719,1.943556729874372e-11,0.9797844358702417,1.3164289572894072e-12,0.8918080720799183,2.535406700705742e-07,0.9716057051118719
mean_gpt2_seeds__base_only,rq_val_entropy_max,test_NDCG@10,18,18,18,0.9711042311661506,2.2322196490619925e-11,0.8294549574037234,2.075887159539499e-05,0.8692810457516341,2.158258582693712e-09,0.9711042311661506
mean_gpt2_seeds__base_only,sid_path_avg_similarity,test_NDCG@10,18,18,18,0.9690402476780186,3.851406014182882e-11,0.9344712950045128,1.390085240572076e-08,0.8692810457516341,2.158258582693712e-09,0.9690402476780186
mean_gpt2_seeds__base_only,rq_train_entropy_l0,test_NDCG@10,18,18,18,0.9690402476780186,3.851406014182882e-11,0.9900152122825285,4.814272669505422e-15,0.8692810457516341,2.158258582693712e-09,0.9690402476780186
mean_gpt2_seeds__base_only,rq_train_entropy_min,test_NDCG@10,18,18,18,0.9690402476780186,3.851406014182882e-11,0.9902367743953088,4.0259388726285385e-15,0.8692810457516341,2.158258582693712e-09,0.9690402476780186
mean_gpt2_seeds__base_only,rqvae_train_loss,test_NDCG@10,18,18,18,-0.9669762641898865,6.412439256727504e-11,-0.9206585641114333,6.142650368760919e-08,-0.8954248366013072,2.9624262612210877e-10,0.9669762641898865
mean_gpt2_seeds__base_only,sid_unique_total,test_NDCG@10,18,18,18,0.9649122807017543,1.0347287642285863e-10,0.9881394963468406,1.8971395268062873e-14,0.8431372549019609,1.2272689725953054e-08,0.9649122807017543
mean_gpt2_seeds__base_only,sid_collisions,test_NDCG@10,18,18,18,-0.9649122807017543,1.0347287642285863e-10,-0.9881394963468406,1.8971395268062873e-14,-0.8431372549019609,1.2272689725953054e-08,0.9649122807017543
mean_gpt2_seeds__base_only,sid_icr,test_NDCG@10,18,18,18,0.9649122807017543,1.0347287642285863e-10,0.9881394963468405,1.8971395268065697e-14,0.8431372549019609,1.2272689725953054e-08,0.9649122807017543
mean_gpt2_seeds__base_only,sid_cur_total,test_NDCG@10,18,18,18,0.9649122807017543,1.0347287642285863e-10,0.9881394963468406,1.8971395268062873e-14,0.8431372549019609,1.2272689725953054e-08,0.9649122807017543
mean_gpt2_seeds__base_only,rq_val_sids_num_max,test_NDCG@10,18,16,18,0.9638434895177427,1.3110280161512071e-10,0.9664158108902031,7.323603864247594e-11,0.8881771162293777,3.0417461607474676e-07,0.9638434895177427
mean_gpt2_seeds__base_only,rqvae_val_loss,test_NDCG@10,18,18,18,-0.9628482972136224,1.62399434830459e-10,-0.9230712048329581,4.8354211713203504e-08,-0.8562091503267976,5.288434189604998e-09,0.9628482972136224
mean_gpt2_seeds__base_only,rq_train_entropy_mean,test_NDCG@10,18,18,18,0.9587203302373581,3.723709451215546e-10,0.9801063107446975,1.1589685569459576e-12,0.8431372549019609,1.2272689725953054e-08,0.9587203302373581
mean_gpt2_seeds__base_only,rq_train_entropy_sum,test_NDCG@10,18,18,18,0.9587203302373581,3.723709451215546e-10,0.9801063107446976,1.1589685569458548e-12,0.8431372549019609,1.2272689725953054e-08,0.9587203302373581
mean_gpt2_seeds__base_only,rq_val_entropy_l2,test_NDCG@10,18,18,18,0.9587203302373581,3.723709451215546e-10,0.9147077431500359,1.0747600740607726e-07,0.8562091503267976,5.288434189604998e-09,0.9587203302373581
mean_gpt2_seeds__base_only,rqvae_total_loss,test_NDCG@10,18,18,18,-0.9504643962848297,1.5597650189845142e-09,-0.8959316821010871,4.968119370845042e-07,-0.8300653594771243,2.7133502663954042e-08,0.9504643962848297
mean_gpt2_seeds__base_only,rq_val_entropy_l1,test_NDCG@10,18,18,18,0.9463364293085655,2.9205055771851396e-09,0.9859680843398362,7.232032665142957e-14,0.8300653594771243,2.7133502663954042e-08,0.9463364293085655
mean_gpt2_seeds__base_only,sid_max_cluster_size,test_NDCG@10,18,18,18,-0.9256965944272446,3.6936283769727216e-08,-0.446533505655243,0.06322129847162904,-0.7777777777777779,4.3609775379122777e-07,0.9256965944272446
mean_gpt2_seeds__base_only,rq_val_sids_num_l1,test_NDCG@10,18,15,18,0.9250657112748839,3.944108796540057e-08,0.9328190288894823,1.6875791736304795e-08,0.7921180343813395,5.2351271020213235e-06,0.9250657112748839
mean_gpt2_seeds__base_only,rq_train_entropy_l3,test_NDCG@10,18,18,18,0.9236326109391124,4.568456687421577e-08,0.9124967030396792,1.3095832826967313e-07,0.7777777777777779,4.3609775379122777e-07,0.9236326109391124
mean_gpt2_seeds__base_only,rq_train_entropy_max,test_NDCG@10,18,18,18,0.9236326109391124,4.568456687421577e-08,0.9124967030396792,1.3095832826967313e-07,0.7777777777777779,4.3609775379122777e-07,0.9236326109391124
mean_gpt2_seeds__base_only,rq_train_entropy_l2,test_NDCG@10,18,18,18,0.9174406604747163,8.355803529821193e-08,0.9464734130680007,2.862642825264909e-09,0.7516339869281047,1.4423930789510103e-06,0.9174406604747163
mean_gpt2_seeds__base_only,rq_train_entropy_l1,test_NDCG@10,18,18,18,0.8617131062951496,4.317684006760913e-06,0.9689829329056637,3.9081109167672124e-11,0.6601307189542485,4.592069228932486e-05,0.8617131062951496
mean_gpt2_seeds__base_only,rq_train_entropy_std,test_NDCG@10,18,18,18,-0.7874097007223942,0.0001050103927107811,-0.901847763335619,3.1709062753283226e-07,-0.6470588235294119,6.992118589945655e-05,0.7874097007223942
mean_gpt2_seeds__base_only,rq_val_entropy_std,test_NDCG@10,18,18,18,-0.6470588235294118,0.0037015338197611426,-0.7584865975802602,0.0002638600934256412,-0.5032679738562092,0.002985699542918576,0.6470588235294118
mean_gpt2_seeds__base_only,rq_train_sids_num_l3,test_NDCG@10,18,10,18,0.42226301114755177,0.08087719746875663,0.4730038878419667,0.04742614746282013,0.4409743871753604,0.01645378826958227,0.42226301114755177
mean_gpt2_seeds__base_only,rq_train_sids_num_max,test_NDCG@10,18,10,18,0.42226301114755177,0.08087719746875663,0.4730038878419667,0.04742614746282013,0.4409743871753604,0.01645378826958227,0.42226301114755177
mean_gpt2_seeds__base_only,rq_train_sids_num_l1,test_NDCG@10,18,9,18,0.40927394243797194,0.09168942280372233,0.46830554576680405,0.049984314812191497,0.4053396141999405,0.028004106959755106,0.40927394243797194
mean_gpt2_seeds__base_only,rq_train_sids_num_l2,test_NDCG@10,18,10,18,0.39800769458032953,0.1018846403037601,0.5022079434692234,0.033683124370434046,0.38118124993124375,0.03813089845977622,0.39800769458032953
mean_gpt2_seeds__base_only,rq_val_sids_num_std,test_NDCG@10,18,17,18,0.3913268461608921,0.10830145997334045,0.3438182989125048,0.1624135846710989,0.3541002639140852,0.040671369157608335,0.3913268461608921
mean_gpt2_seeds__base_only,rq_train_sids_num_l0,test_NDCG@10,18,16,18,0.17063118191180598,0.49843995154827425,0.14968127386350327,0.5533090127678563,0.3036452465128468,0.08064160394475747,0.17063118191180598
mean_gpt2_seeds__base_only,rq_train_sids_num_min,test_NDCG@10,18,16,18,0.17063118191180598,0.49843995154827425,0.14968127386350327,0.5533090127678563,0.3036452465128468,0.08064160394475747,0.17063118191180598
mean_gpt2_seeds__base_only,rq_train_sids_num_std,test_NDCG@10,18,16,18,0.16649466841091373,0.5090623008219879,0.13035670675805147,0.6061610416805292,0.09241377067782293,0.594941988301599,0.16649466841091373
mean_gpt2_seeds__base_only,rq_train_sids_num_mean,test_NDCG@10,18,16,18,0.16442641166046762,0.5144132824973341,0.40843887032524145,0.09241864672738959,0.2772413120334688,0.11069781228433255,0.16442641166046762
mean_gpt2_seeds__base_only,rq_train_sids_num_sum,test_NDCG@10,18,16,18,0.16442641166046762,0.5144132824973341,0.40843887032524145,0.09241864672738959,0.2772413120334688,0.11069781228433255,0.16442641166046762
mean_gpt2_seeds__base_only,rq_val_entropy_mean,test_NDCG@20,18,18,18,0.981424148606811,6.725639702470495e-13,0.9638516618423817,1.3086930495951467e-10,0.9084967320261439,9.766565163801219e-11,0.981424148606811
mean_gpt2_seeds__base_only,rq_val_entropy_sum,test_NDCG@20,18,18,18,0.981424148606811,6.725639702470495e-13,0.9638516618423814,1.3086930495952726e-10,0.9084967320261439,9.766565163801219e-11,0.981424148606811
mean_gpt2_seeds__base_only,rq_val_sids_num_mean,test_NDCG@20,18,18,18,0.981424148606811,6.725639702470495e-13,0.9762083145970362,4.791111564738065e-12,0.9084967320261439,9.766565163801219e-11,0.981424148606811
mean_gpt2_seeds__base_only,rq_val_sids_num_sum,test_NDCG@20,18,18,18,0.981424148606811,6.725639702470495e-13,0.9762083145970362,4.791111564738065e-12,0.9084967320261439,9.766565163801219e-11,0.981424148606811
mean_gpt2_seeds__base_only,rq_val_entropy_l3,test_NDCG@20,18,18,18,0.9793601651186791,1.552323229912875e-12,0.8000024996787497,6.724362128522407e-05,0.9084967320261439,9.766565163801219e-11,0.9793601651186791
mean_gpt2_seeds__base_only,rq_val_sids_num_l2,test_NDCG@20,18,17,18,0.9788333777322579,1.8959503461493487e-12,0.9784361958595816,2.1972330018990843e-12,0.9180377212587394,1.1163605374279142e-07,0.9788333777322579
mean_gpt2_seeds__base_only,rq_val_entropy_l0,test_NDCG@20,18,16,18,0.9751830578353519,6.693010987359315e-12,0.987888265956677,2.2417320392907396e-14,0.8977337722988514,2.4047649655292356e-07,0.9751830578353519
mean_gpt2_seeds__base_only,rq_val_entropy_min,test_NDCG@20,18,16,18,0.9751830578353519,6.693010987359315e-12,0.9883808819492695,1.610598384673109e-14,0.8977337722988514,2.4047649655292356e-07,0.9751830578353519
mean_gpt2_seeds__base_only,rq_val_sids_num_l3,test_NDCG@20,18,18,18,0.9731682146542827,1.2418823458351716e-11,0.9652131849819967,9.667523158992896e-11,0.8954248366013072,2.9624262612210877e-10,0.9731682146542827
mean_gpt2_seeds__base_only,rq_val_entropy_max,test_NDCG@20,18,18,18,0.9711042311661506,2.2322196490619925e-11,0.8348424562067197,1.6349004628982794e-05,0.8692810457516341,2.158258582693712e-09,0.9711042311661506
mean_gpt2_seeds__base_only,rqvae_best_val_loss,test_NDCG@20,18,15,18,-0.967443023188035,5.730670970239424e-11,-0.932563733519528,1.7381504501675212e-08,-0.8845318050591624,3.6459634269793417e-07,0.967443023188035
mean_gpt2_seeds__base_only,rq_val_sids_num_l0,test_NDCG@20,18,15,18,0.9653420809739295,9.388461160495749e-11,0.9044879250661526,2.5713566436117705e-07,0.8808719714580843,4.311037021103581e-07,0.9653420809739295
mean_gpt2_seeds__base_only,rq_val_sids_num_min,test_NDCG@20,18,15,18,0.9653420809739295,9.388461160495749e-11,0.9044879250661526,2.5713566436117705e-07,0.8808719714580843,4.311037021103581e-07,0.9653420809739295
mean_gpt2_seeds__base_only,sid_path_avg_similarity,test_NDCG@20,18,18,18,0.9628482972136224,1.62399434830459e-10,0.9376733863066116,9.406321584500802e-09,0.8692810457516341,2.158258582693712e-09,0.9628482972136224
mean_gpt2_seeds__base_only,rq_train_entropy_l0,test_NDCG@20,18,18,18,0.9628482972136224,1.62399434830459e-10,0.990201363744804,4.143788951447951e-15,0.8692810457516341,2.158258582693712e-09,0.9628482972136224
mean_gpt2_seeds__base_only,rq_train_entropy_min,test_NDCG@20,18,18,18,0.9628482972136224,1.62399434830459e-10,0.9903698196778932,3.6089129997912295e-15,0.8692810457516341,2.158258582693712e-09,0.9628482972136224
mean_gpt2_seeds__base_only,rqvae_val_loss,test_NDCG@20,18,18,18,-0.9607843137254902,2.4865670345238e-10,-0.92658371318612,3.364796181620252e-08,-0.8562091503267976,5.288434189604998e-09,0.9607843137254902
mean_gpt2_seeds__base_only,rq_val_entropy_l2,test_NDCG@20,18,18,18,0.9607843137254902,2.4865670345238e-10,0.918433592592931,7.609172364624312e-08,0.8562091503267976,5.288434189604998e-09,0.9607843137254902
mean_gpt2_seeds__base_only,rq_val_sids_num_max,test_NDCG@20,18,16,18,0.9597112559078059,3.07551299521544e-10,0.9691013825940354,3.791713558241403e-11,0.8750189367296831,4.5357460198829805e-07,0.9597112559078059
mean_gpt2_seeds__base_only,rqvae_train_loss,test_NDCG@20,18,18,18,-0.9587203302373581,3.723709451215546e-10,-0.9247777080430197,4.063265439280531e-08,-0.8692810457516341,2.158258582693712e-09,0.9587203302373581
mean_gpt2_seeds__base_only,sid_unique_total,test_NDCG@20,18,18,18,0.9587203302373581,3.723709451215546e-10,0.989113218773957,9.589412391742868e-15,0.8431372549019609,1.2272689725953054e-08,0.9587203302373581
mean_gpt2_seeds__base_only,sid_collisions,test_NDCG@20,18,18,18,-0.9587203302373581,3.723709451215546e-10,-0.989113218773957,9.589412391742868e-15,-0.8431372549019609,1.2272689725953054e-08,0.9587203302373581
mean_gpt2_seeds__base_only,sid_icr,test_NDCG@20,18,18,18,0.9587203302373581,3.723709451215546e-10,0.989113218773957,9.589412391742868e-15,0.8431372549019609,1.2272689725953054e-08,0.9587203302373581
mean_gpt2_seeds__base_only,sid_cur_total,test_NDCG@20,18,18,18,0.9587203302373581,3.723709451215546e-10,0.989113218773957,9.589412391742868e-15,0.8431372549019609,1.2272689725953054e-08,0.9587203302373581
mean_gpt2_seeds__base_only,rq_train_entropy_mean,test_NDCG@20,18,18,18,0.9525283797729618,1.1169590316176146e-09,0.9809570718966977,8.191767115978231e-13,0.8431372549019609,1.2272689725953054e-08,0.9525283797729618
mean_gpt2_seeds__base_only,rq_train_entropy_sum,test_NDCG@20,18,18,18,0.9525283797729618,1.1169590316176146e-09,0.9809570718966979,8.191767115976713e-13,0.8431372549019609,1.2272689725953054e-08,0.9525283797729618
mean_gpt2_seeds__base_only,rq_val_entropy_l1,test_NDCG@20,18,18,18,0.9463364293085655,2.9205055771851396e-09,0.9854249492090188,9.782887974403118e-14,0.8300653594771243,2.7133502663954042e-08,0.9463364293085655
mean_gpt2_seeds__base_only,rqvae_total_loss,test_NDCG@20,18,18,18,-0.9401444788441692,6.859458095524686e-09,-0.9011802888752738,3.340340622990204e-07,-0.803921568627451,1.1687968125486227e-07,0.9401444788441692
mean_gpt2_seeds__base_only,sid_max_cluster_size,test_NDCG@20,18,18,18,-0.933952528379773,1.4781482308613607e-08,-0.4513732377740028,0.06007533034437468,-0.803921568627451,1.1687968125486227e-07,0.933952528379773
mean_gpt2_seeds__base_only,rq_val_sids_num_l1,test_NDCG@20,18,15,18,0.9281664901953584,2.8407971658466313e-08,0.9288529168262858,2.636548462052136e-08,0.8053200016210285,3.6380427293171503e-06,0.9281664901953584
mean_gpt2_seeds__base_only,rq_train_entropy_l3,test_NDCG@20,18,18,18,0.9236326109391124,4.568456687421577e-08,0.9167723648329926,8.893328083954675e-08,0.7777777777777779,4.3609775379122777e-07,0.9236326109391124
mean_gpt2_seeds__base_only,rq_train_entropy_max,test_NDCG@20,18,18,18,0.9236326109391124,4.568456687421577e-08,0.9167723648329926,8.893328083954675e-08,0.7777777777777779,4.3609775379122777e-07,0.9236326109391124
mean_gpt2_seeds__base_only,rq_train_entropy_l2,test_NDCG@20,18,18,18,0.915376676986584,1.0113271116055492e-07,0.948735080665993,2.0412484925337686e-09,0.7516339869281047,1.4423930789510103e-06,0.915376676986584
mean_gpt2_seeds__base_only,rq_train_entropy_l1,test_NDCG@20,18,18,18,0.8617131062951496,4.317684006760913e-06,0.9674325503659994,5.745245242102666e-11,0.6601307189542485,4.592069228932486e-05,0.8617131062951496
mean_gpt2_seeds__base_only,rq_train_entropy_std,test_NDCG@20,18,18,18,-0.7729618163054695,0.00016913916228325986,-0.8966795498302789,4.7009891824735146e-07,-0.6209150326797386,0.0001549082772801415,0.7729618163054695
mean_gpt2_seeds__base_only,rq_val_entropy_std,test_NDCG@20,18,18,18,-0.6284829721362228,0.005214699418213291,-0.7514903244486248,0.00032366553603266346,-0.47712418300653603,0.005139059506065925,0.6284829721362228
mean_gpt2_seeds__base_only,rq_train_sids_num_l3,test_NDCG@20,18,10,18,0.42005798236871345,0.08264341529148189,0.47167853178857033,0.04813749868623273,0.4260261028643312,0.020483065860873683,0.42005798236871345
mean_gpt2_seeds__base_only,rq_train_sids_num_max,test_NDCG@20,18,10,18,0.42005798236871345,0.08264341529148189,0.47167853178857033,0.04813749868623273,0.4260261028643312,0.020483065860873683,0.42005798236871345
mean_gpt2_seeds__base_only,rq_val_sids_num_std,test_NDCG@20,18,17,18,0.41197733936199454,0.08935729316706092,0.35742145555830684,0.14534806028453395,0.3541002639140852,0.040671369157608335,0.41197733936199454
mean_gpt2_seeds__base_only,rq_train_sids_num_l1,test_NDCG@20,18,9,18,0.40596444964197753,0.09460408193407262,0.4582549930133878,0.0558054589157665,0.390327035896239,0.034357567665140906,0.40596444964197753
mean_gpt2_seeds__base_only,rq_train_sids_num_l2,test_NDCG@20,18,10,18,0.40462278091684467,0.09580455482128702,0.49401379841018206,0.03718137895782531,0.3961295342422729,0.03118090058532543,0.40462278091684467
mean_gpt2_seeds__base_only,rq_train_sids_num_std,test_NDCG@20,18,16,18,0.18304072241448283,0.4672247689773166,0.14517757269594836,0.5654423026046669,0.11881770515720093,0.4942283703434489,0.18304072241448283
mean_gpt2_seeds__base_only,rq_train_sids_num_l0,test_NDCG@20,18,16,18,0.1582216414091292,0.5306228262068207,0.13706997453036834,0.5875702592596646,0.2772413120334688,0.11069781228433255,0.1582216414091292
mean_gpt2_seeds__base_only,rq_train_sids_num_mean,test_NDCG@20,18,16,18,0.1582216414091292,0.5306228262068207,0.3986948514622408,0.1012404863621954,0.2772413120334688,0.11069781228433255,0.1582216414091292
mean_gpt2_seeds__base_only,rq_train_sids_num_min,test_NDCG@20,18,16,18,0.1582216414091292,0.5306228262068207,0.13706997453036834,0.5875702592596646,0.2772413120334688,0.11069781228433255,0.1582216414091292
mean_gpt2_seeds__base_only,rq_train_sids_num_sum,test_NDCG@20,18,16,18,0.1582216414091292,0.5306228262068207,0.3986948514622408,0.1012404863621954,0.2772413120334688,0.11069781228433255,0.1582216414091292
mean_gpt2_seeds__base_only,rq_val_entropy_mean,test_NDCG@5,18,18,18,0.9834881320949431,2.6382891204281573e-13,0.957161777916384,4.984192313184701e-10,0.9084967320261439,9.766565163801219e-11,0.9834881320949431
mean_gpt2_seeds__base_only,rq_val_entropy_sum,test_NDCG@5,18,18,18,0.9834881320949431,2.6382891204281573e-13,0.9571617779163838,4.984192313184701e-10,0.9084967320261439,9.766565163801219e-11,0.9834881320949431
mean_gpt2_seeds__base_only,rq_val_sids_num_mean,test_NDCG@5,18,18,18,0.9793601651186791,1.552323229912875e-12,0.9823380564246118,4.505010333869178e-13,0.9084967320261439,9.766565163801219e-11,0.9793601651186791
mean_gpt2_seeds__base_only,rq_val_sids_num_sum,test_NDCG@5,18,18,18,0.9793601651186791,1.552323229912875e-12,0.9823380564246118,4.505010333869178e-13,0.9084967320261439,9.766565163801219e-11,0.9793601651186791
mean_gpt2_seeds__base_only,rqvae_val_loss,test_NDCG@5,18,18,18,-0.9731682146542827,1.2418823458351716e-11,-0.9160214052721916,9.5328357428475e-08,-0.8823529411764707,8.282412498439187e-10,0.9731682146542827
mean_gpt2_seeds__base_only,sid_unique_total,test_NDCG@5,18,18,18,0.9711042311661506,2.2322196490619925e-11,0.9842418783692172,1.8197575852474055e-13,0.8692810457516341,2.158258582693712e-09,0.9711042311661506
mean_gpt2_seeds__base_only,sid_collisions,test_NDCG@5,18,18,18,-0.9711042311661506,2.2322196490619925e-11,-0.9842418783692172,1.8197575852474055e-13,-0.8692810457516341,2.158258582693712e-09,0.9711042311661506
mean_gpt2_seeds__base_only,sid_icr,test_NDCG@5,18,18,18,0.9711042311661506,2.2322196490619925e-11,0.9842418783692171,1.819757585247609e-13,0.8692810457516341,2.158258582693712e-09,0.9711042311661506
mean_gpt2_seeds__base_only,sid_cur_total,test_NDCG@5,18,18,18,0.9711042311661506,2.2322196490619925e-11,0.9842418783692172,1.8197575852474055e-13,0.8692810457516341,2.158258582693712e-09,0.9711042311661506
mean_gpt2_seeds__base_only,rq_val_entropy_l3,test_NDCG@5,18,18,18,0.9711042311661506,2.2322196490619925e-11,0.7840506099863914,0.00011768736983277566,0.8823529411764707,8.282412498439187e-10,0.9711042311661506
mean_gpt2_seeds__base_only,rqvae_best_val_loss,test_NDCG@5,18,15,18,-0.969510209135018,3.412857374528965e-11,-0.9221619719477914,5.296497546718042e-08,-0.8713298378194734,5.424607931001405e-07,0.969510209135018
mean_gpt2_seeds__base_only,sid_path_avg_similarity,test_NDCG@5,18,18,18,0.9690402476780186,3.851406014182882e-11,0.9276857938706436,2.991873847825507e-08,0.8692810457516341,2.158258582693712e-09,0.9690402476780186
mean_gpt2_seeds__base_only,rq_val_entropy_l2,test_NDCG@5,18,18,18,0.9690402476780186,3.851406014182882e-11,0.9088041803221031,1.8011872637644668e-07,0.8823529411764707,8.282412498439187e-10,0.9690402476780186
mean_gpt2_seeds__base_only,rq_val_sids_num_l3,test_NDCG@5,18,18,18,0.9690402476780186,3.851406014182882e-11,0.9555208157319812,6.697923866642935e-10,0.8954248366013072,2.9624262612210877e-10,0.9690402476780186
mean_gpt2_seeds__base_only,rq_val_entropy_l0,test_NDCG@5,18,16,18,0.9689782875840135,3.912738531868023e-11,0.9849766495172912,1.2448339912229893e-13,0.8713298378194734,5.357121994044605e-07,0.9689782875840135
mean_gpt2_seeds__base_only,rq_val_entropy_min,test_NDCG@5,18,16,18,0.9689782875840135,3.912738531868023e-11,0.9867817611038064,4.495924458969044e-14,0.8713298378194734,5.357121994044605e-07,0.9689782875840135
mean_gpt2_seeds__base_only,rq_val_sids_num_l0,test_NDCG@5,18,15,18,0.9684460748034275,4.475621729185597e-11,0.923728914737108,4.5239697741332857e-08,0.8808719714580843,4.311037021103581e-07,0.9684460748034275
mean_gpt2_seeds__base_only,rq_val_sids_num_min,test_NDCG@5,18,15,18,0.9684460748034275,4.475621729185597e-11,0.923728914737108,4.5239697741332857e-08,0.8808719714580843,4.311037021103581e-07,0.9684460748034275
mean_gpt2_seeds__base_only,rq_val_entropy_max,test_NDCG@5,18,18,18,0.9669762641898865,6.412439256727504e-11,0.8187724295742762,3.2564105019255996e-05,0.8692810457516341,2.158258582693712e-09,0.9669762641898865
mean_gpt2_seeds__base_only,rq_train_entropy_l0,test_NDCG@5,18,18,18,0.9628482972136224,1.62399434830459e-10,0.9892761719442363,8.503856441544697e-15,0.8431372549019609,1.2272689725953054e-08,0.9628482972136224
mean_gpt2_seeds__base_only,rq_train_entropy_min,test_NDCG@5,18,18,18,0.9628482972136224,1.62399434830459e-10,0.9895900944039391,6.711467864919661e-15,0.8431372549019609,1.2272689725953054e-08,0.9628482972136224
mean_gpt2_seeds__base_only,rq_val_sids_num_max,test_NDCG@5,18,16,18,0.9628104311152583,1.6370876045655508e-10,0.9598597215652218,2.9874093657211313e-10,0.8881771162293777,3.0417461607474676e-07,0.9628104311152583
mean_gpt2_seeds__base_only,rq_val_sids_num_l2,test_NDCG@5,18,17,18,0.9623129831713757,1.8178341421864716e-10,0.9821463832037761,4.908362616971235e-13,0.8655784229010972,5.63141282719282e-07,0.9623129831713757
mean_gpt2_seeds__base_only,rqvae_train_loss,test_NDCG@5,18,18,18,-0.9607843137254902,2.4865670345238e-10,-0.912567282301481,1.301453073069284e-07,-0.8692810457516341,2.158258582693712e-09,0.9607843137254902
mean_gpt2_seeds__base_only,rq_val_entropy_l1,test_NDCG@5,18,18,18,0.9607843137254902,2.4865670345238e-10,0.9854106232102593,9.859636813368075e-14,0.8562091503267976,5.288434189604998e-09,0.9607843137254902
mean_gpt2_seeds__base_only,rq_train_entropy_mean,test_NDCG@5,18,18,18,0.9525283797729618,1.1169590316176146e-09,0.9775722369423006,3.0004251110984103e-12,0.8169934640522877,5.743389669225629e-08,0.9525283797729618
mean_gpt2_seeds__base_only,rq_train_entropy_sum,test_NDCG@5,18,18,18,0.9525283797729618,1.1169590316176146e-09,0.9775722369423007,3.000425111098176e-12,0.8169934640522877,5.743389669225629e-08,0.9525283797729618
mean_gpt2_seeds__base_only,rqvae_total_loss,test_NDCG@5,18,18,18,-0.9442724458204333,3.923997205495091e-09,-0.8862837460366648,9.785464191772456e-07,-0.803921568627451,1.1687968125486227e-07,0.9442724458204333
mean_gpt2_seeds__base_only,rq_val_sids_num_l1,test_NDCG@5,18,15,18,0.9364352339832904,1.0965943228301727e-08,0.9395306406576296,7.428286948904241e-09,0.8185219688607175,2.5141894875164886e-06,0.9364352339832904
mean_gpt2_seeds__base_only,sid_max_cluster_size,test_NDCG@5,18,18,18,-0.9298245614035088,2.3692560041968578e-08,-0.43813306098449234,0.068971008964297,-0.7777777777777779,4.3609775379122777e-07,0.9298245614035088
mean_gpt2_seeds__base_only,rq_train_entropy_l3,test_NDCG@5,18,18,18,0.9298245614035088,2.3692560041968578e-08,0.9034474840112429,2.7947412417144167e-07,0.803921568627451,1.1687968125486227e-07,0.9298245614035088
mean_gpt2_seeds__base_only,rq_train_entropy_max,test_NDCG@5,18,18,18,0.9298245614035088,2.3692560041968578e-08,0.9034474840112429,2.7947412417144167e-07,0.803921568627451,1.1687968125486227e-07,0.9298245614035088
mean_gpt2_seeds__base_only,rq_train_entropy_l2,test_NDCG@5,18,18,18,0.9236326109391124,4.568456687421577e-08,0.9420938501857719,5.296056189496293e-09,0.7777777777777779,4.3609775379122777e-07,0.9236326109391124
mean_gpt2_seeds__base_only,rq_train_entropy_l1,test_NDCG@5,18,18,18,0.87203302373581,2.4017641453772196e-06,0.9698297821131067,3.1401281968402695e-11,0.6862745098039217,1.8844032923611033e-05,0.87203302373581
mean_gpt2_seeds__base_only,rq_train_entropy_std,test_NDCG@5,18,18,18,-0.7812177502579979,0.00012936386013196713,-0.9114355474942346,1.4372290779150631e-07,-0.6209150326797386,0.0001549082772801415,0.7812177502579979
mean_gpt2_seeds__base_only,rq_val_entropy_std,test_NDCG@5,18,18,18,-0.6388028895768835,0.004322124802950016,-0.7715045572998023,0.0001771348682258803,-0.47712418300653603,0.005139059506065925,0.6388028895768835
mean_gpt2_seeds__base_only,rq_train_sids_num_l3,test_NDCG@5,18,10,18,0.42226301114755177,0.08087719746875663,0.46935288296673083,0.04940522709257578,0.4409743871753604,0.01645378826958227,0.42226301114755177
mean_gpt2_seeds__base_only,rq_train_sids_num_max,test_NDCG@5,18,10,18,0.42226301114755177,0.08087719746875663,0.46935288296673083,0.04940522709257578,0.4409743871753604,0.01645378826958227,0.42226301114755177
mean_gpt2_seeds__base_only,rq_train_sids_num_l1,test_NDCG@5,18,9,18,0.40927394243797194,0.09168942280372233,0.48336241074017544,0.04213766627936294,0.4053396141999405,0.028004106959755106,0.40927394243797194
mean_gpt2_seeds__base_only,rq_train_sids_num_l2,test_NDCG@5,18,10,18,0.39800769458032953,0.1018846403037601,0.5129468311720901,0.029489151319996056,0.38118124993124375,0.03813089845977622,0.39800769458032953
mean_gpt2_seeds__base_only,rq_val_sids_num_std,test_NDCG@5,18,17,18,0.3975219941212229,0.10234171662387902,0.31062153953187055,0.20963765796748202,0.3803299130929063,0.027914610282471507,0.3975219941212229
mean_gpt2_seeds__base_only,rq_train_sids_num_std,test_NDCG@5,18,16,18,0.1747676954126983,0.48792516455643353,0.10102031376637319,0.6900061872457072,0.11881770515720093,0.4942283703434489,0.1747676954126983
mean_gpt2_seeds__base_only,rq_train_sids_num_l0,test_NDCG@5,18,16,18,0.16442641166046762,0.5144132824973341,0.1714099238618791,0.4964521636893616,0.2772413120334688,0.11069781228433255,0.16442641166046762
mean_gpt2_seeds__base_only,rq_train_sids_num_min,test_NDCG@5,18,16,18,0.16442641166046762,0.5144132824973341,0.1714099238618791,0.4964521636893616,0.2772413120334688,0.11069781228433255,0.16442641166046762
mean_gpt2_seeds__base_only,rq_train_sids_num_mean,test_NDCG@5,18,16,18,0.1582216414091292,0.5306228262068207,0.4227195866572574,0.08051496417184655,0.25083737755409086,0.14897720758262634,0.1582216414091292
mean_gpt2_seeds__base_only,rq_train_sids_num_sum,test_NDCG@5,18,16,18,0.1582216414091292,0.5306228262068207,0.4227195866572574,0.08051496417184655,0.25083737755409086,0.14897720758262634,0.1582216414091292
mean_gpt2_seeds__base_only,rq_val_entropy_mean,test_Recall@1,18,18,16,0.9855377159699105,9.196759626273901e-14,0.9431889692317663,4.56175226270358e-09,0.9144934752287667,1.3452611174866654e-07,0.9855377159699105
mean_gpt2_seeds__base_only,rq_val_entropy_sum,test_Recall@1,18,18,16,0.9855377159699105,9.196759626273901e-14,0.943188969231766,4.561752262703719e-09,0.9144934752287667,1.3452611174866654e-07,0.9855377159699105
mean_gpt2_seeds__base_only,rq_val_sids_num_mean,test_Recall@1,18,18,16,0.9814054823599738,6.779500444917748e-13,0.9886145052128008,1.370043549529286e-14,0.9144934752287667,1.3452611174866654e-07,0.9814054823599738
mean_gpt2_seeds__base_only,rq_val_sids_num_sum,test_Recall@1,18,18,16,0.9814054823599738,6.779500444917748e-13,0.9886145052128008,1.370043549529286e-14,0.9144934752287667,1.3452611174866654e-07,0.9814054823599738
mean_gpt2_seeds__base_only,rq_val_entropy_max,test_Recall@1,18,18,16,0.9752071319450687,6.641748165584302e-12,0.7964481799968448,7.649331338723386e-05,0.901335295729072,2.0285056644762653e-07,0.9752071319450687
mean_gpt2_seeds__base_only,rq_val_entropy_l0,test_Recall@1,18,16,16,0.9751558020074153,6.751465250157933e-12,0.9767967676355203,3.928487324671257e-12,0.9036594720917298,2.312426812274902e-07,0.9751558020074153
mean_gpt2_seeds__base_only,rq_val_entropy_min,test_Recall@1,18,16,16,0.9751558020074153,6.751465250157933e-12,0.9802423524837909,1.0975294949996774e-12,0.9036594720917298,2.312426812274902e-07,0.9751558020074153
mean_gpt2_seeds__base_only,rqvae_best_val_loss,test_Recall@1,18,15,16,-0.972581609711908,1.4737302893090948e-11,-0.9027008889391697,2.965196255992897e-07,-0.8903703622080279,3.5101007663638266e-07,0.972581609711908
mean_gpt2_seeds__base_only,sid_unique_total,test_Recall@1,18,18,16,0.972107956737616,1.6876317935375692e-11,0.9613792282006003,2.2044794600147576e-10,0.8750189367296831,4.5357460198829805e-07,0.972107956737616
mean_gpt2_seeds__base_only,sid_collisions,test_Recall@1,18,18,16,-0.972107956737616,1.6876317935375692e-11,-0.9613792282006003,2.2044794600147576e-10,-0.8750189367296831,4.5357460198829805e-07,0.972107956737616
mean_gpt2_seeds__base_only,sid_icr,test_Recall@1,18,18,16,0.972107956737616,1.6876317935375692e-11,0.9613792282006002,2.2044794600147576e-10,0.8750189367296831,4.5357460198829805e-07,0.972107956737616
mean_gpt2_seeds__base_only,sid_cur_total,test_Recall@1,18,18,16,0.972107956737616,1.6876317935375692e-11,0.9613792282006003,2.2044794600147576e-10,0.8750189367296831,4.5357460198829805e-07,0.972107956737616
mean_gpt2_seeds__base_only,rq_val_sids_num_max,test_Recall@1,18,16,16,0.9720785935884177,1.7017401460075348e-11,0.9433669698352457,4.451178031939793e-09,0.9072847682119205,1.9493745044129155e-07,0.9720785935884177
mean_gpt2_seeds__base_only,rq_val_sids_num_l0,test_Recall@1,18,15,16,0.9720363880029814,1.7221991753306407e-11,0.9560900735183184,6.053000641247242e-10,0.9000200006666914,2.7778626335199195e-07,0.9720363880029814
mean_gpt2_seeds__base_only,rq_val_sids_num_min,test_Recall@1,18,15,16,0.9720363880029814,1.7221991753306407e-11,0.9560900735183184,6.053000641247242e-10,0.9000200006666914,2.7778626335199195e-07,0.9720363880029814
mean_gpt2_seeds__base_only,rq_val_entropy_l1,test_Recall@1,18,18,16,0.971074898335132,2.2502042272626102e-11,0.9788756763221979,1.8660988321812364e-12,0.8881771162293776,3.0417461607474676e-07,0.971074898335132
mean_gpt2_seeds__base_only,rq_val_entropy_l3,test_Recall@1,18,18,16,0.971074898335132,2.2502042272626102e-11,0.7627620073475896,0.00023212106893906456,0.8881771162293776,3.0417461607474676e-07,0.971074898335132
mean_gpt2_seeds__base_only,rqvae_val_loss,test_Recall@1,18,18,16,-0.9700418399326477,2.969825965251701e-11,-0.8947467403058134,5.418207369578586e-07,-0.8881771162293776,3.0417461607474676e-07,0.9700418399326477
mean_gpt2_seeds__base_only,rq_train_entropy_l0,test_Recall@1,18,18,16,0.9700418399326477,2.969825965251701e-11,0.9816278431203075,6.161724251180497e-13,0.8750189367296831,4.5357460198829805e-07,0.9700418399326477
mean_gpt2_seeds__base_only,rq_train_entropy_min,test_Recall@1,18,18,16,0.9700418399326477,2.969825965251701e-11,0.9821224201399251,4.960942175501188e-13,0.8750189367296831,4.5357460198829805e-07,0.9700418399326477
mean_gpt2_seeds__base_only,rq_val_entropy_l2,test_Recall@1,18,18,16,0.9700418399326477,2.969825965251701e-11,0.8879648733114842,8.734056050559178e-07,0.8881771162293776,3.0417461607474676e-07,0.9700418399326477
mean_gpt2_seeds__base_only,sid_path_avg_similarity,test_Recall@1,18,18,16,0.9679757231276793,5.030567547642663e-11,0.9039169439177923,2.691953888696563e-07,0.8618607572299887,6.725978561532618e-07,0.9679757231276793
mean_gpt2_seeds__base_only,rqvae_train_loss,test_Recall@1,18,18,16,-0.9638434895177426,1.3110280161512353e-10,-0.8914895599176869,6.841345130876514e-07,-0.8750189367296831,4.5357460198829805e-07,0.9638434895177426
mean_gpt2_seeds__base_only,rq_val_sids_num_l3,test_Recall@1,18,18,16,0.9638434895177426,1.3110280161512353e-10,0.9373693457118679,9.770247528570954e-09,0.8881771162293776,3.0417461607474676e-07,0.9638434895177426
mean_gpt2_seeds__base_only,rq_val_sids_num_l2,test_Recall@1,18,17,16,0.9622740303098898,1.8326941664721747e-10,0.9801967753810087,1.117788294868116e-12,0.871291873859025,5.425938365547044e-07,0.9622740303098898
mean_gpt2_seeds__base_only,rq_train_entropy_mean,test_Recall@1,18,18,16,0.9607443143102901,2.506612654996534e-10,0.9641407651560059,1.2283884616525027e-10,0.8487025777302941,9.918483306277443e-07,0.9607443143102901
mean_gpt2_seeds__base_only,rq_train_entropy_sum,test_Recall@1,18,18,16,0.9607443143102901,2.506612654996534e-10,0.9641407651560059,1.2283884616525027e-10,0.8487025777302941,9.918483306277443e-07,0.9607443143102901
mean_gpt2_seeds__base_only,rqvae_total_loss,test_Recall@1,18,18,16,-0.9483476134804798,2.1653194868371394e-09,-0.8526907572545613,6.948621032118768e-06,-0.8223862187309052,2.1212043899519696e-06,0.9483476134804798
mean_gpt2_seeds__base_only,rq_val_sids_num_l1,test_Recall@1,18,15,16,0.9461977468952552,2.980119051871884e-09,0.9532534252515086,9.898333808921739e-10,0.8505030325569222,1.1405700675200682e-06,0.9461977468952552
mean_gpt2_seeds__base_only,rq_train_entropy_l3,test_Recall@1,18,18,16,0.9431823214680588,4.565927688629678e-09,0.8794680666949419,1.5245671219238267e-06,0.8355443982305997,1.4545217278685683e-06,0.9431823214680588
mean_gpt2_seeds__base_only,rq_train_entropy_max,test_Recall@1,18,18,16,0.9431823214680588,4.565927688629678e-09,0.8794680666949419,1.5245671219238267e-06,0.8355443982305997,1.4545217278685683e-06,0.9431823214680588
mean_gpt2_seeds__base_only,rq_train_entropy_l2,test_Recall@1,18,18,16,0.9411162046630905,6.036262320565247e-09,0.921594765300648,5.6030301392471505e-08,0.8092280392312107,3.076340901128489e-06,0.9411162046630905
mean_gpt2_seeds__base_only,sid_max_cluster_size,test_Recall@1,18,18,16,-0.9287195038332804,2.675216888304755e-08,-0.42529803018054974,0.07849157606167267,-0.7829116802318218,6.363804277262756e-06,0.9287195038332804
mean_gpt2_seeds__base_only,rq_train_entropy_l1,test_Recall@1,18,18,16,0.8832649341239763,1.1948997740895168e-06,0.9626852347685144,1.6810347631874315e-10,0.7171207827333493,3.555646271638818e-05,0.8832649341239763
mean_gpt2_seeds__base_only,rq_train_entropy_std,test_Recall@1,18,18,16,-0.7737607434606528,0.00016488658829255114,-0.9261320819495765,3.528881885014318e-08,-0.6250135262354879,0.00031389380631457027,0.7737607434606528
mean_gpt2_seeds__base_only,rq_val_entropy_std,test_Recall@1,18,18,16,-0.638430092735225,0.004352034417541234,-0.793522412050542,8.489749364619778e-05,-0.4934317312385431,0.004442367225104076,0.638430092735225
mean_gpt2_seeds__base_only,rq_train_sids_num_l3,test_Recall@1,18,10,16,0.4359433060945575,0.07053145080653364,0.4604295743678696,0.05450482637555187,0.44388514080341906,0.0163178030606877,0.4359433060945575
mean_gpt2_seeds__base_only,rq_train_sids_num_max,test_Recall@1,18,10,16,0.4359433060945575,0.07053145080653364,0.4604295743678696,0.05450482637555187,0.44388514080341906,0.0163178030606877,0.4359433060945575
mean_gpt2_seeds__base_only,rq_train_sids_num_l1,test_Recall@1,18,9,16,0.4223964663152552,0.08077119496822191,0.5141126082188067,0.029059450179409464,0.4080151522514492,0.027807454800788882,0.4223964663152552
mean_gpt2_seeds__base_only,rq_train_sids_num_l2,test_Recall@1,18,10,16,0.41607753518391943,0.0859028612114857,0.5274293214337398,0.02448774995417308,0.39874427902680015,0.030967882871175505,0.41607753518391943
mean_gpt2_seeds__base_only,rq_val_sids_num_std,test_Recall@1,18,17,16,0.38966413472269434,0.10994228396165781,0.22828063613930769,0.36224538522662536,0.3696389767886773,0.03352733787193753,0.38966413472269434
mean_gpt2_seeds__base_only,rq_train_sids_num_l0,test_Recall@1,18,16,16,0.18115951735806546,0.47189281395657445,0.22192518126279417,0.37612180967416714,0.292360417441442,0.09425096877025131,0.18115951735806546
mean_gpt2_seeds__base_only,rq_train_sids_num_min,test_Recall@1,18,16,16,0.18115951735806546,0.47189281395657445,0.22192518126279417,0.37612180967416714,0.292360417441442,0.09425096877025131,0.18115951735806546
mean_gpt2_seeds__base_only,rq_train_sids_num_mean,test_Recall@1,18,16,16,0.17805392563192718,0.47964950993097155,0.4515634666986049,0.05995411433056608,0.27907130755774007,0.1101933337242929,0.17805392563192718
mean_gpt2_seeds__base_only,rq_train_sids_num_sum,test_Recall@1,18,16,16,0.17805392563192718,0.47964950993097155,0.4515634666986049,0.05995411433056608,0.27907130755774007,0.1101933337242929,0.17805392563192718
mean_gpt2_seeds__base_only,rq_train_sids_num_std,test_Recall@1,18,16,16,0.17184274217965065,0.4953490200561983,0.03261095104238317,0.8977872403521425,0.10631287906961527,0.5428528085463015,0.17184274217965065
mean_gpt2_seeds__base_only,rq_val_sids_num_l2,test_Recall@10,18,17,18,0.9747032790920374,7.789224807944491e-12,0.9739384712505514,9.861321829587384e-12,0.9049228966693289,1.6870819465113315e-07,0.9747032790920374
mean_gpt2_seeds__base_only,rq_val_sids_num_l3,test_Recall@10,18,18,18,0.9731682146542827,1.2418823458351716e-11,0.9665430764666815,7.107359662466063e-11,0.8954248366013072,2.9624262612210877e-10,0.9731682146542827
mean_gpt2_seeds__base_only,rq_val_entropy_l3,test_Recall@10,18,18,18,0.9711042311661506,2.2322196490619925e-11,0.8034465239943478,5.920540132054693e-05,0.8823529411764707,8.282412498439187e-10,0.9711042311661506
mean_gpt2_seeds__base_only,rq_val_entropy_mean,test_Recall@10,18,18,18,0.9711042311661506,2.2322196490619925e-11,0.9637995745808775,1.3236374985278437e-10,0.8823529411764707,8.282412498439187e-10,0.9711042311661506
mean_gpt2_seeds__base_only,rq_val_entropy_sum,test_Recall@10,18,18,18,0.9711042311661506,2.2322196490619925e-11,0.9637995745808771,1.323637498527972e-10,0.8823529411764707,8.282412498439187e-10,0.9711042311661506
mean_gpt2_seeds__base_only,rq_val_sids_num_mean,test_Recall@10,18,18,18,0.9711042311661506,2.2322196490619925e-11,0.9697256829865305,3.226801282450856e-11,0.8823529411764707,8.282412498439187e-10,0.9711042311661506
mean_gpt2_seeds__base_only,rq_val_sids_num_sum,test_Recall@10,18,18,18,0.9711042311661506,2.2322196490619925e-11,0.9697256829865305,3.226801282450856e-11,0.8823529411764707,8.282412498439187e-10,0.9711042311661506
mean_gpt2_seeds__base_only,rq_val_entropy_l0,test_Recall@10,18,16,18,0.9648417740831213,1.0512460203248459e-10,0.9859325837584048,7.378891307447568e-14,0.8713298378194734,5.357121994044605e-07,0.9648417740831213
mean_gpt2_seeds__base_only,rq_val_entropy_min,test_Recall@10,18,16,18,0.9648417740831213,1.0512460203248459e-10,0.9859419699865613,7.33981129287295e-14,0.8713298378194734,5.357121994044605e-07,0.9648417740831213
mean_gpt2_seeds__base_only,rqvae_best_val_loss,test_Recall@10,18,15,18,-0.961241465347086,2.2671910802090528e-10,-0.9346894439790521,1.3544365474672991e-08,-0.8581278705797845,8.026067814906937e-07,0.961241465347086
mean_gpt2_seeds__base_only,rqvae_val_loss,test_Recall@10,18,18,18,-0.9607843137254902,2.4865670345238e-10,-0.9289855047155904,2.5986004671021208e-08,-0.8562091503267976,5.288434189604998e-09,0.9607843137254902
mean_gpt2_seeds__base_only,rq_val_sids_num_l0,test_Recall@10,18,15,18,0.9601687579247659,2.8110398501863127e-10,0.8900094316572287,7.587864701374951e-07,0.8808719714580843,4.311037021103581e-07,0.9601687579247659
mean_gpt2_seeds__base_only,rq_val_sids_num_min,test_Recall@10,18,15,18,0.9601687579247659,2.8110398501863127e-10,0.8900094316572287,7.587864701374951e-07,0.8808719714580843,4.311037021103581e-07,0.9601687579247659
mean_gpt2_seeds__base_only,rq_val_entropy_max,test_Recall@10,18,18,18,0.9587203302373581,3.723709451215546e-10,0.8387317215562455,1.3687514473181025e-05,0.8431372549019609,1.2272689725953054e-08,0.9587203302373581
mean_gpt2_seeds__base_only,rq_val_sids_num_max,test_Recall@10,18,16,18,0.9586781975053218,3.7537230339384774e-10,0.9707534166382802,2.4557506945555698e-11,0.8750189367296831,4.5357460198829805e-07,0.9586781975053218
mean_gpt2_seeds__base_only,sid_path_avg_similarity,test_Recall@10,18,18,18,0.9566563467492261,5.46578066361063e-10,0.940309948749696,6.712756217828246e-09,0.8431372549019609,1.2272689725953054e-08,0.9566563467492261
mean_gpt2_seeds__base_only,rq_train_entropy_l0,test_Recall@10,18,18,18,0.954592363261094,7.878415255888488e-10,0.9881389531259551,1.8978315396500416e-14,0.8431372549019609,1.2272689725953054e-08,0.954592363261094
mean_gpt2_seeds__base_only,rq_train_entropy_min,test_Recall@10,18,18,18,0.954592363261094,7.878415255888488e-10,0.988253710260019,1.7564466527723785e-14,0.8431372549019609,1.2272689725953054e-08,0.954592363261094
mean_gpt2_seeds__base_only,rqvae_train_loss,test_Recall@10,18,18,18,-0.9525283797729618,1.1169590316176146e-09,-0.9268262400956064,3.279444108643781e-08,-0.8692810457516341,2.158258582693712e-09,0.9525283797729618
mean_gpt2_seeds__base_only,rq_val_entropy_l2,test_Recall@10,18,18,18,0.9525283797729618,1.1169590316176146e-09,0.9196736750163834,6.7583839779815e-08,0.8300653594771243,2.7133502663954042e-08,0.9525283797729618
mean_gpt2_seeds__base_only,sid_unique_total,test_Recall@10,18,18,18,0.9504643962848297,1.5597650189845142e-09,0.9913251210803141,1.56929304613558e-15,0.8169934640522877,5.743389669225629e-08,0.9504643962848297
mean_gpt2_seeds__base_only,sid_collisions,test_Recall@10,18,18,18,-0.9504643962848297,1.5597650189845142e-09,-0.9913251210803141,1.56929304613558e-15,-0.8169934640522877,5.743389669225629e-08,0.9504643962848297
mean_gpt2_seeds__base_only,sid_icr,test_Recall@10,18,18,18,0.9504643962848297,1.5597650189845142e-09,0.9913251210803141,1.56929304613558e-15,0.8169934640522877,5.743389669225629e-08,0.9504643962848297
mean_gpt2_seeds__base_only,sid_cur_total,test_Recall@10,18,18,18,0.9504643962848297,1.5597650189845142e-09,0.9913251210803141,1.56929304613558e-15,0.8169934640522877,5.743389669225629e-08,0.9504643962848297
mean_gpt2_seeds__base_only,rq_train_entropy_mean,test_Recall@10,18,18,18,0.9442724458204333,3.923997205495091e-09,0.9806961776519003,9.126388882876108e-13,0.8169934640522877,5.743389669225629e-08,0.9442724458204333
mean_gpt2_seeds__base_only,rq_train_entropy_sum,test_Recall@10,18,18,18,0.9442724458204333,3.923997205495091e-09,0.9806961776519004,9.126388882876108e-13,0.8169934640522877,5.743389669225629e-08,0.9442724458204333
mean_gpt2_seeds__base_only,sid_max_cluster_size,test_Recall@10,18,18,18,-0.9380804953560371,8.9374943982642e-09,-0.45404123128042295,0.058391909261981956,-0.803921568627451,1.1687968125486227e-07,0.9380804953560371
mean_gpt2_seeds__base_only,rqvae_total_loss,test_Recall@10,18,18,18,-0.9360165118679051,1.1541884991435716e-08,-0.9059977288406414,2.2747047464636773e-07,-0.803921568627451,1.1687968125486227e-07,0.9360165118679051
mean_gpt2_seeds__base_only,rq_val_entropy_l1,test_Recall@10,18,18,18,0.9360165118679051,1.1541884991435716e-08,0.9835210381515407,2.596786782024892e-13,0.803921568627451,1.1687968125486227e-07,0.9360165118679051
mean_gpt2_seeds__base_only,rq_val_sids_num_l1,test_Recall@10,18,15,18,0.9219649323544093,5.401292099442819e-08,0.9207963911937128,6.06048775874435e-08,0.7789160671416505,7.491673014465922e-06,0.9219649323544093
mean_gpt2_seeds__base_only,rq_train_entropy_l3,test_Recall@10,18,18,18,0.9133126934984519,1.2182182797478767e-07,0.9205392470858943,6.214556302343617e-08,0.7516339869281047,1.4423930789510103e-06,0.9133126934984519
mean_gpt2_seeds__base_only,rq_train_entropy_max,test_Recall@10,18,18,18,0.9133126934984519,1.2182182797478767e-07,0.9205392470858943,6.214556302343617e-08,0.7516339869281047,1.4423930789510103e-06,0.9133126934984519
mean_gpt2_seeds__base_only,rq_train_entropy_l2,test_Recall@10,18,18,18,0.9071207430340558,2.0736991664353693e-07,0.9500449842278349,1.6663791192437026e-09,0.7254901960784316,4.304368320665909e-06,0.9071207430340558
mean_gpt2_seeds__base_only,rq_train_entropy_l1,test_Recall@10,18,18,18,0.8596491228070176,4.827997425048475e-06,0.9656024743845447,8.846043244485256e-11,0.6601307189542485,4.592069228932486e-05,0.8596491228070176
mean_gpt2_seeds__base_only,rq_train_entropy_std,test_Recall@10,18,18,18,-0.7729618163054695,0.00016913916228325986,-0.8880787440939802,8.666507696912304e-07,-0.6209150326797386,0.0001549082772801415,0.7729618163054695
mean_gpt2_seeds__base_only,rq_val_entropy_std,test_Recall@10,18,18,18,-0.6305469556243549,0.0050251422192554435,-0.7412242457452124,0.00043179904598615235,-0.47712418300653603,0.005139059506065925,0.6305469556243549
mean_gpt2_seeds__base_only,rq_val_sids_num_std,test_Recall@10,18,17,18,0.43882298052342783,0.06848470562094994,0.3825496425063902,0.11716341942828941,0.3803299130929063,0.027914610282471507,0.43882298052342783
mean_gpt2_seeds__base_only,rq_train_sids_num_l3,test_Recall@10,18,10,18,0.42226301114755177,0.08087719746875663,0.47644312522103344,0.04561738985580388,0.4409743871753604,0.01645378826958227,0.42226301114755177
mean_gpt2_seeds__base_only,rq_train_sids_num_max,test_Recall@10,18,10,18,0.42226301114755177,0.08087719746875663,0.47644312522103344,0.04561738985580388,0.4409743871753604,0.01645378826958227,0.42226301114755177
mean_gpt2_seeds__base_only,rq_train_sids_num_l1,test_Recall@10,18,9,18,0.40927394243797194,0.09168942280372233,0.44911248698955347,0.06152997164273982,0.4053396141999405,0.028004106959755106,0.40927394243797194
mean_gpt2_seeds__base_only,rq_train_sids_num_l2,test_Recall@10,18,10,18,0.39800769458032953,0.1018846403037601,0.48961494207146944,0.03917084638110704,0.38118124993124375,0.03813089845977622,0.39800769458032953
mean_gpt2_seeds__base_only,rq_train_sids_num_std,test_Recall@10,18,16,18,0.18304072241448283,0.4672247689773166,0.16489224380078152,0.5132057863096122,0.11881770515720093,0.4942283703434489,0.18304072241448283
mean_gpt2_seeds__base_only,rq_train_sids_num_l0,test_Recall@10,18,16,18,0.1561533846586831,0.5360774546942919,0.12339726155313578,0.6256795585040924,0.2772413120334688,0.11069781228433255,0.1561533846586831
mean_gpt2_seeds__base_only,rq_train_sids_num_min,test_Recall@10,18,16,18,0.1561533846586831,0.5360774546942919,0.12339726155313578,0.6256795585040924,0.2772413120334688,0.11069781228433255,0.1561533846586831
mean_gpt2_seeds__base_only,rq_train_sids_num_mean,test_Recall@10,18,16,18,0.1499486144073447,0.5525924185113738,0.3907972678048749,0.10882215773248938,0.25083737755409086,0.14897720758262634,0.1499486144073447
mean_gpt2_seeds__base_only,rq_train_sids_num_sum,test_Recall@10,18,16,18,0.1499486144073447,0.5525924185113738,0.3907972678048749,0.10882215773248938,0.25083737755409086,0.14897720758262634,0.1499486144073447
mean_gpt2_seeds__base_only,rq_val_entropy_mean,test_Recall@20,18,18,18,0.981424148606811,6.725639702470495e-13,0.9663318957592701,7.469305953034653e-11,0.9084967320261439,9.766565163801219e-11,0.981424148606811
mean_gpt2_seeds__base_only,rq_val_entropy_sum,test_Recall@20,18,18,18,0.981424148606811,6.725639702470495e-13,0.9663318957592697,7.469305953035429e-11,0.9084967320261439,9.766565163801219e-11,0.981424148606811
mean_gpt2_seeds__base_only,rq_val_sids_num_mean,test_Recall@20,18,18,18,0.981424148606811,6.725639702470495e-13,0.9687176169020422,4.180195240726478e-11,0.9084967320261439,9.766565163801219e-11,0.981424148606811
mean_gpt2_seeds__base_only,rq_val_sids_num_sum,test_Recall@20,18,18,18,0.981424148606811,6.725639702470495e-13,0.9687176169020422,4.180195240726478e-11,0.9084967320261439,9.766565163801219e-11,0.981424148606811
mean_gpt2_seeds__base_only,rq_val_entropy_l3,test_Recall@20,18,18,18,0.9793601651186791,1.552323229912875e-12,0.8092392084995089,4.752516154177476e-05,0.9084967320261439,9.766565163801219e-11,0.9793601651186791
mean_gpt2_seeds__base_only,rq_val_sids_num_l2,test_Recall@20,18,17,18,0.9788333777322579,1.8959503461493487e-12,0.9731318704722675,1.2552600268361498e-11,0.9180377212587394,1.1163605374279142e-07,0.9788333777322579
mean_gpt2_seeds__base_only,rq_val_entropy_l0,test_Recall@20,18,16,18,0.9751830578353519,6.693010987359315e-12,0.987399272229691,3.072090857387084e-14,0.8977337722988514,2.4047649655292356e-07,0.9751830578353519
mean_gpt2_seeds__base_only,rq_val_entropy_min,test_Recall@20,18,16,18,0.9751830578353519,6.693010987359315e-12,0.9869864840219138,3.970685926382401e-14,0.8977337722988514,2.4047649655292356e-07,0.9751830578353519
mean_gpt2_seeds__base_only,rq_val_sids_num_l3,test_Recall@20,18,18,18,0.9731682146542827,1.2418823458351716e-11,0.9696933283116419,3.2541612935616124e-11,0.8954248366013072,2.9624262612210877e-10,0.9731682146542827
mean_gpt2_seeds__base_only,rq_val_entropy_max,test_Recall@20,18,18,18,0.9711042311661506,2.2322196490619925e-11,0.8440840991440033,1.0636222891186249e-05,0.8692810457516341,2.158258582693712e-09,0.9711042311661506
mean_gpt2_seeds__base_only,rqvae_best_val_loss,test_Recall@20,18,15,18,-0.967443023188035,5.730670970239424e-11,-0.9378016558859454,9.256354913555296e-09,-0.8845318050591624,3.6459634269793417e-07,0.967443023188035
mean_gpt2_seeds__base_only,rq_val_sids_num_l0,test_Recall@20,18,15,18,0.9653420809739295,9.388461160495749e-11,0.8874293362008091,9.057862841549419e-07,0.8808719714580843,4.311037021103581e-07,0.9653420809739295
mean_gpt2_seeds__base_only,rq_val_sids_num_min,test_Recall@20,18,15,18,0.9653420809739295,9.388461160495749e-11,0.8874293362008091,9.057862841549419e-07,0.8808719714580843,4.311037021103581e-07,0.9653420809739295
mean_gpt2_seeds__base_only,sid_path_avg_similarity,test_Recall@20,18,18,18,0.9628482972136224,1.62399434830459e-10,0.9431119544551602,4.610328912205684e-09,0.8692810457516341,2.158258582693712e-09,0.9628482972136224
mean_gpt2_seeds__base_only,rq_train_entropy_l0,test_Recall@20,18,18,18,0.9628482972136224,1.62399434830459e-10,0.9884451659525557,1.540986795693942e-14,0.8692810457516341,2.158258582693712e-09,0.9628482972136224
mean_gpt2_seeds__base_only,rq_train_entropy_min,test_Recall@20,18,18,18,0.9628482972136224,1.62399434830459e-10,0.9885130218089162,1.4703736412867453e-14,0.8692810457516341,2.158258582693712e-09,0.9628482972136224
mean_gpt2_seeds__base_only,rqvae_val_loss,test_Recall@20,18,18,18,-0.9607843137254902,2.4865670345238e-10,-0.932316940783684,1.7882824780879504e-08,-0.8562091503267976,5.288434189604998e-09,0.9607843137254902
mean_gpt2_seeds__base_only,rq_val_entropy_l2,test_Recall@20,18,18,18,0.9607843137254902,2.4865670345238e-10,0.9237824494548792,4.4994025408001904e-08,0.8562091503267976,5.288434189604998e-09,0.9607843137254902
mean_gpt2_seeds__base_only,rq_val_sids_num_max,test_Recall@20,18,16,18,0.9597112559078059,3.07551299521544e-10,0.9731950142364398,1.232097698236083e-11,0.8750189367296831,4.5357460198829805e-07,0.9597112559078059
mean_gpt2_seeds__base_only,rqvae_train_loss,test_Recall@20,18,18,18,-0.9587203302373581,3.723709451215546e-10,-0.9311052056058882,2.0530674481203833e-08,-0.8692810457516341,2.158258582693712e-09,0.9587203302373581
mean_gpt2_seeds__base_only,sid_unique_total,test_Recall@20,18,18,18,0.9587203302373581,3.723709451215546e-10,0.991179238332055,1.7924521039380526e-15,0.8431372549019609,1.2272689725953054e-08,0.9587203302373581
mean_gpt2_seeds__base_only,sid_collisions,test_Recall@20,18,18,18,-0.9587203302373581,3.723709451215546e-10,-0.991179238332055,1.7924521039380526e-15,-0.8431372549019609,1.2272689725953054e-08,0.9587203302373581
mean_gpt2_seeds__base_only,sid_icr,test_Recall@20,18,18,18,0.9587203302373581,3.723709451215546e-10,0.9911792383320548,1.792452103938413e-15,0.8431372549019609,1.2272689725953054e-08,0.9587203302373581
mean_gpt2_seeds__base_only,sid_cur_total,test_Recall@20,18,18,18,0.9587203302373581,3.723709451215546e-10,0.991179238332055,1.7924521039380526e-15,0.8431372549019609,1.2272689725953054e-08,0.9587203302373581
mean_gpt2_seeds__base_only,rq_train_entropy_mean,test_Recall@20,18,18,18,0.9525283797729618,1.1169590316176146e-09,0.981307012949575,7.069910688843755e-13,0.8431372549019609,1.2272689725953054e-08,0.9525283797729618
mean_gpt2_seeds__base_only,rq_train_entropy_sum,test_Recall@20,18,18,18,0.9525283797729618,1.1169590316176146e-09,0.981307012949575,7.069910688843755e-13,0.8431372549019609,1.2272689725953054e-08,0.9525283797729618
mean_gpt2_seeds__base_only,rq_val_entropy_l1,test_Recall@20,18,18,18,0.9463364293085655,2.9205055771851396e-09,0.9829173567166235,3.4563424436521946e-13,0.8300653594771243,2.7133502663954042e-08,0.9463364293085655
mean_gpt2_seeds__base_only,rqvae_total_loss,test_Recall@20,18,18,18,-0.9401444788441692,6.859458095524686e-09,-0.9109281602858764,1.5019740875539246e-07,-0.803921568627451,1.1687968125486227e-07,0.9401444788441692
mean_gpt2_seeds__base_only,sid_max_cluster_size,test_Recall@20,18,18,18,-0.933952528379773,1.4781482308613607e-08,-0.45938871456657965,0.05512449595816841,-0.803921568627451,1.1687968125486227e-07,0.933952528379773
mean_gpt2_seeds__base_only,rq_val_sids_num_l1,test_Recall@20,18,15,18,0.9281664901953584,2.8407971658466313e-08,0.9176668118935039,8.18039418323335e-08,0.8053200016210285,3.6380427293171503e-06,0.9281664901953584
mean_gpt2_seeds__base_only,rq_train_entropy_l3,test_Recall@20,18,18,18,0.9236326109391124,4.568456687421577e-08,0.9243286960635924,4.255263198466641e-08,0.7777777777777779,4.3609775379122777e-07,0.9236326109391124
mean_gpt2_seeds__base_only,rq_train_entropy_max,test_Recall@20,18,18,18,0.9236326109391124,4.568456687421577e-08,0.9243286960635924,4.255263198466641e-08,0.7777777777777779,4.3609775379122777e-07,0.9236326109391124
mean_gpt2_seeds__base_only,rq_train_entropy_l2,test_Recall@20,18,18,18,0.915376676986584,1.0113271116055492e-07,0.9521004806945912,1.1984622721015485e-09,0.7516339869281047,1.4423930789510103e-06,0.915376676986584
mean_gpt2_seeds__base_only,rq_train_entropy_l1,test_Recall@20,18,18,18,0.8617131062951496,4.317684006760913e-06,0.9635513658093348,1.3969128152815727e-10,0.6601307189542485,4.592069228932486e-05,0.8617131062951496
mean_gpt2_seeds__base_only,rq_train_entropy_std,test_Recall@20,18,18,18,-0.7729618163054695,0.00016913916228325986,-0.883636719930963,1.1662076679895102e-06,-0.6209150326797386,0.0001549082772801415,0.7729618163054695
mean_gpt2_seeds__base_only,rq_val_entropy_std,test_Recall@20,18,18,18,-0.6284829721362228,0.005214699418213291,-0.7350426885644383,0.000510456971415125,-0.47712418300653603,0.005139059506065925,0.6284829721362228
mean_gpt2_seeds__base_only,rq_train_sids_num_l3,test_Recall@20,18,10,18,0.42005798236871345,0.08264341529148189,0.47268535146168233,0.04759638163891738,0.4260261028643312,0.020483065860873683,0.42005798236871345
mean_gpt2_seeds__base_only,rq_train_sids_num_max,test_Recall@20,18,10,18,0.42005798236871345,0.08264341529148189,0.47268535146168233,0.04759638163891738,0.4260261028643312,0.020483065860873683,0.42005798236871345
mean_gpt2_seeds__base_only,rq_val_sids_num_std,test_Recall@20,18,17,18,0.41197733936199454,0.08935729316706092,0.39137759593904503,0.10825165477909673,0.3541002639140852,0.040671369157608335,0.41197733936199454
mean_gpt2_seeds__base_only,rq_train_sids_num_l1,test_Recall@20,18,9,18,0.40596444964197753,0.09460408193407262,0.43842647995166245,0.06876387520361278,0.390327035896239,0.034357567665140906,0.40596444964197753
mean_gpt2_seeds__base_only,rq_train_sids_num_l2,test_Recall@20,18,10,18,0.40462278091684467,0.09580455482128702,0.4798664134701936,0.043869543304176424,0.3961295342422729,0.03118090058532543,0.40462278091684467
mean_gpt2_seeds__base_only,rq_train_sids_num_std,test_Recall@20,18,16,18,0.18304072241448283,0.4672247689773166,0.17757459962087566,0.4808522638863932,0.11881770515720093,0.4942283703434489,0.18304072241448283
mean_gpt2_seeds__base_only,rq_train_sids_num_l0,test_Recall@20,18,16,18,0.1582216414091292,0.5306228262068207,0.1112786715011856,0.6602330793504675,0.2772413120334688,0.11069781228433255,0.1582216414091292
mean_gpt2_seeds__base_only,rq_train_sids_num_mean,test_Recall@20,18,16,18,0.1582216414091292,0.5306228262068207,0.38023191112122345,0.11958675725334303,0.2772413120334688,0.11069781228433255,0.1582216414091292
mean_gpt2_seeds__base_only,rq_train_sids_num_min,test_Recall@20,18,16,18,0.1582216414091292,0.5306228262068207,0.1112786715011856,0.6602330793504675,0.2772413120334688,0.11069781228433255,0.1582216414091292
mean_gpt2_seeds__base_only,rq_train_sids_num_sum,test_Recall@20,18,16,18,0.1582216414091292,0.5306228262068207,0.38023191112122345,0.11958675725334303,0.2772413120334688,0.11069781228433255,0.1582216414091292
mean_gpt2_seeds__base_only,rq_val_entropy_mean,test_Recall@5,18,18,18,0.9855521155830752,9.124170334062525e-14,0.9595917677009416,3.148055540128504e-10,0.9215686274509804,2.9255087036301376e-11,0.9855521155830752
mean_gpt2_seeds__base_only,rq_val_entropy_sum,test_Recall@5,18,18,18,0.9855521155830752,9.124170334062525e-14,0.9595917677009413,3.14805554012864e-10,0.9215686274509804,2.9255087036301376e-11,0.9855521155830752
mean_gpt2_seeds__base_only,rq_val_sids_num_mean,test_Recall@5,18,18,18,0.981424148606811,6.725639702470495e-13,0.9769258725574412,3.758511212849362e-12,0.9215686274509804,2.9255087036301376e-11,0.981424148606811
mean_gpt2_seeds__base_only,rq_val_sids_num_sum,test_Recall@5,18,18,18,0.981424148606811,6.725639702470495e-13,0.9769258725574412,3.758511212849362e-12,0.9215686274509804,2.9255087036301376e-11,0.981424148606811
mean_gpt2_seeds__base_only,rq_val_entropy_l2,test_Recall@5,18,18,18,0.977296181630547,3.3060534468874615e-12,0.9136419269455771,1.1829482589067698e-07,0.8954248366013072,2.9624262612210877e-10,0.977296181630547
mean_gpt2_seeds__base_only,rqvae_val_loss,test_Recall@5,18,18,18,-0.9752321981424149,6.588737187082592e-12,-0.9213177960303235,5.758216140291879e-08,-0.8954248366013072,2.9624262612210877e-10,0.9752321981424149
mean_gpt2_seeds__base_only,rq_val_entropy_l3,test_Recall@5,18,18,18,0.9752321981424149,6.588737187082592e-12,0.7903542410733125,9.486907568873125e-05,0.8954248366013072,2.9624262612210877e-10,0.9752321981424149
mean_gpt2_seeds__base_only,sid_unique_total,test_Recall@5,18,18,18,0.9731682146542827,1.2418823458351716e-11,0.9886727928348072,1.315167213311891e-14,0.8823529411764707,8.282412498439187e-10,0.9731682146542827
mean_gpt2_seeds__base_only,sid_collisions,test_Recall@5,18,18,18,-0.9731682146542827,1.2418823458351716e-11,-0.9886727928348072,1.315167213311891e-14,-0.8823529411764707,8.282412498439187e-10,0.9731682146542827
mean_gpt2_seeds__base_only,sid_icr,test_Recall@5,18,18,18,0.9731682146542827,1.2418823458351716e-11,0.9886727928348072,1.315167213311891e-14,0.8823529411764707,8.282412498439187e-10,0.9731682146542827
mean_gpt2_seeds__base_only,sid_cur_total,test_Recall@5,18,18,18,0.9731682146542827,1.2418823458351716e-11,0.9886727928348072,1.315167213311891e-14,0.8823529411764707,8.282412498439187e-10,0.9731682146542827
mean_gpt2_seeds__base_only,rqvae_best_val_loss,test_Recall@5,18,15,18,-0.9715773950820011,1.9589386677863495e-11,-0.9267707551080253,3.2988033594553255e-08,-0.8845318050591624,3.6459634269793417e-07,0.9715773950820011
mean_gpt2_seeds__base_only,sid_path_avg_similarity,test_Recall@5,18,18,18,0.9711042311661506,2.2322196490619925e-11,0.9330491341406172,1.64309702014067e-08,0.8823529411764707,8.282412498439187e-10,0.9711042311661506
mean_gpt2_seeds__base_only,rq_val_entropy_max,test_Recall@5,18,18,18,0.9711042311661506,2.2322196490619925e-11,0.8253922915366662,2.4722617378814377e-05,0.8823529411764707,8.282412498439187e-10,0.9711042311661506
mean_gpt2_seeds__base_only,rq_val_entropy_min,test_Recall@5,18,16,18,0.9710465443344596,2.2677086416628483e-11,0.9863309085678489,5.871308126051554e-14,0.8845318050591624,3.5992753916567063e-07,0.9710465443344596
mean_gpt2_seeds__base_only,rq_val_sids_num_l2,test_Recall@5,18,17,18,0.9685081311317065,4.4065495835229435e-11,0.9792483232391576,1.6203377511535838e-12,0.8786932474905078,3.7891405639502175e-07,0.9685081311317065
mean_gpt2_seeds__base_only,rq_val_sids_num_l3,test_Recall@5,18,18,18,0.9669762641898865,6.412439256727504e-11,0.9594026570365153,3.265913074038366e-10,0.8823529411764707,8.282412498439187e-10,0.9669762641898865
mean_gpt2_seeds__base_only,rq_val_sids_num_l0,test_Recall@5,18,15,18,0.9663767455837621,7.391121898033892e-11,0.9092973076962293,1.7274793733050274e-07,0.8676257763985641,6.40214296695265e-07,0.9663767455837621
mean_gpt2_seeds__base_only,rq_val_sids_num_min,test_Recall@5,18,15,18,0.9663767455837621,7.391121898033892e-11,0.9092973076962293,1.7274793733050274e-07,0.8676257763985641,6.40214296695265e-07,0.9663767455837621
mean_gpt2_seeds__base_only,rq_val_entropy_l0,test_Recall@5,18,16,18,0.9648417740831213,1.0512460203248459e-10,0.9851825334482921,1.1154460844873915e-13,0.8581278705797845,7.929102386859542e-07,0.9648417740831213
mean_gpt2_seeds__base_only,rqvae_train_loss,test_Recall@5,18,18,18,-0.9628482972136224,1.62399434830459e-10,-0.9174956337177919,8.312867830898002e-08,-0.8823529411764707,8.282412498439187e-10,0.9628482972136224
mean_gpt2_seeds__base_only,rq_val_entropy_l1,test_Recall@5,18,18,18,0.9628482972136224,1.62399434830459e-10,0.9847274071437442,1.4188626957245099e-13,0.8692810457516341,2.158258582693712e-09,0.9628482972136224
mean_gpt2_seeds__base_only,rq_val_sids_num_max,test_Recall@5,18,16,18,0.96074431431029,2.5066126549965973e-10,0.9636154215376109,1.3776721282342875e-10,0.8750189367296831,4.5357460198829805e-07,0.96074431431029
mean_gpt2_seeds__base_only,rq_train_entropy_l0,test_Recall@5,18,18,18,0.9587203302373581,3.723709451215546e-10,0.9891030154040681,9.66124015848168e-15,0.8300653594771243,2.7133502663954042e-08,0.9587203302373581
mean_gpt2_seeds__base_only,rq_train_entropy_min,test_Recall@5,18,18,18,0.9587203302373581,3.723709451215546e-10,0.989344209386643,8.08341622976377e-15,0.8300653594771243,2.7133502663954042e-08,0.9587203302373581
mean_gpt2_seeds__base_only,rq_train_entropy_mean,test_Recall@5,18,18,18,0.954592363261094,7.878415255888488e-10,0.979472242313881,1.4866790822567858e-12,0.8300653594771243,2.7133502663954042e-08,0.954592363261094
mean_gpt2_seeds__base_only,rq_train_entropy_sum,test_Recall@5,18,18,18,0.954592363261094,7.878415255888488e-10,0.9794722423138812,1.4866790822565301e-12,0.8300653594771243,2.7133502663954042e-08,0.954592363261094
mean_gpt2_seeds__base_only,rqvae_total_loss,test_Recall@5,18,18,18,-0.9463364293085655,2.9205055771851396e-09,-0.8954296708271983,5.154695930249019e-07,-0.8169934640522877,5.743389669225629e-08,0.9463364293085655
mean_gpt2_seeds__base_only,rq_val_sids_num_l1,test_Recall@5,18,15,18,0.9385024199302734,8.473153503968803e-09,0.9315429215125236,1.9537427003203735e-08,0.8317239361004065,1.7278874492607569e-06,0.9385024199302734
mean_gpt2_seeds__base_only,sid_max_cluster_size,test_Recall@5,18,18,18,-0.933952528379773,1.4781482308613607e-08,-0.44266705348420654,0.06582154146984262,-0.7908496732026145,2.2949122458838576e-07,0.933952528379773
mean_gpt2_seeds__base_only,rq_train_entropy_l2,test_Recall@5,18,18,18,0.9298245614035088,2.3692560041968578e-08,0.946517533873012,2.84421941707493e-09,0.7908496732026145,2.2949122458838576e-07,0.9298245614035088
mean_gpt2_seeds__base_only,rq_train_entropy_l3,test_Recall@5,18,18,18,0.9256965944272446,3.6936283769727216e-08,0.9100848873606093,1.6151688477278932e-07,0.7908496732026145,2.2949122458838576e-07,0.9256965944272446
mean_gpt2_seeds__base_only,rq_train_entropy_max,test_Recall@5,18,18,18,0.9256965944272446,3.6936283769727216e-08,0.9100848873606093,1.6151688477278932e-07,0.7908496732026145,2.2949122458838576e-07,0.9256965944272446
mean_gpt2_seeds__base_only,rq_train_entropy_l1,test_Recall@5,18,18,18,0.8740970072239421,2.123130093783671e-06,0.9691421390637107,3.752368325208487e-11,0.6993464052287582,1.1750697734293768e-05,0.8740970072239421
mean_gpt2_seeds__base_only,rq_train_entropy_std,test_Recall@5,18,18,18,-0.7770897832817338,0.00014812554588688426,-0.9027434334278611,2.955247081090007e-07,-0.607843137254902,0.00022573646929059787,0.7770897832817338
mean_gpt2_seeds__base_only,rq_val_entropy_std,test_Recall@5,18,18,18,-0.6305469556243549,0.0050251422192554435,-0.7603641985546156,0.00024949862925265293,-0.46405228758169936,0.006652816887103086,0.6305469556243549
mean_gpt2_seeds__base_only,rq_train_sids_num_l3,test_Recall@5,18,10,18,0.41564792481103663,0.08626017181852913,0.47279343832445003,0.047538565362964205,0.4260261028643312,0.020483065860873683,0.41564792481103663
mean_gpt2_seeds__base_only,rq_train_sids_num_max,test_Recall@5,18,10,18,0.41564792481103663,0.08626017181852913,0.47279343832445003,0.047538565362964205,0.4260261028643312,0.020483065860873683,0.41564792481103663
mean_gpt2_seeds__base_only,rq_train_sids_num_l1,test_Recall@5,18,9,18,0.4114802709686349,0.08978282972272067,0.4710754657099252,0.048463841398439664,0.42035219250364203,0.022690396731509146,0.4114802709686349
mean_gpt2_seeds__base_only,rq_train_sids_num_l2,test_Recall@5,18,10,18,0.4068278096956831,0.09383735350633006,0.5063085171032292,0.03203068231915149,0.3961295342422729,0.03118090058532543,0.4068278096956831
mean_gpt2_seeds__base_only,rq_val_sids_num_std,test_Recall@5,18,17,18,0.3944244201410575,0.10529140976744816,0.3401472476765906,0.16724306892071836,0.3672150885034958,0.03378113542110883,0.3944244201410575
mean_gpt2_seeds__base_only,rq_train_sids_num_std,test_Recall@5,18,16,18,0.1768359521631444,0.48270862133820647,0.1263481826574064,0.6173734685998366,0.13201967239688991,0.44752091013046924,0.1768359521631444
mean_gpt2_seeds__base_only,rq_train_sids_num_mean,test_Recall@5,18,16,18,0.16028989815957534,0.5251937690179834,0.4113648993089844,0.08988180855712657,0.26403934479377983,0.12873504895794796,0.16028989815957534
mean_gpt2_seeds__base_only,rq_train_sids_num_sum,test_Recall@5,18,16,18,0.16028989815957534,0.5251937690179834,0.4113648993089844,0.08988180855712657,0.26403934479377983,0.12873504895794796,0.16028989815957534
mean_gpt2_seeds__base_only,rq_train_sids_num_l0,test_Recall@5,18,16,18,0.1582216414091292,0.5306228262068207,0.1525832272453644,0.5455525404376195,0.26403934479377983,0.12873504895794796,0.1582216414091292
mean_gpt2_seeds__base_only,rq_train_sids_num_min,test_Recall@5,18,16,18,0.1582216414091292,0.5306228262068207,0.1525832272453644,0.5455525404376195,0.26403934479377983,0.12873504895794796,0.1582216414091292
mean_gpt2_seeds__base_only,rq_val_entropy_l1,val_NDCG@1,18,18,17,0.988126099672754,1.9142701284741837e-14,0.9772429452496093,3.368018494405197e-12,0.93115254584815,7.345996522884086e-08,0.988126099672754
mean_gpt2_seeds__base_only,rq_val_entropy_mean,val_NDCG@1,18,18,17,0.9778008530722025,2.7662864587070246e-12,0.9181599628150573,7.808916724793698e-08,0.9049228966693289,1.6870819465113315e-07,0.9778008530722025
mean_gpt2_seeds__base_only,rq_val_entropy_sum,val_NDCG@1,18,18,17,0.9778008530722025,2.7662864587070246e-12,0.918159962815057,7.80891672479386e-08,0.9049228966693289,1.6870819465113315e-07,0.9778008530722025
mean_gpt2_seeds__base_only,rq_val_entropy_max,val_NDCG@1,18,18,17,0.9726382297719272,1.4498173098716688e-11,0.7457574048404736,0.00038081450176444547,0.8918080720799183,2.535406700705742e-07,0.9726382297719272
mean_gpt2_seeds__base_only,rq_train_entropy_l3,val_NDCG@1,18,18,17,0.9705731804518168,2.5780022103351022e-11,0.8545111784162952,6.328654523807921e-06,0.9049228966693289,1.6870819465113315e-07,0.9705731804518168
mean_gpt2_seeds__base_only,rq_train_entropy_max,val_NDCG@1,18,18,17,0.9705731804518168,2.5780022103351022e-11,0.8545111784162952,6.328654523807921e-06,0.9049228966693289,1.6870819465113315e-07,0.9705731804518168
mean_gpt2_seeds__base_only,rq_val_sids_num_max,val_NDCG@1,18,16,17,0.9705427652642175,2.5991472427583752e-11,0.9215690282798922,5.6172961835771585e-08,0.8844932658871919,3.6468840191055517e-07,0.9705427652642175
mean_gpt2_seeds__base_only,rq_val_sids_num_mean,val_NDCG@1,18,18,17,0.9685081311317065,4.4065495835229435e-11,0.9877850832868479,2.3983748386815417e-14,0.8786932474905077,3.7891405639502175e-07,0.9685081311317065
mean_gpt2_seeds__base_only,rq_val_sids_num_sum,val_NDCG@1,18,18,17,0.9685081311317065,4.4065495835229435e-11,0.9877850832868479,2.3983748386815417e-14,0.8786932474905077,3.7891405639502175e-07,0.9685081311317065
mean_gpt2_seeds__base_only,rq_val_entropy_l0,val_NDCG@1,18,16,17,0.9663746765181599,7.394713019822172e-11,0.9620663000863168,1.9137413581152684e-10,0.8808140174482543,4.3126540306870133e-07,0.9663746765181599
mean_gpt2_seeds__base_only,rq_val_entropy_min,val_NDCG@1,18,16,17,0.9663746765181599,7.394713019822172e-11,0.9652870062392805,9.506827773211295e-11,0.8808140174482543,4.3126540306870133e-07,0.9663746765181599
mean_gpt2_seeds__base_only,sid_unique_total,val_NDCG@1,18,18,17,0.9654105571515412,9.243084847033027e-11,0.959955470043831,2.931762785008584e-10,0.8918080720799183,2.535406700705742e-07,0.9654105571515412
mean_gpt2_seeds__base_only,sid_collisions,val_NDCG@1,18,18,17,-0.9654105571515412,9.243084847033027e-11,-0.959955470043831,2.931762785008584e-10,-0.8918080720799183,2.535406700705742e-07,0.9654105571515412
mean_gpt2_seeds__base_only,sid_icr,val_NDCG@1,18,18,17,0.9654105571515412,9.243084847033027e-11,0.9599554700438309,2.931762785008584e-10,0.8918080720799183,2.535406700705742e-07,0.9654105571515412
mean_gpt2_seeds__base_only,sid_cur_total,val_NDCG@1,18,18,17,0.9654105571515412,9.243084847033027e-11,0.959955470043831,2.931762785008584e-10,0.8918080720799183,2.535406700705742e-07,0.9654105571515412
mean_gpt2_seeds__base_only,rq_val_sids_num_l1,val_NDCG@1,18,15,17,0.9648402263530447,1.0516111619022051e-10,0.9760162970176482,5.106255019018201e-12,0.8741913556629289,5.325611418355545e-07,0.9648402263530447
mean_gpt2_seeds__base_only,rq_val_entropy_l2,val_NDCG@1,18,18,17,0.9612804585113208,2.2492851318209893e-10,0.8555303379051106,6.002762392013742e-06,0.8524635983116866,8.322994186769189e-07,0.9612804585113208
mean_gpt2_seeds__base_only,rq_val_entropy_l3,val_NDCG@1,18,18,17,0.9602479338512656,2.7673405775545696e-10,0.7062200341218299,0.001053984302032076,0.8524635983116866,8.322994186769189e-07,0.9602479338512656
mean_gpt2_seeds__base_only,rq_train_entropy_l2,val_NDCG@1,18,18,17,0.9581828845311553,4.1226825532067166e-10,0.9107007687906723,1.5317995948740723e-07,0.8524635983116866,8.322994186769189e-07,0.9581828845311553
mean_gpt2_seeds__base_only,rq_val_sids_num_l0,val_NDCG@1,18,15,17,0.9570413886690207,5.095415261604004e-10,0.9452607733742063,3.411335102070926e-09,0.8638302814848373,7.64779040927452e-07,0.9570413886690207
mean_gpt2_seeds__base_only,rq_val_sids_num_min,val_NDCG@1,18,15,17,0.9570413886690207,5.095415261604004e-10,0.9452607733742063,3.411335102070926e-09,0.8638302814848373,7.64779040927452e-07,0.9570413886690207
mean_gpt2_seeds__base_only,rqvae_best_val_loss,val_NDCG@1,18,15,17,-0.9565672126222575,5.554782949535599e-10,-0.869840410423869,2.731676322066231e-06,-0.8675686938776038,6.484193431686563e-07,0.9565672126222575
mean_gpt2_seeds__base_only,rqvae_train_loss,val_NDCG@1,18,18,17,-0.9550853105509899,7.230918893671649e-10,-0.8584528944923542,5.146821418476241e-06,-0.839348773722276,1.2232901405571112e-06,0.9550853105509899
mean_gpt2_seeds__base_only,sid_path_avg_similarity,val_NDCG@1,18,18,17,0.9550853105509899,7.230918893671649e-10,0.8732197298751574,2.2379572935220205e-06,0.8655784229010972,5.63141282719282e-07,0.9550853105509899
mean_gpt2_seeds__base_only,rqvae_val_loss,val_NDCG@1,18,18,17,-0.9540527858909349,8.644466296126763e-10,-0.8601610103829908,4.696839645673412e-06,-0.8524635983116866,8.322994186769189e-07,0.9540527858909349
mean_gpt2_seeds__base_only,rq_train_entropy_l0,val_NDCG@1,18,18,17,0.9519877365708246,1.2207793659078818e-09,0.9745893861617652,8.071349452149107e-12,0.839348773722276,1.2232901405571112e-06,0.9519877365708246
mean_gpt2_seeds__base_only,rq_train_entropy_mean,val_NDCG@1,18,18,17,0.9519877365708246,1.2207793659078818e-09,0.9598215225538904,3.0098650090738915e-10,0.839348773722276,1.2232901405571112e-06,0.9519877365708246
mean_gpt2_seeds__base_only,rq_train_entropy_min,val_NDCG@1,18,18,17,0.9519877365708246,1.2207793659078818e-09,0.9750599368737003,6.96061649362522e-12,0.839348773722276,1.2232901405571112e-06,0.9519877365708246
mean_gpt2_seeds__base_only,rq_train_entropy_sum,val_NDCG@1,18,18,17,0.9519877365708246,1.2207793659078818e-09,0.9598215225538904,3.0098650090738915e-10,0.839348773722276,1.2232901405571112e-06,0.9519877365708246
mean_gpt2_seeds__base_only,rq_val_sids_num_l2,val_NDCG@1,18,17,17,0.9483471074380168,2.1654857200924975e-09,0.9817877499595707,5.748408498194654e-13,0.8355263157894738,1.4546868052538282e-06,0.9483471074380168
mean_gpt2_seeds__base_only,rq_val_sids_num_l3,val_NDCG@1,18,18,17,0.9478576379306042,2.3315677467479234e-09,0.9110327883508267,1.488420370687443e-07,0.839348773722276,1.2232901405571112e-06,0.9478576379306042
mean_gpt2_seeds__base_only,rqvae_total_loss,val_NDCG@1,18,18,17,-0.9323697680297773,1.7774471937202545e-08,-0.8314042426870417,1.905869080566989e-05,-0.8000042999540443,3.756877788525519e-06,0.9323697680297773
mean_gpt2_seeds__base_only,sid_max_cluster_size,val_NDCG@1,18,18,17,-0.9323697680297773,1.7774471937202545e-08,-0.362035145095618,0.13985281705006247,-0.813119124543455,2.59896800753136e-06,0.9323697680297773
mean_gpt2_seeds__base_only,rq_train_entropy_l1,val_NDCG@1,18,18,17,0.8993289789080132,3.851857379564629e-07,0.978472114779032,2.1683680702550376e-12,0.7344301770069916,2.18253404649829e-05,0.8993289789080132
mean_gpt2_seeds__base_only,rq_train_entropy_std,val_NDCG@1,18,18,17,-0.7341250332991933,0.0005230974237111765,-0.9404453446555828,6.59475257644792e-09,-0.5639374573446543,0.0011148231701320558,0.7341250332991933
mean_gpt2_seeds__base_only,rq_val_entropy_std,val_NDCG@1,18,18,17,-0.62261237001324,0.005785877155026331,-0.8332474363216534,1.7561957295482983e-05,-0.44590403603995915,0.009950827924350881,0.62261237001324
mean_gpt2_seeds__base_only,rq_train_sids_num_l3,val_NDCG@1,18,10,17,0.4147594798448298,0.08700253168670309,0.48334501425209564,0.04214615312756327,0.4199265192881244,0.022716809045587212,0.4147594798448298
mean_gpt2_seeds__base_only,rq_train_sids_num_max,val_NDCG@1,18,10,17,0.4147594798448298,0.08700253168670309,0.48334501425209564,0.04214615312756327,0.4199265192881244,0.022716809045587212,0.4147594798448298
mean_gpt2_seeds__base_only,rq_val_sids_num_std,val_NDCG@1,18,17,17,0.41115702479338845,0.09006034669612169,0.21060211424543648,0.40156389406034554,0.3486842105263158,0.04438938469922759,0.41115702479338845
mean_gpt2_seeds__base_only,rq_train_sids_num_l2,val_NDCG@1,18,10,17,0.41034714495286356,0.09075838742280612,0.5889774565931066,0.010116827271348182,0.4199265192881244,0.022716809045587212,0.41034714495286356
mean_gpt2_seeds__base_only,rq_train_sids_num_l1,val_NDCG@1,18,9,17,0.4028628860913653,0.097395864538497,0.5868775320083763,0.010455719461416742,0.384077961119596,0.037851037199591285,0.4028628860913653
mean_gpt2_seeds__base_only,rq_train_sids_num_std,val_NDCG@1,18,16,17,0.20279382933357532,0.4196367500824124,-0.010124610557690775,0.9681951716396837,0.1655665446331305,0.3420537518208421,0.20279382933357532
mean_gpt2_seeds__base_only,rq_train_sids_num_mean,val_NDCG@1,18,16,17,0.14795672242194527,0.5579414431982338,0.5114835783018855,0.030035454088429364,0.2582838096276836,0.13829250881740035,0.14795672242194527
mean_gpt2_seeds__base_only,rq_train_sids_num_sum,val_NDCG@1,18,16,17,0.14795672242194527,0.5579414431982338,0.5114835783018855,0.030035454088429364,0.2582838096276836,0.13829250881740035,0.14795672242194527
mean_gpt2_seeds__base_only,rq_train_sids_num_l0,val_NDCG@1,18,16,17,0.13864476087091374,0.583244041496205,0.27071139480873135,0.27724605679042247,0.23179316248638268,0.18346516688418169,0.13864476087091374
mean_gpt2_seeds__base_only,rq_train_sids_num_min,val_NDCG@1,18,16,17,0.13864476087091374,0.583244041496205,0.27071139480873135,0.27724605679042247,0.23179316248638268,0.18346516688418169,0.13864476087091374
mean_gpt2_seeds__base_only,rq_val_entropy_mean,val_NDCG@10,18,18,18,0.9896800825593396,6.262894222146963e-15,0.9474502710429956,2.4781283437744364e-09,0.9477124183006538,1.8102660876591437e-12,0.9896800825593396
mean_gpt2_seeds__base_only,rq_val_entropy_sum,val_NDCG@10,18,18,18,0.9896800825593396,6.262894222146963e-15,0.9474502710429953,2.4781283437745195e-09,0.9477124183006538,1.8102660876591437e-12,0.9896800825593396
mean_gpt2_seeds__base_only,rq_val_sids_num_mean,val_NDCG@10,18,18,18,0.9855521155830752,9.124170334062525e-14,0.9857101100905863,8.359977699151895e-14,0.9215686274509804,2.9255087036301376e-11,0.9855521155830752
mean_gpt2_seeds__base_only,rq_val_sids_num_sum,val_NDCG@10,18,18,18,0.9855521155830752,9.124170334062525e-14,0.9857101100905863,8.359977699151895e-14,0.9215686274509804,2.9255087036301376e-11,0.9855521155830752
mean_gpt2_seeds__base_only,rq_val_entropy_l0,val_NDCG@10,18,16,18,0.9834560848371363,2.6792639483452404e-13,0.9831315079968449,3.1266383026722446e-13,0.9241377067782294,1.0556066247589383e-07,0.9834560848371363
mean_gpt2_seeds__base_only,rq_val_entropy_min,val_NDCG@10,18,16,18,0.9834560848371363,2.6792639483452404e-13,0.9841368912255916,1.9184107098105144e-13,0.9241377067782294,1.0556066247589383e-07,0.9834560848371363
mean_gpt2_seeds__base_only,rq_val_entropy_max,val_NDCG@10,18,18,18,0.981424148606811,6.725639702470495e-13,0.7959210229400676,7.795306228683837e-05,0.9084967320261439,9.766565163801219e-11,0.981424148606811
mean_gpt2_seeds__base_only,sid_unique_total,val_NDCG@10,18,18,18,0.9793601651186791,1.552323229912875e-12,0.9840827516098896,1.971085622028155e-13,0.9084967320261439,9.766565163801219e-11,0.9793601651186791
mean_gpt2_seeds__base_only,sid_collisions,val_NDCG@10,18,18,18,-0.9793601651186791,1.552323229912875e-12,-0.9840827516098896,1.971085622028155e-13,-0.9084967320261439,9.766565163801219e-11,0.9793601651186791
mean_gpt2_seeds__base_only,sid_icr,val_NDCG@10,18,18,18,0.9793601651186791,1.552323229912875e-12,0.9840827516098896,1.971085622028155e-13,0.9084967320261439,9.766565163801219e-11,0.9793601651186791
mean_gpt2_seeds__base_only,sid_cur_total,val_NDCG@10,18,18,18,0.9793601651186791,1.552323229912875e-12,0.9840827516098896,1.971085622028155e-13,0.9084967320261439,9.766565163801219e-11,0.9793601651186791
mean_gpt2_seeds__base_only,rqvae_train_loss,val_NDCG@10,18,18,18,-0.977296181630547,3.3060534468874615e-12,-0.9001979604952823,3.603910686226433e-07,-0.9084967320261439,9.766565163801219e-11,0.977296181630547
mean_gpt2_seeds__base_only,sid_path_avg_similarity,val_NDCG@10,18,18,18,0.977296181630547,3.3060534468874615e-12,0.9131152099207213,1.2398080133065225e-07,0.9084967320261439,9.766565163801219e-11,0.977296181630547
mean_gpt2_seeds__base_only,rq_val_entropy_l3,val_NDCG@10,18,18,18,0.977296181630547,3.3060534468874615e-12,0.7581355320248165,0.0002666211498472675,0.8954248366013072,2.9624262612210877e-10,0.977296181630547
mean_gpt2_seeds__base_only,rq_val_sids_num_l0,val_NDCG@10,18,15,18,0.9767233916820893,4.028050767424417e-12,0.9270787610062011,3.192576317110583e-08,0.9073643615771244,1.922236375411204e-07,0.9767233916820893
mean_gpt2_seeds__base_only,rq_val_sids_num_min,val_NDCG@10,18,15,18,0.9767233916820893,4.028050767424417e-12,0.9270787610062011,3.192576317110583e-08,0.9073643615771244,1.922236375411204e-07,0.9767233916820893
mean_gpt2_seeds__base_only,rqvae_best_val_loss,val_NDCG@10,18,15,18,-0.975711766975967,5.643186327836959e-12,-0.9086458837259618,1.8254174984081132e-07,-0.8977337722988514,2.4368717508701967e-07,0.975711766975967
mean_gpt2_seeds__base_only,rq_val_entropy_l1,val_NDCG@10,18,18,18,0.9711042311661506,2.2322196490619925e-11,0.9862743201477644,6.067526925271013e-14,0.8954248366013072,2.9624262612210877e-10,0.9711042311661506
mean_gpt2_seeds__base_only,rq_train_entropy_l0,val_NDCG@10,18,18,18,0.9669762641898865,6.412439256727504e-11,0.9907725831336512,2.567370186695446e-15,0.8823529411764707,8.282412498439187e-10,0.9669762641898865
mean_gpt2_seeds__base_only,rq_train_entropy_min,val_NDCG@10,18,18,18,0.9669762641898865,6.412439256727504e-11,0.9909989529826897,2.1061951744055273e-15,0.8823529411764707,8.282412498439187e-10,0.9669762641898865
mean_gpt2_seeds__base_only,rq_val_sids_num_l3,val_NDCG@10,18,18,18,0.9669762641898865,6.412439256727504e-11,0.9457540393881426,3.1780158287413152e-09,0.8823529411764707,8.282412498439187e-10,0.9669762641898865
mean_gpt2_seeds__base_only,rq_train_entropy_mean,val_NDCG@10,18,18,18,0.9649122807017543,1.0347287642285863e-10,0.9783498702983687,2.2679810561707815e-12,0.8823529411764707,8.282412498439187e-10,0.9649122807017543
mean_gpt2_seeds__base_only,rq_train_entropy_sum,val_NDCG@10,18,18,18,0.9649122807017543,1.0347287642285863e-10,0.9783498702983686,2.2679810561707815e-12,0.8823529411764707,8.282412498439187e-10,0.9649122807017543
mean_gpt2_seeds__base_only,rq_val_entropy_l2,val_NDCG@10,18,18,18,0.9649122807017543,1.0347287642285863e-10,0.8934111511449799,5.967317584795804e-07,0.8692810457516341,2.158258582693712e-09,0.9649122807017543
mean_gpt2_seeds__base_only,rq_val_sids_num_l2,val_NDCG@10,18,17,18,0.964378032491486,1.165725129187239e-10,0.9842159627397219,1.8436882486823226e-13,0.8786932474905078,3.7891405639502175e-07,0.964378032491486
mean_gpt2_seeds__base_only,rq_val_sids_num_max,val_NDCG@10,18,16,18,0.9628104311152583,1.6370876045655508e-10,0.952435575034141,1.1342138043035045e-09,0.8750189367296831,4.5357460198829805e-07,0.9628104311152583
mean_gpt2_seeds__base_only,rqvae_val_loss,val_NDCG@10,18,18,18,-0.9607843137254902,2.4865670345238e-10,-0.9006033321751307,3.493045570320994e-07,-0.8692810457516341,2.158258582693712e-09,0.9607843137254902
mean_gpt2_seeds__base_only,rqvae_total_loss,val_NDCG@10,18,18,18,-0.9525283797729618,1.1169590316176146e-09,-0.8796986321826178,1.5025250606727897e-06,-0.8431372549019609,1.2272689725953054e-08,0.9525283797729618
mean_gpt2_seeds__base_only,rq_train_entropy_l3,val_NDCG@10,18,18,18,0.9525283797729618,1.1169590316176146e-09,0.894394082604295,5.558777235796104e-07,0.8431372549019609,1.2272689725953054e-08,0.9525283797729618
mean_gpt2_seeds__base_only,rq_train_entropy_max,val_NDCG@10,18,18,18,0.9525283797729618,1.1169590316176146e-09,0.894394082604295,5.558777235796104e-07,0.8431372549019609,1.2272689725953054e-08,0.9525283797729618
mean_gpt2_seeds__base_only,rq_val_sids_num_l1,val_NDCG@10,18,15,18,0.9447039777712222,3.6924667186085904e-09,0.9535052552143288,9.487276862865986e-10,0.8317239361004065,1.7278874492607569e-06,0.9447039777712222
mean_gpt2_seeds__base_only,rq_train_entropy_l2,val_NDCG@10,18,18,18,0.933952528379773,1.4781482308613607e-08,0.9376076804301523,9.483955736364924e-09,0.7908496732026145,2.2949122458838576e-07,0.933952528379773
mean_gpt2_seeds__base_only,sid_max_cluster_size,val_NDCG@10,18,18,18,-0.9215686274509803,5.617518611953259e-08,-0.40625234105871066,0.09434791134819881,-0.7647058823529412,8.041769435285658e-07,0.9215686274509803
mean_gpt2_seeds__base_only,rq_train_entropy_l1,val_NDCG@10,18,18,18,0.8823529411764706,1.2678715297879369e-06,0.9795444177772399,1.4457001928968027e-12,0.7254901960784316,4.304368320665909e-06,0.8823529411764706
mean_gpt2_seeds__base_only,rq_train_entropy_std,val_NDCG@10,18,18,18,-0.7750257997936018,0.00015833782693194364,-0.9244952935638786,4.1831280359449385e-08,-0.6339869281045752,0.00010483725733996005,0.7750257997936018
mean_gpt2_seeds__base_only,rq_val_entropy_std,val_NDCG@10,18,18,18,-0.6491228070175438,0.003558373943300945,-0.797884419269781,7.263344397707262e-05,-0.4901960784313726,0.003934978451529695,0.6491228070175438
mean_gpt2_seeds__base_only,rq_train_sids_num_l3,val_NDCG@10,18,10,18,0.39359763702265277,0.10608890290877712,0.4835618358309484,0.04204047017067559,0.4260261028643312,0.020483065860873683,0.39359763702265277
mean_gpt2_seeds__base_only,rq_train_sids_num_max,val_NDCG@10,18,10,18,0.39359763702265277,0.10608890290877712,0.4835618358309484,0.04204047017067559,0.4260261028643312,0.020483065860873683,0.39359763702265277
mean_gpt2_seeds__base_only,rq_train_sids_num_l1,val_NDCG@10,18,9,18,0.3805916715393539,0.11920830190324407,0.5200717488059967,0.02693827180151711,0.390327035896239,0.034357567665140906,0.3805916715393539
mean_gpt2_seeds__base_only,rq_train_sids_num_l2,val_NDCG@10,18,10,18,0.3803674643496224,0.1194440604635608,0.5415131492975668,0.020284905358127013,0.3961295342422729,0.03118090058532543,0.3803674643496224
mean_gpt2_seeds__base_only,rq_val_sids_num_std,val_NDCG@10,18,17,18,0.37687150092012034,0.12316286567980907,0.29394980966013906,0.23642333350013606,0.31475579014585353,0.06884504460752021,0.37687150092012034
mean_gpt2_seeds__base_only,rq_train_sids_num_std,val_NDCG@10,18,16,18,0.18510897916492894,0.4621193811833184,0.07500405446277683,0.767392902402987,0.11881770515720093,0.4942283703434489,0.18510897916492894
mean_gpt2_seeds__base_only,rq_train_sids_num_mean,val_NDCG@10,18,16,18,0.13547081715422174,0.5919770839437616,0.45396648303523945,0.058438586541599426,0.3036452465128468,0.08064160394475747,0.13547081715422174
mean_gpt2_seeds__base_only,rq_train_sids_num_sum,val_NDCG@10,18,16,18,0.13547081715422174,0.5919770839437616,0.45396648303523945,0.058438586541599426,0.3036452465128468,0.08064160394475747,0.13547081715422174
mean_gpt2_seeds__base_only,rq_train_sids_num_l0,val_NDCG@10,18,16,18,0.12926604690288332,0.6092036293162493,0.2003304843102071,0.4254264297766915,0.2772413120334688,0.11069781228433255,0.12926604690288332
mean_gpt2_seeds__base_only,rq_train_sids_num_min,val_NDCG@10,18,16,18,0.12926604690288332,0.6092036293162493,0.2003304843102071,0.4254264297766915,0.2772413120334688,0.11069781228433255,0.12926604690288332
mean_gpt2_seeds__base_only,rq_val_entropy_mean,val_NDCG@20,18,18,18,0.9896800825593396,6.262894222146963e-15,0.9523597339700759,1.1484863434464477e-09,0.9477124183006538,1.8102660876591437e-12,0.9896800825593396
mean_gpt2_seeds__base_only,rq_val_entropy_sum,val_NDCG@20,18,18,18,0.9896800825593396,6.262894222146963e-15,0.9523597339700755,1.1484863434465316e-09,0.9477124183006538,1.8102660876591437e-12,0.9896800825593396
mean_gpt2_seeds__base_only,rq_val_sids_num_mean,val_NDCG@20,18,18,18,0.9855521155830752,9.124170334062525e-14,0.9831704395529594,3.069747976199338e-13,0.9215686274509804,2.9255087036301376e-11,0.9855521155830752
mean_gpt2_seeds__base_only,rq_val_sids_num_sum,val_NDCG@20,18,18,18,0.9855521155830752,9.124170334062525e-14,0.9831704395529594,3.069747976199338e-13,0.9215686274509804,2.9255087036301376e-11,0.9855521155830752
mean_gpt2_seeds__base_only,rq_val_entropy_l0,val_NDCG@20,18,16,18,0.9834560848371363,2.6792639483452404e-13,0.9858817441926399,7.593739422430454e-14,0.9241377067782294,1.0556066247589383e-07,0.9834560848371363
mean_gpt2_seeds__base_only,rq_val_entropy_min,val_NDCG@20,18,16,18,0.9834560848371363,2.6792639483452404e-13,0.9866703548224734,4.806485026990443e-14,0.9241377067782294,1.0556066247589383e-07,0.9834560848371363
mean_gpt2_seeds__base_only,rq_val_entropy_max,val_NDCG@20,18,18,18,0.981424148606811,6.725639702470495e-13,0.8057479176583293,5.430234734333051e-05,0.9084967320261439,9.766565163801219e-11,0.981424148606811
mean_gpt2_seeds__base_only,sid_unique_total,val_NDCG@20,18,18,18,0.9793601651186791,1.552323229912875e-12,0.9879524995475254,2.1487996490306493e-14,0.9084967320261439,9.766565163801219e-11,0.9793601651186791
mean_gpt2_seeds__base_only,sid_collisions,val_NDCG@20,18,18,18,-0.9793601651186791,1.552323229912875e-12,-0.9879524995475254,2.1487996490306493e-14,-0.9084967320261439,9.766565163801219e-11,0.9793601651186791
mean_gpt2_seeds__base_only,sid_icr,val_NDCG@20,18,18,18,0.9793601651186791,1.552323229912875e-12,0.9879524995475254,2.1487996490306493e-14,0.9084967320261439,9.766565163801219e-11,0.9793601651186791
mean_gpt2_seeds__base_only,sid_cur_total,val_NDCG@20,18,18,18,0.9793601651186791,1.552323229912875e-12,0.9879524995475254,2.1487996490306493e-14,0.9084967320261439,9.766565163801219e-11,0.9793601651186791
mean_gpt2_seeds__base_only,rqvae_train_loss,val_NDCG@20,18,18,18,-0.977296181630547,3.3060534468874615e-12,-0.9080115232529402,1.9253698473533238e-07,-0.9084967320261439,9.766565163801219e-11,0.977296181630547
mean_gpt2_seeds__base_only,sid_path_avg_similarity,val_NDCG@20,18,18,18,0.977296181630547,3.3060534468874615e-12,0.9206334089016902,6.157749784792285e-08,0.9084967320261439,9.766565163801219e-11,0.977296181630547
mean_gpt2_seeds__base_only,rq_val_entropy_l3,val_NDCG@20,18,18,18,0.977296181630547,3.3060534468874615e-12,0.768125220811692,0.00019691378036307952,0.8954248366013072,2.9624262612210877e-10,0.977296181630547
mean_gpt2_seeds__base_only,rq_val_sids_num_l0,val_NDCG@20,18,15,18,0.9767233916820893,4.028050767424417e-12,0.9214797726424604,5.667014792405881e-08,0.9073643615771244,1.922236375411204e-07,0.9767233916820893
mean_gpt2_seeds__base_only,rq_val_sids_num_min,val_NDCG@20,18,15,18,0.9767233916820893,4.028050767424417e-12,0.9214797726424604,5.667014792405881e-08,0.9073643615771244,1.922236375411204e-07,0.9767233916820893
mean_gpt2_seeds__base_only,rqvae_best_val_loss,val_NDCG@20,18,15,18,-0.975711766975967,5.643186327836959e-12,-0.9159368840068969,9.607245590015121e-08,-0.8977337722988514,2.4368717508701967e-07,0.975711766975967
mean_gpt2_seeds__base_only,rq_val_entropy_l1,val_NDCG@20,18,18,18,0.9711042311661506,2.2322196490619925e-11,0.986820499428461,4.392122902394026e-14,0.8954248366013072,2.9624262612210877e-10,0.9711042311661506
mean_gpt2_seeds__base_only,rq_train_entropy_l0,val_NDCG@20,18,18,18,0.9669762641898865,6.412439256727504e-11,0.9925355406247512,4.733958339583503e-16,0.8823529411764707,8.282412498439187e-10,0.9669762641898865
mean_gpt2_seeds__base_only,rq_train_entropy_min,val_NDCG@20,18,18,18,0.9669762641898865,6.412439256727504e-11,0.9927379283201039,3.8018597828715766e-16,0.8823529411764707,8.282412498439187e-10,0.9669762641898865
mean_gpt2_seeds__base_only,rq_val_sids_num_l3,val_NDCG@20,18,18,18,0.9669762641898865,6.412439256727504e-11,0.9512250126161916,1.381483351405482e-09,0.8823529411764707,8.282412498439187e-10,0.9669762641898865
mean_gpt2_seeds__base_only,rq_train_entropy_mean,val_NDCG@20,18,18,18,0.9649122807017543,1.0347287642285863e-10,0.9811193005592997,7.653733208735756e-13,0.8823529411764707,8.282412498439187e-10,0.9649122807017543
mean_gpt2_seeds__base_only,rq_train_entropy_sum,val_NDCG@20,18,18,18,0.9649122807017543,1.0347287642285863e-10,0.9811193005592997,7.653733208735756e-13,0.8823529411764707,8.282412498439187e-10,0.9649122807017543
mean_gpt2_seeds__base_only,rq_val_entropy_l2,val_NDCG@20,18,18,18,0.9649122807017543,1.0347287642285863e-10,0.900648193641481,3.48095949947201e-07,0.8692810457516341,2.158258582693712e-09,0.9649122807017543
mean_gpt2_seeds__base_only,rq_val_sids_num_l2,val_NDCG@20,18,17,18,0.964378032491486,1.165725129187239e-10,0.9827380615932197,3.7553352631453957e-13,0.8786932474905078,3.7891405639502175e-07,0.964378032491486
mean_gpt2_seeds__base_only,rq_val_sids_num_max,val_NDCG@20,18,16,18,0.9628104311152583,1.6370876045655508e-10,0.9575273032284892,4.659342687284985e-10,0.8750189367296831,4.5357460198829805e-07,0.9628104311152583
mean_gpt2_seeds__base_only,rqvae_val_loss,val_NDCG@20,18,18,18,-0.9607843137254902,2.4865670345238e-10,-0.9082681852313662,1.8843733506916522e-07,-0.8692810457516341,2.158258582693712e-09,0.9607843137254902
mean_gpt2_seeds__base_only,rqvae_total_loss,val_NDCG@20,18,18,18,-0.9525283797729618,1.1169590316176146e-09,-0.8891651745771819,8.044357255090797e-07,-0.8431372549019609,1.2272689725953054e-08,0.9525283797729618
mean_gpt2_seeds__base_only,rq_train_entropy_l3,val_NDCG@20,18,18,18,0.9525283797729618,1.1169590316176146e-09,0.9020741062892931,3.115162749983746e-07,0.8431372549019609,1.2272689725953054e-08,0.9525283797729618
mean_gpt2_seeds__base_only,rq_train_entropy_max,val_NDCG@20,18,18,18,0.9525283797729618,1.1169590316176146e-09,0.9020741062892931,3.115162749983746e-07,0.8431372549019609,1.2272689725953054e-08,0.9525283797729618
mean_gpt2_seeds__base_only,rq_val_sids_num_l1,val_NDCG@20,18,15,18,0.9447039777712222,3.6924667186085904e-09,0.9463628783235188,2.909254813316596e-09,0.8317239361004065,1.7278874492607569e-06,0.9447039777712222
mean_gpt2_seeds__base_only,rq_train_entropy_l2,val_NDCG@20,18,18,18,0.933952528379773,1.4781482308613607e-08,0.9427261873505777,4.860476526261388e-09,0.7908496732026145,2.2949122458838576e-07,0.933952528379773
mean_gpt2_seeds__base_only,sid_max_cluster_size,val_NDCG@20,18,18,18,-0.9215686274509803,5.617518611953259e-08,-0.4154313540504842,0.08644070545156782,-0.7647058823529412,8.041769435285658e-07,0.9215686274509803
mean_gpt2_seeds__base_only,rq_train_entropy_l1,val_NDCG@20,18,18,18,0.8823529411764706,1.2678715297879369e-06,0.9785622622921718,2.097377280585414e-12,0.7254901960784316,4.304368320665909e-06,0.8823529411764706
mean_gpt2_seeds__base_only,rq_train_entropy_std,val_NDCG@20,18,18,18,-0.7750257997936018,0.00015833782693194364,-0.9191432066690887,7.111653800835264e-08,-0.6339869281045752,0.00010483725733996005,0.7750257997936018
mean_gpt2_seeds__base_only,rq_val_entropy_std,val_NDCG@20,18,18,18,-0.6491228070175438,0.003558373943300945,-0.7886227601186854,0.00010072651081416527,-0.4901960784313726,0.003934978451529695,0.6491228070175438
mean_gpt2_seeds__base_only,rq_train_sids_num_l3,val_NDCG@20,18,10,18,0.39359763702265277,0.10608890290877712,0.48455330286686427,0.04155978391621923,0.4260261028643312,0.020483065860873683,0.39359763702265277
mean_gpt2_seeds__base_only,rq_train_sids_num_max,val_NDCG@20,18,10,18,0.39359763702265277,0.10608890290877712,0.48455330286686427,0.04155978391621923,0.4260261028643312,0.020483065860873683,0.39359763702265277
mean_gpt2_seeds__base_only,rq_train_sids_num_l1,val_NDCG@20,18,9,18,0.3805916715393539,0.11920830190324407,0.5052475608028061,0.032452085958613014,0.390327035896239,0.034357567665140906,0.3805916715393539
mean_gpt2_seeds__base_only,rq_train_sids_num_l2,val_NDCG@20,18,10,18,0.3803674643496224,0.1194440604635608,0.5323723332135935,0.022941743425938278,0.3961295342422729,0.03118090058532543,0.3803674643496224
mean_gpt2_seeds__base_only,rq_val_sids_num_std,val_NDCG@20,18,17,18,0.37687150092012034,0.12316286567980907,0.31101726444149025,0.20902707691307276,0.31475579014585353,0.06884504460752021,0.37687150092012034
mean_gpt2_seeds__base_only,rq_train_sids_num_std,val_NDCG@20,18,16,18,0.18510897916492894,0.4621193811833184,0.09310493078220779,0.7132817230159236,0.11881770515720093,0.4942283703434489,0.18510897916492894
mean_gpt2_seeds__base_only,rq_train_sids_num_mean,val_NDCG@20,18,16,18,0.13547081715422174,0.5919770839437616,0.441911519469185,0.06633879387540718,0.3036452465128468,0.08064160394475747,0.13547081715422174
mean_gpt2_seeds__base_only,rq_train_sids_num_sum,val_NDCG@20,18,16,18,0.13547081715422174,0.5919770839437616,0.441911519469185,0.06633879387540718,0.3036452465128468,0.08064160394475747,0.13547081715422174
mean_gpt2_seeds__base_only,rq_train_sids_num_l0,val_NDCG@20,18,16,18,0.12926604690288332,0.6092036293162493,0.18537786318147403,0.4614577262117237,0.2772413120334688,0.11069781228433255,0.12926604690288332
mean_gpt2_seeds__base_only,rq_train_sids_num_min,val_NDCG@20,18,16,18,0.12926604690288332,0.6092036293162493,0.18537786318147403,0.4614577262117237,0.2772413120334688,0.11069781228433255,0.12926604690288332
mean_gpt2_seeds__base_only,rq_val_entropy_mean,val_NDCG@5,18,18,18,0.9855521155830752,9.124170334062525e-14,0.940481990016614,6.563126083522403e-09,0.934640522875817,7.811165404989973e-12,0.9855521155830752
mean_gpt2_seeds__base_only,rq_val_entropy_sum,val_NDCG@5,18,18,18,0.9855521155830752,9.124170334062525e-14,0.9404819900166136,6.563126083522788e-09,0.934640522875817,7.811165404989973e-12,0.9855521155830752
mean_gpt2_seeds__base_only,rq_val_entropy_max,val_NDCG@5,18,18,18,0.9834881320949431,2.6382891204281573e-13,0.7830967978501128,0.00012151473461308768,0.9215686274509804,2.9255087036301376e-11,0.9834881320949431
mean_gpt2_seeds__base_only,rq_val_sids_num_mean,val_NDCG@5,18,18,18,0.981424148606811,6.725639702470495e-13,0.9866396475260247,4.895313276823777e-14,0.9084967320261439,9.766565163801219e-11,0.981424148606811
mean_gpt2_seeds__base_only,rq_val_sids_num_sum,val_NDCG@5,18,18,18,0.981424148606811,6.725639702470495e-13,0.9866396475260247,4.895313276823777e-14,0.9084967320261439,9.766565163801219e-11,0.981424148606811
mean_gpt2_seeds__base_only,rq_val_entropy_l0,val_NDCG@5,18,16,18,0.9813878280866903,6.830787331640356e-13,0.9789694336446072,1.8013896657354999e-12,0.9109357395385405,1.59772588480229e-07,0.9813878280866903
mean_gpt2_seeds__base_only,rq_val_entropy_min,val_NDCG@5,18,16,18,0.9813878280866903,6.830787331640356e-13,0.9801957005319749,1.1182699737260037e-12,0.9109357395385405,1.59772588480229e-07,0.9813878280866903
mean_gpt2_seeds__base_only,rqvae_train_loss,val_NDCG@5,18,18,18,-0.9752321981424149,6.588737187082592e-12,-0.8896140645742451,7.798778239634135e-07,-0.8954248366013072,2.9624262612210877e-10,0.9752321981424149
mean_gpt2_seeds__base_only,rq_val_entropy_l1,val_NDCG@5,18,18,18,0.9752321981424149,6.588737187082592e-12,0.9834652005819461,2.6675526107808774e-13,0.9084967320261439,9.766565163801219e-11,0.9752321981424149
mean_gpt2_seeds__base_only,rq_val_entropy_l3,val_NDCG@5,18,18,18,0.9752321981424149,6.588737187082592e-12,0.7454293290039828,0.0003843260149062255,0.8823529411764707,8.282412498439187e-10,0.9752321981424149
mean_gpt2_seeds__base_only,rq_val_sids_num_l0,val_NDCG@5,18,15,18,0.9725847332427586,1.4724021850026523e-11,0.9344662450149277,1.3909200346941072e-08,0.8941181665176043,2.886752513513523e-07,0.9725847332427586
mean_gpt2_seeds__base_only,rq_val_sids_num_min,val_NDCG@5,18,15,18,0.9725847332427586,1.4724021850026523e-11,0.9344662450149277,1.3909200346941072e-08,0.8941181665176043,2.886752513513523e-07,0.9725847332427586
mean_gpt2_seeds__base_only,rq_val_sids_num_max,val_NDCG@5,18,16,18,0.971074898335132,2.2502042272626102e-11,0.9440222791969233,4.0639147810827245e-09,0.8881771162293777,3.0417461607474676e-07,0.971074898335132
mean_gpt2_seeds__base_only,sid_unique_total,val_NDCG@5,18,18,18,0.9690402476780186,3.851406014182882e-11,0.980065305698494,1.1780664705951116e-12,0.8954248366013072,2.9624262612210877e-10,0.9690402476780186
mean_gpt2_seeds__base_only,sid_collisions,val_NDCG@5,18,18,18,-0.9690402476780186,3.851406014182882e-11,-0.980065305698494,1.1780664705951116e-12,-0.8954248366013072,2.9624262612210877e-10,0.9690402476780186
mean_gpt2_seeds__base_only,sid_icr,val_NDCG@5,18,18,18,0.9690402476780186,3.851406014182882e-11,0.9800653056984938,1.1780664705952162e-12,0.8954248366013072,2.9624262612210877e-10,0.9690402476780186
mean_gpt2_seeds__base_only,sid_cur_total,val_NDCG@5,18,18,18,0.9690402476780186,3.851406014182882e-11,0.980065305698494,1.1780664705951116e-12,0.8954248366013072,2.9624262612210877e-10,0.9690402476780186
mean_gpt2_seeds__base_only,rqvae_best_val_loss,val_NDCG@5,18,15,18,-0.967443023188035,5.730670970239424e-11,-0.8988412430670898,3.997375340990972e-07,-0.8845318050591624,3.6459634269793417e-07,0.967443023188035
mean_gpt2_seeds__base_only,sid_path_avg_similarity,val_NDCG@5,18,18,18,0.9669762641898865,6.412439256727504e-11,0.9044253504486356,2.584340938043295e-07,0.8954248366013072,2.9624262612210877e-10,0.9669762641898865
mean_gpt2_seeds__base_only,rq_val_sids_num_l3,val_NDCG@5,18,18,18,0.9649122807017543,1.0347287642285863e-10,0.9369227388829464,1.0326977256261518e-08,0.8692810457516341,2.158258582693712e-09,0.9649122807017543
mean_gpt2_seeds__base_only,rq_val_sids_num_l2,val_NDCG@5,18,17,18,0.9623129831713757,1.8178341421864716e-10,0.9842230405344228,1.8371254405440056e-13,0.8655784229010972,5.63141282719282e-07,0.9623129831713757
mean_gpt2_seeds__base_only,rq_train_entropy_l0,val_NDCG@5,18,18,18,0.9607843137254902,2.4865670345238e-10,0.9883351513751908,1.6617769049743086e-14,0.8692810457516341,2.158258582693712e-09,0.9607843137254902
mean_gpt2_seeds__base_only,rq_train_entropy_min,val_NDCG@5,18,18,18,0.9607843137254902,2.4865670345238e-10,0.9885860388168811,1.397563626314092e-14,0.8692810457516341,2.158258582693712e-09,0.9607843137254902
mean_gpt2_seeds__base_only,rq_train_entropy_mean,val_NDCG@5,18,18,18,0.9587203302373581,3.723709451215546e-10,0.9746845273881533,7.835074285056635e-12,0.8692810457516341,2.158258582693712e-09,0.9587203302373581
mean_gpt2_seeds__base_only,rq_train_entropy_sum,val_NDCG@5,18,18,18,0.9587203302373581,3.723709451215546e-10,0.9746845273881534,7.835074285056093e-12,0.8692810457516341,2.158258582693712e-09,0.9587203302373581
mean_gpt2_seeds__base_only,rq_val_entropy_l2,val_NDCG@5,18,18,18,0.9587203302373581,3.723709451215546e-10,0.8844394675091416,1.1062749311959146e-06,0.8562091503267976,5.288434189604998e-09,0.9587203302373581
mean_gpt2_seeds__base_only,rq_train_entropy_l3,val_NDCG@5,18,18,18,0.9566563467492261,5.46578066361063e-10,0.8847495009673527,1.083849373141382e-06,0.8562091503267976,5.288434189604998e-09,0.9566563467492261
mean_gpt2_seeds__base_only,rq_train_entropy_max,val_NDCG@5,18,18,18,0.9566563467492261,5.46578066361063e-10,0.8847495009673527,1.083849373141382e-06,0.8562091503267976,5.288434189604998e-09,0.9566563467492261
mean_gpt2_seeds__base_only,rqvae_val_loss,val_NDCG@5,18,18,18,-0.9504643962848297,1.5597650189845142e-09,-0.8898417350251737,7.676715665685039e-07,-0.8562091503267976,5.288434189604998e-09,0.9504643962848297
mean_gpt2_seeds__base_only,rq_val_sids_num_l1,val_NDCG@5,18,15,18,0.9498719426386797,1.7121795563375566e-09,0.9581174490457317,4.1737109321342713e-10,0.8449259033400955,1.180912727164758e-06,0.9498719426386797
mean_gpt2_seeds__base_only,rqvae_total_loss,val_NDCG@5,18,18,18,-0.9463364293085655,2.9205055771851396e-09,-0.8686961395524855,2.9188155518123305e-06,-0.8300653594771243,2.7133502663954042e-08,0.9463364293085655
mean_gpt2_seeds__base_only,rq_train_entropy_l2,val_NDCG@5,18,18,18,0.9380804953560371,8.9374943982642e-09,0.9321038450303187,1.8325742456398943e-08,0.803921568627451,1.1687968125486227e-07,0.9380804953560371
mean_gpt2_seeds__base_only,sid_max_cluster_size,val_NDCG@5,18,18,18,-0.9174406604747163,8.355803529821193e-08,-0.39481364396053376,0.10491746408645991,-0.7516339869281047,1.4423930789510103e-06,0.9174406604747163
mean_gpt2_seeds__base_only,rq_train_entropy_l1,val_NDCG@5,18,18,18,0.8802889576883385,1.4473368008429358e-06,0.9796402020669461,1.3928414924850462e-12,0.7124183006535948,7.1861599239103575e-06,0.8802889576883385
mean_gpt2_seeds__base_only,rq_train_entropy_std,val_NDCG@5,18,18,18,-0.7688338493292053,0.0001926187299802615,-0.930946206098436,2.0902162939069383e-08,-0.6209150326797386,0.0001549082772801415,0.7688338493292053
mean_gpt2_seeds__base_only,rq_val_entropy_std,val_NDCG@5,18,18,18,-0.6408668730650156,0.0041595509943915246,-0.8084514624471204,4.8987739564835646e-05,-0.47712418300653603,0.005139059506065925,0.6408668730650156
mean_gpt2_seeds__base_only,rq_train_sids_num_l3,val_NDCG@5,18,10,18,0.39359763702265277,0.10608890290877712,0.4823993919071845,0.042609438253361276,0.4260261028643312,0.020483065860873683,0.39359763702265277
mean_gpt2_seeds__base_only,rq_train_sids_num_max,val_NDCG@5,18,10,18,0.39359763702265277,0.10608890290877712,0.4823993919071845,0.042609438253361276,0.4260261028643312,0.020483065860873683,0.39359763702265277
mean_gpt2_seeds__base_only,rq_val_sids_num_std,val_NDCG@5,18,17,18,0.39339189548100234,0.1062880251938859,0.2678211177795438,0.28260823455969786,0.32787061473526413,0.05805993653705121,0.39339189548100234
mean_gpt2_seeds__base_only,rq_train_sids_num_l1,val_NDCG@5,18,9,18,0.3805916715393539,0.11920830190324407,0.5360317989603282,0.021847245016786258,0.390327035896239,0.034357567665140906,0.3805916715393539
mean_gpt2_seeds__base_only,rq_train_sids_num_l2,val_NDCG@5,18,10,18,0.3803674643496224,0.1194440604635608,0.5530266168165753,0.017289463306011575,0.3961295342422729,0.03118090058532543,0.3803674643496224
mean_gpt2_seeds__base_only,rq_train_sids_num_std,val_NDCG@5,18,16,18,0.1933820061667135,0.4419821723360732,0.049579635836762996,0.845105910073487,0.13201967239688991,0.44752091013046924,0.1933820061667135
mean_gpt2_seeds__base_only,rq_train_sids_num_mean,val_NDCG@5,18,16,18,0.12926604690288332,0.6092036293162493,0.468624410374488,0.04980746958585585,0.29044327927315783,0.09471773621506491,0.12926604690288332
mean_gpt2_seeds__base_only,rq_train_sids_num_sum,val_NDCG@5,18,16,18,0.12926604690288332,0.6092036293162493,0.468624410374488,0.04980746958585585,0.29044327927315783,0.09471773621506491,0.12926604690288332
mean_gpt2_seeds__base_only,rq_train_sids_num_l0,val_NDCG@5,18,16,18,0.12306127665154495,0.6266280196031486,0.220475678997788,0.3793275315746574,0.26403934479377983,0.12873504895794796,0.12306127665154495
mean_gpt2_seeds__base_only,rq_train_sids_num_min,val_NDCG@5,18,16,18,0.12306127665154495,0.6266280196031486,0.220475678997788,0.3793275315746574,0.26403934479377983,0.12873504895794796,0.12306127665154495
mean_gpt2_seeds__base_only,rq_val_entropy_l1,val_Recall@1,18,18,17,0.988126099672754,1.9142701284741837e-14,0.9772429452496093,3.368018494405197e-12,0.93115254584815,7.345996522884086e-08,0.988126099672754
mean_gpt2_seeds__base_only,rq_val_entropy_mean,val_Recall@1,18,18,17,0.9778008530722025,2.7662864587070246e-12,0.9181599628150573,7.808916724793698e-08,0.9049228966693289,1.6870819465113315e-07,0.9778008530722025
mean_gpt2_seeds__base_only,rq_val_entropy_sum,val_Recall@1,18,18,17,0.9778008530722025,2.7662864587070246e-12,0.918159962815057,7.80891672479386e-08,0.9049228966693289,1.6870819465113315e-07,0.9778008530722025
mean_gpt2_seeds__base_only,rq_val_entropy_max,val_Recall@1,18,18,17,0.9726382297719272,1.4498173098716688e-11,0.7457574048404736,0.00038081450176444547,0.8918080720799183,2.535406700705742e-07,0.9726382297719272
mean_gpt2_seeds__base_only,rq_train_entropy_l3,val_Recall@1,18,18,17,0.9705731804518168,2.5780022103351022e-11,0.8545111784162952,6.328654523807921e-06,0.9049228966693289,1.6870819465113315e-07,0.9705731804518168
mean_gpt2_seeds__base_only,rq_train_entropy_max,val_Recall@1,18,18,17,0.9705731804518168,2.5780022103351022e-11,0.8545111784162952,6.328654523807921e-06,0.9049228966693289,1.6870819465113315e-07,0.9705731804518168
mean_gpt2_seeds__base_only,rq_val_sids_num_max,val_Recall@1,18,16,17,0.9705427652642175,2.5991472427583752e-11,0.9215690282798922,5.6172961835771585e-08,0.8844932658871919,3.6468840191055517e-07,0.9705427652642175
mean_gpt2_seeds__base_only,rq_val_sids_num_mean,val_Recall@1,18,18,17,0.9685081311317065,4.4065495835229435e-11,0.9877850832868479,2.3983748386815417e-14,0.8786932474905077,3.7891405639502175e-07,0.9685081311317065
mean_gpt2_seeds__base_only,rq_val_sids_num_sum,val_Recall@1,18,18,17,0.9685081311317065,4.4065495835229435e-11,0.9877850832868479,2.3983748386815417e-14,0.8786932474905077,3.7891405639502175e-07,0.9685081311317065
mean_gpt2_seeds__base_only,rq_val_entropy_l0,val_Recall@1,18,16,17,0.9663746765181599,7.394713019822172e-11,0.9620663000863168,1.9137413581152684e-10,0.8808140174482543,4.3126540306870133e-07,0.9663746765181599
mean_gpt2_seeds__base_only,rq_val_entropy_min,val_Recall@1,18,16,17,0.9663746765181599,7.394713019822172e-11,0.9652870062392805,9.506827773211295e-11,0.8808140174482543,4.3126540306870133e-07,0.9663746765181599
mean_gpt2_seeds__base_only,sid_unique_total,val_Recall@1,18,18,17,0.9654105571515412,9.243084847033027e-11,0.959955470043831,2.931762785008584e-10,0.8918080720799183,2.535406700705742e-07,0.9654105571515412
mean_gpt2_seeds__base_only,sid_collisions,val_Recall@1,18,18,17,-0.9654105571515412,9.243084847033027e-11,-0.959955470043831,2.931762785008584e-10,-0.8918080720799183,2.535406700705742e-07,0.9654105571515412
mean_gpt2_seeds__base_only,sid_icr,val_Recall@1,18,18,17,0.9654105571515412,9.243084847033027e-11,0.9599554700438309,2.931762785008584e-10,0.8918080720799183,2.535406700705742e-07,0.9654105571515412
mean_gpt2_seeds__base_only,sid_cur_total,val_Recall@1,18,18,17,0.9654105571515412,9.243084847033027e-11,0.959955470043831,2.931762785008584e-10,0.8918080720799183,2.535406700705742e-07,0.9654105571515412
mean_gpt2_seeds__base_only,rq_val_sids_num_l1,val_Recall@1,18,15,17,0.9648402263530447,1.0516111619022051e-10,0.9760162970176482,5.106255019018201e-12,0.8741913556629289,5.325611418355545e-07,0.9648402263530447
mean_gpt2_seeds__base_only,rq_val_entropy_l2,val_Recall@1,18,18,17,0.9612804585113208,2.2492851318209893e-10,0.8555303379051106,6.002762392013742e-06,0.8524635983116866,8.322994186769189e-07,0.9612804585113208
mean_gpt2_seeds__base_only,rq_val_entropy_l3,val_Recall@1,18,18,17,0.9602479338512656,2.7673405775545696e-10,0.7062200341218299,0.001053984302032076,0.8524635983116866,8.322994186769189e-07,0.9602479338512656
mean_gpt2_seeds__base_only,rq_train_entropy_l2,val_Recall@1,18,18,17,0.9581828845311553,4.1226825532067166e-10,0.9107007687906723,1.5317995948740723e-07,0.8524635983116866,8.322994186769189e-07,0.9581828845311553
mean_gpt2_seeds__base_only,rq_val_sids_num_l0,val_Recall@1,18,15,17,0.9570413886690207,5.095415261604004e-10,0.9452607733742063,3.411335102070926e-09,0.8638302814848373,7.64779040927452e-07,0.9570413886690207
mean_gpt2_seeds__base_only,rq_val_sids_num_min,val_Recall@1,18,15,17,0.9570413886690207,5.095415261604004e-10,0.9452607733742063,3.411335102070926e-09,0.8638302814848373,7.64779040927452e-07,0.9570413886690207
mean_gpt2_seeds__base_only,rqvae_best_val_loss,val_Recall@1,18,15,17,-0.9565672126222575,5.554782949535599e-10,-0.869840410423869,2.731676322066231e-06,-0.8675686938776038,6.484193431686563e-07,0.9565672126222575
mean_gpt2_seeds__base_only,rqvae_train_loss,val_Recall@1,18,18,17,-0.9550853105509899,7.230918893671649e-10,-0.8584528944923542,5.146821418476241e-06,-0.839348773722276,1.2232901405571112e-06,0.9550853105509899
mean_gpt2_seeds__base_only,sid_path_avg_similarity,val_Recall@1,18,18,17,0.9550853105509899,7.230918893671649e-10,0.8732197298751574,2.2379572935220205e-06,0.8655784229010972,5.63141282719282e-07,0.9550853105509899
mean_gpt2_seeds__base_only,rqvae_val_loss,val_Recall@1,18,18,17,-0.9540527858909349,8.644466296126763e-10,-0.8601610103829908,4.696839645673412e-06,-0.8524635983116866,8.322994186769189e-07,0.9540527858909349
mean_gpt2_seeds__base_only,rq_train_entropy_l0,val_Recall@1,18,18,17,0.9519877365708246,1.2207793659078818e-09,0.9745893861617652,8.071349452149107e-12,0.839348773722276,1.2232901405571112e-06,0.9519877365708246
mean_gpt2_seeds__base_only,rq_train_entropy_mean,val_Recall@1,18,18,17,0.9519877365708246,1.2207793659078818e-09,0.9598215225538904,3.0098650090738915e-10,0.839348773722276,1.2232901405571112e-06,0.9519877365708246
mean_gpt2_seeds__base_only,rq_train_entropy_min,val_Recall@1,18,18,17,0.9519877365708246,1.2207793659078818e-09,0.9750599368737003,6.96061649362522e-12,0.839348773722276,1.2232901405571112e-06,0.9519877365708246
mean_gpt2_seeds__base_only,rq_train_entropy_sum,val_Recall@1,18,18,17,0.9519877365708246,1.2207793659078818e-09,0.9598215225538904,3.0098650090738915e-10,0.839348773722276,1.2232901405571112e-06,0.9519877365708246
mean_gpt2_seeds__base_only,rq_val_sids_num_l2,val_Recall@1,18,17,17,0.9483471074380168,2.1654857200924975e-09,0.9817877499595707,5.748408498194654e-13,0.8355263157894738,1.4546868052538282e-06,0.9483471074380168
mean_gpt2_seeds__base_only,rq_val_sids_num_l3,val_Recall@1,18,18,17,0.9478576379306042,2.3315677467479234e-09,0.9110327883508267,1.488420370687443e-07,0.839348773722276,1.2232901405571112e-06,0.9478576379306042
mean_gpt2_seeds__base_only,rqvae_total_loss,val_Recall@1,18,18,17,-0.9323697680297773,1.7774471937202545e-08,-0.8314042426870417,1.905869080566989e-05,-0.8000042999540443,3.756877788525519e-06,0.9323697680297773
mean_gpt2_seeds__base_only,sid_max_cluster_size,val_Recall@1,18,18,17,-0.9323697680297773,1.7774471937202545e-08,-0.362035145095618,0.13985281705006247,-0.813119124543455,2.59896800753136e-06,0.9323697680297773
mean_gpt2_seeds__base_only,rq_train_entropy_l1,val_Recall@1,18,18,17,0.8993289789080132,3.851857379564629e-07,0.978472114779032,2.1683680702550376e-12,0.7344301770069916,2.18253404649829e-05,0.8993289789080132
mean_gpt2_seeds__base_only,rq_train_entropy_std,val_Recall@1,18,18,17,-0.7341250332991933,0.0005230974237111765,-0.9404453446555828,6.59475257644792e-09,-0.5639374573446543,0.0011148231701320558,0.7341250332991933
mean_gpt2_seeds__base_only,rq_val_entropy_std,val_Recall@1,18,18,17,-0.62261237001324,0.005785877155026331,-0.8332474363216534,1.7561957295482983e-05,-0.44590403603995915,0.009950827924350881,0.62261237001324
mean_gpt2_seeds__base_only,rq_train_sids_num_l3,val_Recall@1,18,10,17,0.4147594798448298,0.08700253168670309,0.48334501425209564,0.04214615312756327,0.4199265192881244,0.022716809045587212,0.4147594798448298
mean_gpt2_seeds__base_only,rq_train_sids_num_max,val_Recall@1,18,10,17,0.4147594798448298,0.08700253168670309,0.48334501425209564,0.04214615312756327,0.4199265192881244,0.022716809045587212,0.4147594798448298
mean_gpt2_seeds__base_only,rq_val_sids_num_std,val_Recall@1,18,17,17,0.41115702479338845,0.09006034669612169,0.21060211424543648,0.40156389406034554,0.3486842105263158,0.04438938469922759,0.41115702479338845
mean_gpt2_seeds__base_only,rq_train_sids_num_l2,val_Recall@1,18,10,17,0.41034714495286356,0.09075838742280612,0.5889774565931066,0.010116827271348182,0.4199265192881244,0.022716809045587212,0.41034714495286356
mean_gpt2_seeds__base_only,rq_train_sids_num_l1,val_Recall@1,18,9,17,0.4028628860913653,0.097395864538497,0.5868775320083763,0.010455719461416742,0.384077961119596,0.037851037199591285,0.4028628860913653
mean_gpt2_seeds__base_only,rq_train_sids_num_std,val_Recall@1,18,16,17,0.20279382933357532,0.4196367500824124,-0.010124610557690775,0.9681951716396837,0.1655665446331305,0.3420537518208421,0.20279382933357532
mean_gpt2_seeds__base_only,rq_train_sids_num_mean,val_Recall@1,18,16,17,0.14795672242194527,0.5579414431982338,0.5114835783018855,0.030035454088429364,0.2582838096276836,0.13829250881740035,0.14795672242194527
mean_gpt2_seeds__base_only,rq_train_sids_num_sum,val_Recall@1,18,16,17,0.14795672242194527,0.5579414431982338,0.5114835783018855,0.030035454088429364,0.2582838096276836,0.13829250881740035,0.14795672242194527
mean_gpt2_seeds__base_only,rq_train_sids_num_l0,val_Recall@1,18,16,17,0.13864476087091374,0.583244041496205,0.27071139480873135,0.27724605679042247,0.23179316248638268,0.18346516688418169,0.13864476087091374
mean_gpt2_seeds__base_only,rq_train_sids_num_min,val_Recall@1,18,16,17,0.13864476087091374,0.583244041496205,0.27071139480873135,0.27724605679042247,0.23179316248638268,0.18346516688418169,0.13864476087091374
mean_gpt2_seeds__base_only,rq_val_entropy_mean,val_Recall@10,18,18,18,0.9917440660474718,1.0575341096645975e-15,0.9544748141981846,8.040066584071768e-10,0.9477124183006538,1.8102660876591437e-12,0.9917440660474718
mean_gpt2_seeds__base_only,rq_val_entropy_sum,val_Recall@10,18,18,18,0.9917440660474718,1.0575341096645975e-15,0.9544748141981844,8.040066584072384e-10,0.9477124183006538,1.8102660876591437e-12,0.9917440660474718
mean_gpt2_seeds__base_only,rq_val_sids_num_mean,val_Recall@10,18,18,18,0.9917440660474718,1.0575341096645975e-15,0.9816091724945202,6.211633833799858e-13,0.9477124183006538,1.8102660876591437e-12,0.9917440660474718
mean_gpt2_seeds__base_only,rq_val_sids_num_sum,val_Recall@10,18,18,18,0.9917440660474718,1.0575341096645975e-15,0.9816091724945202,6.211633833799858e-13,0.9477124183006538,1.8102660876591437e-12,0.9917440660474718
mean_gpt2_seeds__base_only,rq_val_entropy_l3,val_Recall@10,18,18,18,0.9855521155830752,9.124170334062525e-14,0.7735932074855263,0.00016577078693277446,0.9215686274509804,2.9255087036301376e-11,0.9855521155830752
mean_gpt2_seeds__base_only,rq_val_sids_num_l3,val_Recall@10,18,18,18,0.9855521155830752,9.124170334062525e-14,0.9550882602621907,7.227188287861095e-10,0.934640522875817,7.811165404989973e-12,0.9855521155830752
mean_gpt2_seeds__base_only,rq_val_entropy_l0,val_Recall@10,18,16,18,0.9855243415875825,9.264632039309216e-14,0.986522040264323,5.2489279948470674e-14,0.9241377067782294,1.0556066247589383e-07,0.9855243415875825
mean_gpt2_seeds__base_only,rq_val_entropy_min,val_Recall@10,18,16,18,0.9855243415875825,9.264632039309216e-14,0.9869403798676425,4.084040767647242e-14,0.9241377067782294,1.0556066247589383e-07,0.9855243415875825
mean_gpt2_seeds__base_only,rq_val_sids_num_l0,val_Recall@10,18,15,18,0.9850007085607512,1.229067411589903e-13,0.9152631417990791,1.0218590611144347e-07,0.9338567516961644,8.381119106456775e-08,0.9850007085607512
mean_gpt2_seeds__base_only,rq_val_sids_num_min,val_Recall@10,18,15,18,0.9850007085607512,1.229067411589903e-13,0.9152631417990791,1.0218590611144347e-07,0.9338567516961644,8.381119106456775e-08,0.9850007085607512
mean_gpt2_seeds__base_only,rq_val_entropy_max,val_Recall@10,18,18,18,0.981424148606811,6.725639702470495e-13,0.8110226561649735,4.435062886653021e-05,0.9084967320261439,9.766565163801219e-11,0.981424148606811
mean_gpt2_seeds__base_only,sid_unique_total,val_Recall@10,18,18,18,0.9793601651186791,1.552323229912875e-12,0.9882820767893461,1.7229512309545317e-14,0.9084967320261439,9.766565163801219e-11,0.9793601651186791
mean_gpt2_seeds__base_only,sid_collisions,val_Recall@10,18,18,18,-0.9793601651186791,1.552323229912875e-12,-0.9882820767893461,1.7229512309545317e-14,-0.9084967320261439,9.766565163801219e-11,0.9793601651186791
mean_gpt2_seeds__base_only,sid_icr,val_Recall@10,18,18,18,0.9793601651186791,1.552323229912875e-12,0.9882820767893461,1.7229512309545317e-14,0.9084967320261439,9.766565163801219e-11,0.9793601651186791
mean_gpt2_seeds__base_only,sid_cur_total,val_Recall@10,18,18,18,0.9793601651186791,1.552323229912875e-12,0.9882820767893461,1.7229512309545317e-14,0.9084967320261439,9.766565163801219e-11,0.9793601651186791
mean_gpt2_seeds__base_only,rqvae_best_val_loss,val_Recall@10,18,15,18,-0.9777789529229499,2.7880025004794146e-12,-0.9192673695310689,7.027564156968229e-08,-0.9109357395385405,1.619673623666843e-07,0.9777789529229499
mean_gpt2_seeds__base_only,rqvae_train_loss,val_Recall@10,18,18,18,-0.9752321981424149,6.588737187082592e-12,-0.9118028700567427,1.3918774540823734e-07,-0.9084967320261439,9.766565163801219e-11,0.9752321981424149
mean_gpt2_seeds__base_only,sid_path_avg_similarity,val_Recall@10,18,18,18,0.9731682146542827,1.2418823458351716e-11,0.9233360252041504,4.707853536150079e-08,0.8823529411764707,8.282412498439187e-10,0.9731682146542827
mean_gpt2_seeds__base_only,rq_train_entropy_l0,val_Recall@10,18,18,18,0.9711042311661506,2.2322196490619925e-11,0.9921865797112973,6.815442679201889e-16,0.8823529411764707,8.282412498439187e-10,0.9711042311661506
mean_gpt2_seeds__base_only,rq_train_entropy_min,val_Recall@10,18,18,18,0.9711042311661506,2.2322196490619925e-11,0.9923477676635425,5.77149394486456e-16,0.8823529411764707,8.282412498439187e-10,0.9711042311661506
mean_gpt2_seeds__base_only,rqvae_val_loss,val_Recall@10,18,18,18,-0.9690402476780186,3.851406014182882e-11,-0.9122082529661475,1.3432693038086013e-07,-0.8954248366013072,2.9624262612210877e-10,0.9690402476780186
mean_gpt2_seeds__base_only,rq_val_sids_num_l2,val_Recall@10,18,17,18,0.9674756064716514,5.685533069772239e-11,0.9817000056230226,5.972098869594321e-13,0.8786932474905078,3.7891405639502175e-07,0.9674756064716514
mean_gpt2_seeds__base_only,rq_val_entropy_l2,val_Recall@10,18,18,18,0.9669762641898865,6.412439256727504e-11,0.9035292978086383,2.7765880014691675e-07,0.8692810457516341,2.158258582693712e-09,0.9669762641898865
mean_gpt2_seeds__base_only,rq_val_sids_num_max,val_Recall@10,18,16,18,0.9669426647251951,6.464134326827674e-11,0.9607018721818622,2.5280362027473537e-10,0.9013352957290721,2.0285056644762653e-07,0.9669426647251951
mean_gpt2_seeds__base_only,rq_train_entropy_mean,val_Recall@10,18,18,18,0.9649122807017543,1.0347287642285863e-10,0.9812706959917716,7.17972730869415e-13,0.8562091503267976,5.288434189604998e-09,0.9649122807017543
mean_gpt2_seeds__base_only,rq_train_entropy_sum,val_Recall@10,18,18,18,0.9649122807017543,1.0347287642285863e-10,0.9812706959917716,7.17972730869415e-13,0.8562091503267976,5.288434189604998e-09,0.9649122807017543
mean_gpt2_seeds__base_only,rq_val_entropy_l1,val_Recall@10,18,18,18,0.9649122807017543,1.0347287642285863e-10,0.9869370571158745,4.0923184428793996e-14,0.8692810457516341,2.158258582693712e-09,0.9649122807017543
mean_gpt2_seeds__base_only,rqvae_total_loss,val_Recall@10,18,18,18,-0.9525283797729618,1.1169590316176146e-09,-0.8932615683761388,6.03170644023723e-07,-0.8431372549019609,1.2272689725953054e-08,0.9525283797729618
mean_gpt2_seeds__base_only,rq_val_sids_num_l1,val_Recall@10,18,15,18,0.9436703847977307,4.268060007019099e-09,0.9435652573390605,4.330751169965516e-09,0.8317239361004065,1.7278874492607569e-06,0.9436703847977307
mean_gpt2_seeds__base_only,rq_train_entropy_l3,val_Recall@10,18,18,18,0.9401444788441692,6.859458095524686e-09,0.9053961819276108,2.389143313778163e-07,0.8169934640522877,5.743389669225629e-08,0.9401444788441692
mean_gpt2_seeds__base_only,rq_train_entropy_max,val_Recall@10,18,18,18,0.9401444788441692,6.859458095524686e-09,0.9053961819276108,2.389143313778163e-07,0.8169934640522877,5.743389669225629e-08,0.9401444788441692
mean_gpt2_seeds__base_only,sid_max_cluster_size,val_Recall@10,18,18,18,-0.9256965944272446,3.6936283769727216e-08,-0.42046648650171325,0.08231409684782476,-0.7908496732026145,2.2949122458838576e-07,0.9256965944272446
mean_gpt2_seeds__base_only,rq_train_entropy_l2,val_Recall@10,18,18,18,0.9195046439628484,6.869262739356818e-08,0.9435235389710392,4.3558501949275685e-09,0.7647058823529412,8.041769435285658e-07,0.9195046439628484
mean_gpt2_seeds__base_only,rq_train_entropy_l1,val_Recall@10,18,18,18,0.8844169246646028,1.107920999077685e-06,0.9769417955886199,3.737998763642327e-12,0.6993464052287582,1.1750697734293768e-05,0.8844169246646028
mean_gpt2_seeds__base_only,rq_train_entropy_std,val_Recall@10,18,18,18,-0.7688338493292053,0.0001926187299802615,-0.9141420593780584,1.1310618813110871e-07,-0.6339869281045752,0.00010483725733996005,0.7688338493292053
mean_gpt2_seeds__base_only,rq_val_entropy_std,val_Recall@10,18,18,18,-0.6594427244582043,0.0029088627228155838,-0.7817372140664186,0.00012715222868744198,-0.5163398692810458,0.002244139045296836,0.6594427244582043
mean_gpt2_seeds__base_only,rq_train_sids_num_l3,val_Recall@10,18,10,18,0.42226301114755177,0.08087719746875663,0.4837315766738553,0.0419578764334011,0.4409743871753604,0.01645378826958227,0.42226301114755177
mean_gpt2_seeds__base_only,rq_train_sids_num_max,val_Recall@10,18,10,18,0.42226301114755177,0.08087719746875663,0.4837315766738553,0.0419578764334011,0.4409743871753604,0.01645378826958227,0.42226301114755177
mean_gpt2_seeds__base_only,rq_train_sids_num_l1,val_Recall@10,18,9,18,0.40927394243797194,0.09168942280372233,0.49636237835820096,0.03615144999442474,0.4053396141999405,0.028004106959755106,0.40927394243797194
mean_gpt2_seeds__base_only,rq_train_sids_num_l2,val_Recall@10,18,10,18,0.39800769458032953,0.1018846403037601,0.5242406182022109,0.02552744282714385,0.38118124993124375,0.03813089845977622,0.39800769458032953
mean_gpt2_seeds__base_only,rq_val_sids_num_std,val_Recall@10,18,17,18,0.3975219941212229,0.10234171662387902,0.3268354786006549,0.1855683913677239,0.3672150885034958,0.03378113542110883,0.3975219941212229
mean_gpt2_seeds__base_only,rq_train_sids_num_std,val_Recall@10,18,16,18,0.17063118191180598,0.49843995154827425,0.10763667245508166,0.6707505824889413,0.09241377067782293,0.594941988301599,0.17063118191180598
mean_gpt2_seeds__base_only,rq_train_sids_num_l0,val_Recall@10,18,16,18,0.16856292516135987,0.5037377857080709,0.17360013894418655,0.49088203651927687,0.3036452465128468,0.08064160394475747,0.16856292516135987
mean_gpt2_seeds__base_only,rq_train_sids_num_min,val_Recall@10,18,16,18,0.16856292516135987,0.5037377857080709,0.17360013894418655,0.49088203651927687,0.3036452465128468,0.08064160394475747,0.16856292516135987
mean_gpt2_seeds__base_only,rq_train_sids_num_mean,val_Recall@10,18,16,18,0.16235815491002148,0.519790512547925,0.43291349288771575,0.07273338771137329,0.2772413120334688,0.11069781228433255,0.16235815491002148
mean_gpt2_seeds__base_only,rq_train_sids_num_sum,val_Recall@10,18,16,18,0.16235815491002148,0.519790512547925,0.43291349288771575,0.07273338771137329,0.2772413120334688,0.11069781228433255,0.16235815491002148
mean_gpt2_seeds__base_only,sid_unique_total,val_Recall@20,18,18,18,0.9876160990712075,2.6756127071349497e-14,0.9923878912363823,5.534486425256455e-16,0.9215686274509804,2.9255087036301376e-11,0.9876160990712075
mean_gpt2_seeds__base_only,sid_collisions,val_Recall@20,18,18,18,-0.9876160990712075,2.6756127071349497e-14,-0.9923878912363823,5.534486425256455e-16,-0.9215686274509804,2.9255087036301376e-11,0.9876160990712075
mean_gpt2_seeds__base_only,sid_icr,val_Recall@20,18,18,18,0.9876160990712075,2.6756127071349497e-14,0.9923878912363823,5.534486425256455e-16,0.9215686274509804,2.9255087036301376e-11,0.9876160990712075
mean_gpt2_seeds__base_only,sid_cur_total,val_Recall@20,18,18,18,0.9876160990712075,2.6756127071349497e-14,0.9923878912363823,5.534486425256455e-16,0.9215686274509804,2.9255087036301376e-11,0.9876160990712075
mean_gpt2_seeds__base_only,rq_val_sids_num_l0,val_Recall@20,18,15,18,0.9850007085607512,1.229067411589903e-13,0.906985013551331,2.0971460430669807e-07,0.9471029467556845,5.4877759217393384e-08,0.9850007085607512
mean_gpt2_seeds__base_only,rq_val_sids_num_min,val_Recall@20,18,15,18,0.9850007085607512,1.229067411589903e-13,0.906985013551331,2.0971460430669807e-07,0.9471029467556845,5.4877759217393384e-08,0.9850007085607512
mean_gpt2_seeds__base_only,rq_val_entropy_mean,val_Recall@20,18,18,18,0.9834881320949431,2.6382891204281573e-13,0.9598494317369662,2.993443931132663e-10,0.9084967320261439,9.766565163801219e-11,0.9834881320949431
mean_gpt2_seeds__base_only,rq_val_entropy_sum,val_Recall@20,18,18,18,0.9834881320949431,2.6382891204281573e-13,0.9598494317369659,2.9934439311329233e-10,0.9084967320261439,9.766565163801219e-11,0.9834881320949431
mean_gpt2_seeds__base_only,rq_val_sids_num_mean,val_Recall@20,18,18,18,0.9834881320949431,2.6382891204281573e-13,0.976568963899759,4.244813541232113e-12,0.9084967320261439,9.766565163801219e-11,0.9834881320949431
mean_gpt2_seeds__base_only,rq_val_sids_num_sum,val_Recall@20,18,18,18,0.9834881320949431,2.6382891204281573e-13,0.976568963899759,4.244813541232113e-12,0.9084967320261439,9.766565163801219e-11,0.9834881320949431
mean_gpt2_seeds__base_only,rqvae_best_val_loss,val_Recall@20,18,15,18,-0.981913324816916,5.441011526247981e-13,-0.9280173416388232,2.8869479200106315e-08,-0.9241377067782294,1.0705203858524413e-07,0.981913324816916
mean_gpt2_seeds__base_only,rqvae_train_loss,val_Recall@20,18,18,18,-0.9793601651186791,1.552323229912875e-12,-0.9212417215418286,5.8014871916988587e-08,-0.9215686274509804,2.9255087036301376e-11,0.9793601651186791
mean_gpt2_seeds__base_only,sid_path_avg_similarity,val_Recall@20,18,18,18,0.9793601651186791,1.552323229912875e-12,0.9325569969710263,1.739502504027143e-08,0.8954248366013072,2.9624262612210877e-10,0.9793601651186791
mean_gpt2_seeds__base_only,rq_val_entropy_l0,val_Recall@20,18,16,18,0.9793195713362443,1.576715667282105e-12,0.9889466666788107,1.0822213810556949e-14,0.9109357395385405,1.59772588480229e-07,0.9793195713362443
mean_gpt2_seeds__base_only,rq_val_entropy_min,val_Recall@20,18,16,18,0.9793195713362443,1.576715667282105e-12,0.9891319688820298,9.458634938025825e-15,0.9109357395385405,1.59772588480229e-07,0.9793195713362443
mean_gpt2_seeds__base_only,rq_train_entropy_l0,val_Recall@20,18,18,18,0.9752321981424149,6.588737187082592e-12,0.9933542252060502,1.8737510786357077e-16,0.8954248366013072,2.9624262612210877e-10,0.9752321981424149
mean_gpt2_seeds__base_only,rq_train_entropy_min,val_Recall@20,18,18,18,0.9752321981424149,6.588737187082592e-12,0.9934895062538054,1.59016291780866e-16,0.8954248366013072,2.9624262612210877e-10,0.9752321981424149
mean_gpt2_seeds__base_only,rq_val_entropy_max,val_Recall@20,18,18,18,0.9752321981424149,6.588737187082592e-12,0.8233252736230732,2.697583041183018e-05,0.8954248366013072,2.9624262612210877e-10,0.9752321981424149
mean_gpt2_seeds__base_only,rqvae_val_loss,val_Recall@20,18,18,18,-0.9731682146542827,1.2418823458351716e-11,-0.9213696257143957,5.7288959304356125e-08,-0.9084967320261439,9.766565163801219e-11,0.9731682146542827
mean_gpt2_seeds__base_only,rq_val_entropy_l1,val_Recall@20,18,18,18,0.9731682146542827,1.2418823458351716e-11,0.9861068847951356,6.682059988037917e-14,0.8823529411764707,8.282412498439187e-10,0.9731682146542827
mean_gpt2_seeds__base_only,rq_val_entropy_l3,val_Recall@20,18,18,18,0.9711042311661506,2.2322196490619925e-11,0.7861438917765895,0.00010964422003616619,0.8823529411764707,8.282412498439187e-10,0.9711042311661506
mean_gpt2_seeds__base_only,rq_val_sids_num_l3,val_Recall@20,18,18,18,0.9711042311661506,2.2322196490619925e-11,0.9607944983294543,2.481485400264788e-10,0.8954248366013072,2.9624262612210877e-10,0.9711042311661506
mean_gpt2_seeds__base_only,rq_train_entropy_mean,val_Recall@20,18,18,18,0.9690402476780186,3.851406014182882e-11,0.983845751297856,2.2168347284679773e-13,0.8692810457516341,2.158258582693712e-09,0.9690402476780186
mean_gpt2_seeds__base_only,rq_train_entropy_sum,val_Recall@20,18,18,18,0.9690402476780186,3.851406014182882e-11,0.9838457512978561,2.2168347284679773e-13,0.8692810457516341,2.158258582693712e-09,0.9690402476780186
mean_gpt2_seeds__base_only,rq_val_sids_num_max,val_Recall@20,18,16,18,0.9638434895177427,1.3110280161512071e-10,0.9660205114179863,8.032283042240457e-11,0.8881771162293777,3.0417461607474676e-07,0.9638434895177427
mean_gpt2_seeds__base_only,rq_val_entropy_l2,val_Recall@20,18,18,18,0.9628482972136224,1.62399434830459e-10,0.9123391184792445,1.3278946675247496e-07,0.8562091503267976,5.288434189604998e-09,0.9628482972136224
mean_gpt2_seeds__base_only,rq_val_sids_num_l1,val_Recall@20,18,15,18,0.9571070934531202,5.034448340396351e-10,0.9319321063406056,1.8689597156622352e-08,0.8713298378194734,5.424607931001405e-07,0.9571070934531202
mean_gpt2_seeds__base_only,rqvae_total_loss,val_Recall@20,18,18,18,-0.9566563467492261,5.46578066361063e-10,-0.9051277809647105,2.441788790942168e-07,-0.8562091503267976,5.288434189604998e-09,0.9566563467492261
mean_gpt2_seeds__base_only,rq_train_entropy_l3,val_Recall@20,18,18,18,0.9566563467492261,5.46578066361063e-10,0.9147475801560074,1.0708882846656454e-07,0.8562091503267976,5.288434189604998e-09,0.9566563467492261
mean_gpt2_seeds__base_only,rq_train_entropy_max,val_Recall@20,18,18,18,0.9566563467492261,5.46578066361063e-10,0.9147475801560074,1.0708882846656454e-07,0.8562091503267976,5.288434189604998e-09,0.9566563467492261
mean_gpt2_seeds__base_only,rq_val_sids_num_l2,val_Recall@20,18,17,18,0.9478576379306041,2.3315677467479652e-09,0.9780957701574496,2.487899792110073e-12,0.839348773722276,1.2232901405571112e-06,0.9478576379306041
mean_gpt2_seeds__base_only,rq_train_entropy_l2,val_Recall@20,18,18,18,0.9318885448916409,1.8782879349938028e-08,0.9495734000349746,1.7937748992242258e-09,0.7777777777777779,4.3609775379122777e-07,0.9318885448916409
mean_gpt2_seeds__base_only,sid_max_cluster_size,val_Recall@20,18,18,18,-0.9277605779153767,2.9679222772500766e-08,-0.4325451866609859,0.07300447494826892,-0.803921568627451,1.1687968125486227e-07,0.9277605779153767
mean_gpt2_seeds__base_only,rq_train_entropy_l1,val_Recall@20,18,18,18,0.9050567595459237,2.455885947367801e-07,0.9742551385405581,8.951441245889973e-12,0.7385620915032681,2.5215800485929758e-06,0.9050567595459237
mean_gpt2_seeds__base_only,rq_train_entropy_std,val_Recall@20,18,18,18,-0.7729618163054695,0.00016913916228325986,-0.9058168367710496,2.3086082888225335e-07,-0.6470588235294119,6.992118589945655e-05,0.7729618163054695
mean_gpt2_seeds__base_only,rq_val_entropy_std,val_Recall@20,18,18,18,-0.6615067079463364,0.0027914618317622228,-0.768117868622101,0.00019695876279171974,-0.5294117647058824,0.0016703127173002177,0.6615067079463364
mean_gpt2_seeds__base_only,rq_train_sids_num_l3,val_Recall@20,18,10,18,0.42226301114755177,0.08087719746875663,0.4846153502227304,0.041529842018206184,0.4409743871753604,0.01645378826958227,0.42226301114755177
mean_gpt2_seeds__base_only,rq_train_sids_num_max,val_Recall@20,18,10,18,0.42226301114755177,0.08087719746875663,0.4846153502227304,0.041529842018206184,0.4409743871753604,0.01645378826958227,0.42226301114755177
mean_gpt2_seeds__base_only,rq_train_sids_num_l1,val_Recall@20,18,9,18,0.40927394243797194,0.09168942280372233,0.4753962948105856,0.04616229354267094,0.4053396141999405,0.028004106959755106,0.40927394243797194
mean_gpt2_seeds__base_only,rq_train_sids_num_l2,val_Recall@20,18,10,18,0.39800769458032953,0.1018846403037601,0.5116349471001678,0.029978580008088052,0.38118124993124375,0.03813089845977622,0.39800769458032953
mean_gpt2_seeds__base_only,rq_val_sids_num_std,val_Recall@20,18,17,18,0.38719674752067157,0.11240973118679871,0.3479256203724392,0.15712370329022987,0.3541002639140852,0.040671369157608335,0.38719674752067157
mean_gpt2_seeds__base_only,rq_train_sids_num_l0,val_Recall@20,18,16,18,0.17269943866225215,0.4931690089186801,0.1537239619627308,0.542516932661999,0.31684721375253583,0.06831386315089874,0.17269943866225215
mean_gpt2_seeds__base_only,rq_train_sids_num_min,val_Recall@20,18,16,18,0.17269943866225215,0.4931690089186801,0.1537239619627308,0.542516932661999,0.31684721375253583,0.06831386315089874,0.17269943866225215
mean_gpt2_seeds__base_only,rq_train_sids_num_mean,val_Recall@20,18,16,18,0.16649466841091373,0.5090623008219879,0.4162698734122666,0.08574324188536753,0.29044327927315783,0.09471773621506491,0.16649466841091373
mean_gpt2_seeds__base_only,rq_train_sids_num_sum,val_Recall@20,18,16,18,0.16649466841091373,0.5090623008219879,0.4162698734122666,0.08574324188536753,0.29044327927315783,0.09471773621506491,0.16649466841091373
mean_gpt2_seeds__base_only,rq_train_sids_num_std,val_Recall@20,18,16,18,0.16442641166046762,0.5144132824973341,0.13106790946768393,0.6041803291478065,0.07921180343813396,0.6485821935696237,0.16442641166046762
mean_gpt2_seeds__base_only,rq_val_entropy_mean,val_Recall@5,18,18,17,0.9850285256925885,1.211055724666901e-13,0.9453964198881802,3.3457350834125238e-09,0.93115254584815,7.345996522884086e-08,0.9850285256925885
mean_gpt2_seeds__base_only,rq_val_entropy_sum,val_Recall@5,18,18,17,0.9850285256925885,1.211055724666901e-13,0.94539641988818,3.3457350834127355e-09,0.93115254584815,7.345996522884086e-08,0.9850285256925885
mean_gpt2_seeds__base_only,rq_val_sids_num_mean,val_Recall@5,18,18,17,0.9808984270523681,8.394231908097132e-13,0.9837920275369089,2.276122572183878e-13,0.9049228966693289,1.6870819465113315e-07,0.9808984270523681
mean_gpt2_seeds__base_only,rq_val_sids_num_sum,val_Recall@5,18,18,17,0.9808984270523681,8.394231908097132e-13,0.9837920275369089,2.276122572183878e-13,0.9049228966693289,1.6870819465113315e-07,0.9808984270523681
mean_gpt2_seeds__base_only,rq_val_sids_num_l2,val_Recall@5,18,17,17,0.9798553719008265,1.280209906423759e-12,0.9827680049246259,3.703884668064082e-13,0.9276315789473686,8.87304239837351e-08,0.9798553719008265
mean_gpt2_seeds__base_only,rq_val_entropy_l0,val_Recall@5,18,16,17,0.9798252876474276,1.295462883634924e-12,0.9815870705921357,6.271171733009762e-13,0.907304664589555,1.9229999459559977e-07,0.9798252876474276
mean_gpt2_seeds__base_only,rq_val_entropy_min,val_Recall@5,18,16,17,0.9798252876474276,1.295462883634924e-12,0.9822361628285546,4.715670322815552e-13,0.907304664589555,1.9229999459559977e-07,0.9798252876474276
mean_gpt2_seeds__base_only,rq_val_entropy_l3,val_Recall@5,18,18,17,0.9767683284121476,3.966818454428749e-12,0.7562145497369116,0.00028216410326362677,0.8918080720799183,2.535406700705742e-07,0.9767683284121476
mean_gpt2_seeds__base_only,rqvae_best_val_loss,val_Recall@5,18,15,17,-0.976215620232877,4.7794643780485915e-12,-0.9059568930157322,2.2823204989303874e-07,-0.907304664589555,1.9491169538335708e-07,0.976215620232877
mean_gpt2_seeds__base_only,sid_path_avg_similarity,val_Recall@5,18,18,17,0.9757358037520925,5.5990855835114615e-12,0.9122822489129709,1.3345571295781767e-07,0.9180377212587395,1.1163605374279142e-07,0.9757358037520925
mean_gpt2_seeds__base_only,sid_unique_total,val_Recall@5,18,18,17,0.9716057051118719,1.943556729874372e-11,0.9841647873890693,1.8917524334859457e-13,0.8918080720799183,2.535406700705742e-07,0.9716057051118719
mean_gpt2_seeds__base_only,sid_collisions,val_Recall@5,18,18,17,-0.9716057051118719,1.943556729874372e-11,-0.9841647873890693,1.8917524334859457e-13,-0.8918080720799183,2.535406700705742e-07,0.9716057051118719
mean_gpt2_seeds__base_only,sid_icr,val_Recall@5,18,18,17,0.9716057051118719,1.943556729874372e-11,0.9841647873890691,1.8917524334861554e-13,0.8918080720799183,2.535406700705742e-07,0.9716057051118719
mean_gpt2_seeds__base_only,sid_cur_total,val_Recall@5,18,18,17,0.9716057051118719,1.943556729874372e-11,0.9841647873890693,1.8917524334859457e-13,0.8918080720799183,2.535406700705742e-07,0.9716057051118719
mean_gpt2_seeds__base_only,rq_val_entropy_max,val_Recall@5,18,18,17,0.9705731804518168,2.5780022103351022e-11,0.7933077322929145,8.554384169624649e-05,0.8655784229010972,5.63141282719282e-07,0.9705731804518168
mean_gpt2_seeds__base_only,rq_val_sids_num_l0,val_Recall@5,18,15,17,0.9699813749949945,3.017543609297738e-11,0.9271057090436366,3.1834250793182754e-08,0.8904096747612938,3.464021886755541e-07,0.9699813749949945
mean_gpt2_seeds__base_only,rq_val_sids_num_min,val_Recall@5,18,15,17,0.9699813749949945,3.017543609297738e-11,0.9271057090436366,3.1834250793182754e-08,0.8904096747612938,3.464021886755541e-07,0.9699813749949945
mean_gpt2_seeds__base_only,rqvae_val_loss,val_Recall@5,18,18,17,-0.9674756064716515,5.685533069772077e-11,-0.8973921136442372,4.458101323418676e-07,-0.8786932474905077,3.7891405639502175e-07,0.9674756064716515
mean_gpt2_seeds__base_only,rq_val_sids_num_l3,val_Recall@5,18,18,17,0.9674756064716515,5.685533069772077e-11,0.9432326294795647,4.534411859720357e-09,0.8786932474905077,3.7891405639502175e-07,0.9674756064716515
mean_gpt2_seeds__base_only,rqvae_train_loss,val_Recall@5,18,18,17,-0.9664430818115962,7.276789729487312e-11,-0.8973365757779336,4.476634546202679e-07,-0.8918080720799183,2.535406700705742e-07,0.9664430818115962
mean_gpt2_seeds__base_only,rq_val_entropy_l2,val_Recall@5,18,18,17,0.964378032491486,1.165725129187239e-10,0.8916614691447527,6.75889775782712e-07,0.8786932474905077,3.7891405639502175e-07,0.964378032491486
mean_gpt2_seeds__base_only,rq_train_entropy_l0,val_Recall@5,18,18,17,0.9633455078314309,1.460341770415486e-10,0.9898861776210622,5.33294994607691e-15,0.8655784229010972,5.63141282719282e-07,0.9633455078314309
mean_gpt2_seeds__base_only,rq_train_entropy_min,val_Recall@5,18,18,17,0.9633455078314309,1.460341770415486e-10,0.9900731853653614,4.595978053937532e-15,0.8655784229010972,5.63141282719282e-07,0.9633455078314309
mean_gpt2_seeds__base_only,rq_train_entropy_mean,val_Recall@5,18,18,17,0.9612804585113208,2.2492851318209893e-10,0.977071052157791,3.5750703600278753e-12,0.8655784229010972,5.63141282719282e-07,0.9612804585113208
mean_gpt2_seeds__base_only,rq_train_entropy_sum,val_Recall@5,18,18,17,0.9612804585113208,2.2492851318209893e-10,0.9770710521577909,3.5750703600278753e-12,0.8655784229010972,5.63141282719282e-07,0.9612804585113208
mean_gpt2_seeds__base_only,rq_val_sids_num_max,val_Recall@5,18,16,17,0.956072479094144,6.072092579445261e-10,0.9491546570895821,1.9139126838002154e-09,0.8646911778449414,6.604548083394268e-07,0.956072479094144
mean_gpt2_seeds__base_only,rq_val_entropy_l1,val_Recall@5,18,18,17,0.9499226872507143,1.6986364445563026e-09,0.9835630770426993,2.544596051629724e-13,0.8524635983116866,8.322994186769189e-07,0.9499226872507143
mean_gpt2_seeds__base_only,rqvae_total_loss,val_Recall@5,18,18,17,-0.9488901625906593,1.9933505199963147e-09,-0.8784823677325383,1.6219703816119272e-06,-0.8262339491328655,1.788006843567457e-06,0.9488901625906593
mean_gpt2_seeds__base_only,sid_max_cluster_size,val_Recall@5,18,18,17,-0.937532391330053,9.573596426797582e-09,-0.40439978855048087,0.09600514053452931,-0.813119124543455,2.59896800753136e-06,0.937532391330053
mean_gpt2_seeds__base_only,rq_train_entropy_l3,val_Recall@5,18,18,17,0.930304718709667,2.2460829630146856e-08,0.8924008283952893,6.413998343135498e-07,0.8000042999540443,3.756877788525519e-06,0.930304718709667
mean_gpt2_seeds__base_only,rq_train_entropy_max,val_Recall@5,18,18,17,0.930304718709667,2.2460829630146856e-08,0.8924008283952893,6.413998343135498e-07,0.8000042999540443,3.756877788525519e-06,0.930304718709667
mean_gpt2_seeds__base_only,rq_val_sids_num_l1,val_Recall@5,18,15,17,0.925543411131806,3.7531425180163015e-08,0.9505207878035935,1.54589315646499e-09,0.7947194142390264,5.1554963456144155e-06,0.925543411131806
mean_gpt2_seeds__base_only,rq_train_entropy_l2,val_Recall@5,18,18,17,0.9230770460892811,4.8325753728938644e-08,0.9368131021322349,1.04677853377222e-08,0.7737746507752233,7.720975903460449e-06,0.9230770460892811
mean_gpt2_seeds__base_only,rq_train_entropy_l1,val_Recall@5,18,18,17,0.8724833377465799,2.3384305883229033e-06,0.9779388998898586,2.632766963629016e-12,0.6819708786493494,8.076797473974021e-05,0.8724833377465799
mean_gpt2_seeds__base_only,rq_train_entropy_std,val_Recall@5,18,18,17,-0.7712959210611778,0.00017830532691737126,-0.9246624495835107,4.11181889661471e-08,-0.6163967557022965,0.00036655573135431534,0.7712959210611778
mean_gpt2_seeds__base_only,rq_val_entropy_std,val_Recall@5,18,18,17,-0.6504905358347283,0.0034660293579385497,-0.7976952325807748,7.313221719352886e-05,-0.49836333439760144,0.00396701782394466,0.6504905358347283
mean_gpt2_seeds__base_only,rq_val_sids_num_std,val_Recall@5,18,17,17,0.39566115702479343,0.10410650955407476,0.28859494420496684,0.24546916719569578,0.3355263157894738,0.05304785347110531,0.39566115702479343
mean_gpt2_seeds__base_only,rq_train_sids_num_l3,val_Recall@5,18,10,17,0.39380088910799,0.10589245211432582,0.4818689697529826,0.042870999795761824,0.42742520713255516,0.020403415805646516,0.39380088910799
mean_gpt2_seeds__base_only,rq_train_sids_num_max,val_Recall@5,18,10,17,0.39380088910799,0.10589245211432582,0.4818689697529826,0.042870999795761824,0.42742520713255516,0.020403415805646516,0.39380088910799
mean_gpt2_seeds__base_only,rq_train_sids_num_l1,val_Recall@5,18,9,17,0.38078820740142744,0.11900191103092304,0.5190190667196506,0.027303933414958306,0.3916089015337057,0.0342446417563544,0.38078820740142744
mean_gpt2_seeds__base_only,rq_train_sids_num_l2,val_Recall@5,18,10,17,0.3805638844320911,0.11923750275769543,0.5408146110124599,0.020478973590457923,0.397430455754832,0.031074336163918276,0.3805638844320911
mean_gpt2_seeds__base_only,rq_train_sids_num_std,val_Recall@5,18,16,17,0.1883085558097485,0.45427712031167533,0.07042503154466531,0.7812563018356936,0.1390758974918296,0.4248143668107838,0.1883085558097485
mean_gpt2_seeds__base_only,rq_train_sids_num_mean,val_Recall@5,18,16,17,0.13140212410900035,0.6032504423491669,0.45400197256255115,0.05841642127298925,0.28477445676898444,0.10221727432745284,0.13140212410900035
mean_gpt2_seeds__base_only,rq_train_sids_num_sum,val_Recall@5,18,16,17,0.13140212410900035,0.6032504423491669,0.45400197256255115,0.05841642127298925,0.28477445676898444,0.10221727432745284,0.13140212410900035
mean_gpt2_seeds__base_only,rq_train_sids_num_l0,val_Recall@5,18,16,17,0.12519414974164597,0.6206165903291873,0.2030046933829982,0.41914310089765494,0.2582838096276836,0.13829250881740035,0.12519414974164597
mean_gpt2_seeds__base_only,rq_train_sids_num_min,val_Recall@5,18,16,17,0.12519414974164597,0.6206165903291873,0.2030046933829982,0.41914310089765494,0.2582838096276836,0.13829250881740035,0.12519414974164597
mean_gpt2_seeds__count,rq_val_entropy_std,gpt2_best_val_loss,17,17,17,0.8700980392156864,5.627451606306429e-06,0.9125764454268568,3.279020853048283e-07,0.7205882352941176,1.148789053319355e-05,0.8700980392156864
mean_gpt2_seeds__count,rq_train_entropy_std,gpt2_best_val_loss,17,17,17,0.8676470588235294,6.426473554233676e-06,0.9067435894856098,5.23095244177097e-07,0.7058823529411764,1.9425366308238382e-05,0.8676470588235294
mean_gpt2_seeds__count,rq_train_sids_num_l3,gpt2_best_val_loss,17,10,17,-0.8099789143164169,8.112754575029517e-05,-0.5372198641314567,0.02616033487133638,-0.6600983619844495,0.00047438827027930606,0.8099789143164169
mean_gpt2_seeds__count,rq_train_sids_num_max,gpt2_best_val_loss,17,10,17,-0.8099789143164169,8.112754575029517e-05,-0.5372198641314567,0.02616033487133638,-0.6600983619844495,0.00047438827027930606,0.8099789143164169
mean_gpt2_seeds__count,rq_train_sids_num_l2,gpt2_best_val_loss,17,10,17,-0.804803330199379,9.765864304512413e-05,-0.8081342971657595,8.672543334276907e-05,-0.6600983619844495,0.00047438827027930606,0.804803330199379
mean_gpt2_seeds__count,rq_train_sids_num_l1,gpt2_best_val_loss,17,9,17,-0.793700596437658,0.00014284356948925746,-0.8416829672336892,2.2754997609667586e-05,-0.6548860633040228,0.00055145978852133,0.793700596437658
mean_gpt2_seeds__count,rq_train_entropy_l1,gpt2_best_val_loss,17,17,17,-0.7794117647058825,0.00022569855648436904,-0.8643113466251962,7.667524241076053e-06,-0.6176470588235293,0.0002924937719584528,0.7794117647058825
mean_gpt2_seeds__count,rq_train_entropy_l2,gpt2_best_val_loss,17,17,17,-0.7769607843137256,0.00024331533106465494,-0.743868770547123,0.0006182796825094194,-0.6176470588235293,0.0002924937719584528,0.7769607843137256
mean_gpt2_seeds__count,rq_train_entropy_mean,gpt2_best_val_loss,17,17,17,-0.7720588235294118,0.00028201264704692656,-0.8011473477950569,0.00011097060806769941,-0.6323529411764706,0.00019489090240009966,0.7720588235294118
mean_gpt2_seeds__count,rq_train_entropy_sum,gpt2_best_val_loss,17,17,17,-0.7720588235294118,0.00028201264704692656,-0.8011473477950569,0.00011097060806769941,-0.6323529411764706,0.00019489090240009966,0.7720588235294118
mean_gpt2_seeds__count,rq_val_entropy_mean,gpt2_best_val_loss,17,17,17,-0.7696078431372549,0.0003032101451624915,-0.7411041916731703,0.0006642241624349053,-0.6323529411764706,0.00019489090240009966,0.7696078431372549
mean_gpt2_seeds__count,rq_val_entropy_sum,gpt2_best_val_loss,17,17,17,-0.7696078431372549,0.0003032101451624915,-0.7411041916731704,0.0006642241624349004,-0.6323529411764706,0.00019489090240009966,0.7696078431372549
mean_gpt2_seeds__count,rq_val_sids_num_mean,gpt2_best_val_loss,17,17,17,-0.7647058823529413,0.00034961095004698486,-0.846494646407608,1.832063742602784e-05,-0.6323529411764706,0.00019489090240009966,0.7647058823529413
mean_gpt2_seeds__count,rq_val_sids_num_sum,gpt2_best_val_loss,17,17,17,-0.7647058823529413,0.00034961095004698486,-0.846494646407608,1.832063742602784e-05,-0.6323529411764706,0.00019489090240009966,0.7647058823529413
mean_gpt2_seeds__count,rq_val_entropy_min,gpt2_best_val_loss,17,16,17,-0.760269916044553,0.00039656533206819063,-0.7763540270001136,0.00024784963200136137,-0.6273105439242341,0.000457727188770938,0.760269916044553
mean_gpt2_seeds__count,rqvae_best_val_loss,gpt2_best_val_loss,17,14,17,0.7599767338152379,0.0003998451019251483,0.6847971721793238,0.00242152630771996,0.6320095649794897,0.00044756873876498925,0.7599767338152379
mean_gpt2_seeds__count,rqvae_val_loss,gpt2_best_val_loss,17,17,17,0.7598039215686275,0.00040178888017887025,0.6734469536923287,0.0030416437440806505,0.6323529411764706,0.00019489090240009966,0.7598039215686275
mean_gpt2_seeds__count,rqvae_total_loss,gpt2_best_val_loss,17,17,17,0.7598039215686275,0.00040178888017887025,0.571351515053862,0.016582681921649883,0.6029411764705882,0.0004320184609575974,0.7598039215686275
mean_gpt2_seeds__count,sid_unique_total,gpt2_best_val_loss,17,17,17,-0.7573529411764707,0.00043021611906064527,-0.8171491120960818,6.216376145222905e-05,-0.6176470588235293,0.0002924937719584528,0.7573529411764707
mean_gpt2_seeds__count,sid_collisions,gpt2_best_val_loss,17,17,17,0.7573529411764707,0.00043021611906064527,0.8171491120960818,6.216376145222905e-05,0.6176470588235293,0.0002924937719584528,0.7573529411764707
mean_gpt2_seeds__count,sid_icr,gpt2_best_val_loss,17,17,17,-0.7573529411764707,0.00043021611906064527,-0.8171491120960818,6.216376145222905e-05,-0.6176470588235293,0.0002924937719584528,0.7573529411764707
mean_gpt2_seeds__count,sid_path_avg_similarity,gpt2_best_val_loss,17,17,17,-0.7573529411764707,0.00043021611906064527,-0.725749836373931,0.0009740304135239475,-0.6176470588235293,0.0002924937719584528,0.7573529411764707
mean_gpt2_seeds__count,sid_cur_total,gpt2_best_val_loss,17,17,17,-0.7573529411764707,0.00043021611906064527,-0.8171491120960818,6.216376145222905e-05,-0.6176470588235293,0.0002924937719584528,0.7573529411764707
mean_gpt2_seeds__count,rq_train_entropy_l0,gpt2_best_val_loss,17,17,17,-0.7573529411764707,0.00043021611906064527,-0.8171372755739713,6.219166945324943e-05,-0.6029411764705882,0.0004320184609575974,0.7573529411764707
mean_gpt2_seeds__count,rq_train_entropy_min,gpt2_best_val_loss,17,17,17,-0.7573529411764707,0.00043021611906064527,-0.8177353067474077,6.079478440721366e-05,-0.6029411764705882,0.0004320184609575974,0.7573529411764707
mean_gpt2_seeds__count,rq_val_entropy_max,gpt2_best_val_loss,17,17,17,-0.7573529411764707,0.00043021611906064527,-0.5549487513112094,0.020763047568380183,-0.6176470588235293,0.0002924937719584528,0.7573529411764707
mean_gpt2_seeds__count,rq_val_entropy_l2,gpt2_best_val_loss,17,17,17,-0.7549019607843138,0.0004602984125426377,-0.6718984154037122,0.0031354515448459076,-0.6029411764705882,0.0004320184609575974,0.7549019607843138
mean_gpt2_seeds__count,rq_val_entropy_l0,gpt2_best_val_loss,17,16,17,-0.7529124652441217,0.00048598524689026727,-0.7719636184364401,0.00028281226522314305,-0.5977900477395643,0.0008394830474382762,0.7529124652441217
mean_gpt2_seeds__count,rq_val_entropy_l1,gpt2_best_val_loss,17,17,17,-0.752450980392157,0.0004921108243565306,-0.8260908557596979,4.387584416322575e-05,-0.6029411764705882,0.0004320184609575974,0.752450980392157
mean_gpt2_seeds__count,rq_val_entropy_l3,gpt2_best_val_loss,17,17,17,-0.752450980392157,0.0004921108243565306,-0.5407842437465199,0.024996611569375167,-0.6029411764705882,0.0004320184609575974,0.752450980392157
mean_gpt2_seeds__count,rq_val_sids_num_l0,gpt2_best_val_loss,17,15,17,-0.7509208106598617,0.000512883084785406,-0.8592975024673235,9.91354239339631e-06,-0.5777936296723107,0.0012886708483164778,0.7509208106598617
mean_gpt2_seeds__count,rq_val_sids_num_min,gpt2_best_val_loss,17,15,17,-0.7509208106598617,0.000512883084785406,-0.8592975024673235,9.91354239339631e-06,-0.5777936296723107,0.0012886708483164778,0.7509208106598617
mean_gpt2_seeds__count,rq_val_sids_num_max,gpt2_best_val_loss,17,15,17,-0.746012831505222,0.0005844917369318434,-0.7012757532199972,0.001708356414069264,-0.5777936296723107,0.0012886708483164778,0.746012831505222
mean_gpt2_seeds__count,rqvae_train_loss,gpt2_best_val_loss,17,17,17,0.7426470588235294,0.0006382466911610891,0.5979934876116497,0.01122891659344744,0.588235294117647,0.0006285132262410544,0.7426470588235294
mean_gpt2_seeds__count,rq_val_sids_num_l2,gpt2_best_val_loss,17,16,17,-0.741876289043475,0.0006511167894849611,-0.8387924381061331,2.583225235944392e-05,-0.5830297996472295,0.0011260355723222832,0.741876289043475
mean_gpt2_seeds__count,rq_val_sids_num_l3,gpt2_best_val_loss,17,17,17,-0.732843137254902,0.0008187010454083446,-0.6881243651809461,0.002260788889625956,-0.5588235294117646,0.0012750331727878694,0.732843137254902
mean_gpt2_seeds__count,rq_val_sids_num_l1,gpt2_best_val_loss,17,14,17,-0.7268275063305668,0.000948975936743871,-0.8745009783797852,4.403300538829025e-06,-0.5576554985113145,0.0019526535149945279,0.7268275063305668
mean_gpt2_seeds__count,rq_train_entropy_l3,gpt2_best_val_loss,17,17,17,-0.7181372549019608,0.001167042444328288,-0.6478005658351409,0.004925425484030022,-0.5147058823529411,0.0033456623826434947,0.7181372549019608
mean_gpt2_seeds__count,rq_train_entropy_max,gpt2_best_val_loss,17,17,17,-0.7181372549019608,0.001167042444328288,-0.6478005658351409,0.004925425484030022,-0.5147058823529411,0.0033456623826434947,0.7181372549019608
mean_gpt2_seeds__count,sid_max_cluster_size,gpt2_best_val_loss,17,17,17,0.7132352941176472,0.0013072517803378431,0.24826551506626,0.33664581380550707,0.5147058823529411,0.0033456623826434947,0.7132352941176472
mean_gpt2_seeds__count,rq_train_sids_num_mean,gpt2_best_val_loss,17,16,17,-0.7026365514411755,0.0016581753034944947,-0.7892545859270834,0.0001652982626621566,-0.5682695515548944,0.0015008103130548487,0.7026365514411755
mean_gpt2_seeds__count,rq_train_sids_num_sum,gpt2_best_val_loss,17,16,17,-0.7026365514411755,0.0016581753034944947,-0.7892545859270834,0.0001652982626621566,-0.5682695515548944,0.0015008103130548487,0.7026365514411755
mean_gpt2_seeds__count,rq_train_sids_num_l0,gpt2_best_val_loss,17,16,17,-0.6977315842408881,0.0018449312597242419,-0.6668287082303394,0.003459181726434657,-0.5387490553702247,0.0026157789887446413,0.6977315842408881
mean_gpt2_seeds__count,rq_train_sids_num_min,gpt2_best_val_loss,17,16,17,-0.6977315842408881,0.0018449312597242419,-0.6668287082303394,0.003459181726434657,-0.5387490553702247,0.0026157789887446413,0.6977315842408881
mean_gpt2_seeds__count,rq_train_sids_num_std,gpt2_best_val_loss,17,16,17,0.4230534210247916,0.09065400463067902,0.4583812205824987,0.06423988168704385,0.2435440935235262,0.173668120900913,0.4230534210247916
mean_gpt2_seeds__count,rq_val_sids_num_std,gpt2_best_val_loss,17,16,17,0.12630290540740152,0.6290700120695868,0.1685460233238334,0.5178571806750887,0.022140372138502385,0.9015663813697545,0.12630290540740152
mean_gpt2_seeds__count,rq_val_entropy_l3,test_NDCG@1,17,17,15,0.8134975448815167,7.129029688799371e-05,0.7400570655245434,0.0006823495129626931,0.6370545147669068,0.0003872959854194224,0.8134975448815167
mean_gpt2_seeds__count,rq_val_sids_num_l2,test_NDCG@1,17,16,15,0.8127687228168391,7.324074689035243e-05,0.7847946933281837,0.0001907240441117913,0.6468446182809323,0.000327055667466453,0.8127687228168391
mean_gpt2_seeds__count,rq_val_entropy_mean,test_NDCG@1,17,17,15,0.8110435553041971,7.803744925089008e-05,0.782174694314513,0.00020713182254202442,0.6370545147669068,0.0003872959854194224,0.8110435553041971
mean_gpt2_seeds__count,rq_val_entropy_sum,test_NDCG@1,17,17,15,0.8110435553041971,7.803744925089008e-05,0.782174694314513,0.00020713182254202442,0.6370545147669068,0.0003872959854194224,0.8110435553041971
mean_gpt2_seeds__count,rq_val_entropy_l1,test_NDCG@1,17,17,15,0.8085895657268772,8.531448979312577e-05,0.7915731757749495,0.00015324544045364186,0.6370545147669068,0.0003872959854194224,0.8085895657268772
mean_gpt2_seeds__count,rq_val_sids_num_mean,test_NDCG@1,17,17,15,0.8049085813608975,9.729626169789199e-05,0.7613119946064367,0.00038508863613234424,0.6370545147669068,0.0003872959854194224,0.8049085813608975
mean_gpt2_seeds__count,rq_val_sids_num_sum,test_NDCG@1,17,17,15,0.8049085813608975,9.729626169789199e-05,0.7613119946064367,0.00038508863613234424,0.6370545147669068,0.0003872959854194224,0.8049085813608975
mean_gpt2_seeds__count,rq_val_entropy_max,test_NDCG@1,17,17,15,0.8036815865722376,0.00010159187487488026,0.7394863872932241,0.0006923991422230949,0.6222392934932577,0.0005281315301490846,0.8036815865722376
mean_gpt2_seeds__count,rq_val_sids_num_max,test_NDCG@1,17,15,15,0.8034398034398033,0.00010245687068589099,0.7780163975561412,0.00023559204217353007,0.6417910447761194,0.0003786113768666979,0.8034398034398033
mean_gpt2_seeds__count,rq_val_sids_num_l3,test_NDCG@1,17,17,15,0.7926386334742985,0.00014795929119783307,0.7795957697376518,0.00022442025479073581,0.6074240722196087,0.0007155735130424871,0.7926386334742985
mean_gpt2_seeds__count,rq_val_entropy_l2,test_NDCG@1,17,17,15,0.7877306543196588,0.00017364516497051798,0.7697044604031726,0.00030235007593165523,0.6370545147669068,0.0003872959854194224,0.7877306543196588
mean_gpt2_seeds__count,rq_val_entropy_min,test_NDCG@1,17,16,15,0.7833027872464401,0.00019992796191313101,0.7620050264246111,0.0003776104078668778,0.6022346446063852,0.0008225707729232145,0.7833027872464401
mean_gpt2_seeds__count,rq_val_sids_num_l1,test_NDCG@1,17,14,15,0.7830364109638186,0.00020160979310899599,0.7277259564924439,0.0009284974386030644,0.6142365178265362,0.0006936212556616183,0.7830364109638186
mean_gpt2_seeds__count,rq_val_entropy_l0,test_NDCG@1,17,16,15,0.7722530614075404,0.0002803871180806349,0.7602189382016371,0.00039713399541265365,0.5873646533815362,0.0011043759048219863,0.7722530614075404
mean_gpt2_seeds__count,rqvae_val_loss,test_NDCG@1,17,17,15,-0.7509208106598617,0.000512883084785406,-0.7453642894449156,0.0005945461351483475,-0.6074240722196087,0.0007155735130424871,0.7509208106598617
mean_gpt2_seeds__count,rq_val_sids_num_l0,test_NDCG@1,17,15,15,0.7389434889434888,0.0007020731619305055,0.6576887006262523,0.004111265117558259,0.5671641791044776,0.0016823438341769124,0.7389434889434888
mean_gpt2_seeds__count,rq_val_sids_num_min,test_NDCG@1,17,15,15,0.7389434889434888,0.0007020731619305055,0.6576887006262523,0.004111265117558259,0.5671641791044776,0.0016823438341769124,0.7389434889434888
mean_gpt2_seeds__count,rq_train_entropy_l2,test_NDCG@1,17,17,15,0.7386508627732626,0.0007073338269949902,0.7801140108938212,0.000220852492379329,0.5629784083986618,0.0017128938869780124,0.7386508627732626
mean_gpt2_seeds__count,rq_train_entropy_l3,test_NDCG@1,17,17,15,0.734969878407283,0.0007763480365758254,0.7363946399923968,0.0007490025947794781,0.5333479658513638,0.0029691430841055186,0.734969878407283
mean_gpt2_seeds__count,rq_train_entropy_max,test_NDCG@1,17,17,15,0.734969878407283,0.0007763480365758254,0.7363946399923968,0.0007490025947794781,0.5333479658513638,0.0029691430841055186,0.734969878407283
mean_gpt2_seeds__count,rq_train_entropy_l0,test_NDCG@1,17,17,15,0.7325158888299631,0.0008253846251321811,0.7732186345625076,0.00027242215876583287,0.5629784083986618,0.0017128938869780124,0.7325158888299631
mean_gpt2_seeds__count,rq_train_entropy_min,test_NDCG@1,17,17,15,0.7325158888299631,0.0008253846251321811,0.773524136291066,0.0002699418191076738,0.5629784083986618,0.0017128938869780124,0.7325158888299631
mean_gpt2_seeds__count,sid_max_cluster_size,test_NDCG@1,17,17,15,-0.7312888940413033,0.0008508476917438569,-0.5306303701121577,0.028421552203482345,-0.5629784083986618,0.0017128938869780124,0.7312888940413033
mean_gpt2_seeds__count,rqvae_train_loss,test_NDCG@1,17,17,15,-0.7300618992526433,0.0008769572804789723,-0.7137033311787102,0.0012932931537397154,-0.5629784083986618,0.0017128938869780124,0.7300618992526433
mean_gpt2_seeds__count,rqvae_best_val_loss,test_NDCG@1,17,14,15,-0.7277198670181799,0.0009286349967505854,-0.7472086362576001,0.0005663231551244369,-0.576783071617601,0.0014462726169455393,0.7277198670181799
mean_gpt2_seeds__count,rq_train_entropy_mean,test_NDCG@1,17,17,15,0.7263809148866636,0.0009592931953734124,0.7819362154446141,0.0002086822097208646,0.5481631871250128,0.0022623393351416644,0.7263809148866636
mean_gpt2_seeds__count,rq_train_entropy_sum,test_NDCG@1,17,17,15,0.7263809148866636,0.0009592931953734124,0.7819362154446141,0.0002086822097208646,0.5481631871250128,0.0022623393351416644,0.7263809148866636
mean_gpt2_seeds__count,sid_unique_total,test_NDCG@1,17,17,15,0.7251539200980037,0.0009881177421113263,0.8103126033910737,8.014813171557353e-05,0.5629784083986618,0.0017128938869780124,0.7251539200980037
mean_gpt2_seeds__count,sid_collisions,test_NDCG@1,17,17,15,-0.7251539200980037,0.0009881177421113263,-0.8103126033910737,8.014813171557353e-05,-0.5629784083986618,0.0017128938869780124,0.7251539200980037
mean_gpt2_seeds__count,sid_icr,test_NDCG@1,17,17,15,0.7251539200980037,0.0009881177421113263,0.8103126033910737,8.014813171557353e-05,0.5629784083986618,0.0017128938869780124,0.7251539200980037
mean_gpt2_seeds__count,sid_cur_total,test_NDCG@1,17,17,15,0.7251539200980037,0.0009881177421113263,0.8103126033910737,8.014813171557353e-05,0.5629784083986618,0.0017128938869780124,0.7251539200980037
mean_gpt2_seeds__count,rqvae_total_loss,test_NDCG@1,17,17,15,-0.7239269253093438,0.0010176541024397457,-0.7233586770545799,0.0010315779737160718,-0.5481631871250128,0.0022623393351416644,0.7239269253093438
mean_gpt2_seeds__count,sid_path_avg_similarity,test_NDCG@1,17,17,15,0.7177919513660442,0.0011764943704540144,0.7936611250994653,0.0001430310193597782,0.5629784083986618,0.0017128938869780124,0.7177919513660442
mean_gpt2_seeds__count,rq_train_entropy_l1,test_NDCG@1,17,17,15,0.6993870295361457,0.0017800653631307214,0.7768375502329612,0.00024423060183521254,0.5037175233040657,0.005018189646501996,0.6993870295361457
mean_gpt2_seeds__count,rq_train_entropy_std,test_NDCG@1,17,17,15,-0.6748471337629477,0.0029588032263955194,-0.7180963995249291,0.0011681574934256766,-0.4889023020304168,0.006462582235570104,0.6748471337629477
mean_gpt2_seeds__count,rq_val_entropy_std,test_NDCG@1,17,17,15,-0.5374237174330383,0.026092671213812278,-0.6734143911057323,0.0030435925201713785,-0.35556531056757584,0.04763505465512574,0.5374237174330383
mean_gpt2_seeds__count,rq_train_sids_num_l2,test_NDCG@1,17,10,15,0.531148688843259,0.028238416364043308,0.5169211871007571,0.03360618845850131,0.43225404564664094,0.022901069401503438,0.531148688843259
mean_gpt2_seeds__count,rq_train_sids_num_l3,test_NDCG@1,17,10,15,0.5194893273808461,0.03258376800136735,0.49589906041654086,0.04292437394055484,0.415628890044847,0.028700362101693275,0.5194893273808461
mean_gpt2_seeds__count,rq_train_sids_num_max,test_NDCG@1,17,10,15,0.5194893273808461,0.03258376800136735,0.49589906041654086,0.04292437394055484,0.415628890044847,0.028700362101693275,0.5194893273808461
mean_gpt2_seeds__count,rq_train_sids_num_l1,test_NDCG@1,17,9,15,0.480953421545678,0.05065237700838485,0.46019219910506426,0.06305992016661593,0.39251257050964666,0.03956468769641925,0.480953421545678
mean_gpt2_seeds__count,rq_val_sids_num_std,test_NDCG@1,17,16,15,0.3566605951333712,0.15994353402896888,0.31202624797340195,0.22274796674034775,0.2602248464348578,0.1483434562392428,0.3566605951333712
mean_gpt2_seeds__count,rq_train_sids_num_mean,test_NDCG@1,17,16,15,0.33149177516698874,0.193672155081809,0.43135936031042627,0.08384125264356831,0.2750948376597068,0.12651198654171592,0.33149177516698874
mean_gpt2_seeds__count,rq_train_sids_num_sum,test_NDCG@1,17,16,15,0.33149177516698874,0.193672155081809,0.43135936031042627,0.08384125264356831,0.2750948376597068,0.12651198654171592,0.33149177516698874
mean_gpt2_seeds__count,rq_train_sids_num_l0,test_NDCG@1,17,16,15,0.31307556543548937,0.2211131153278194,0.19775590027342568,0.44676253511355746,0.2602248464348578,0.1483434562392428,0.31307556543548937
mean_gpt2_seeds__count,rq_train_sids_num_min,test_NDCG@1,17,16,15,0.31307556543548937,0.2211131153278194,0.19775590027342568,0.44676253511355746,0.2602248464348578,0.1483434562392428,0.31307556543548937
mean_gpt2_seeds__count,rq_train_sids_num_std,test_NDCG@1,17,16,15,0.09453654328836346,0.718171024690996,0.10159954573367194,0.6980128486295565,0.03717497806212255,0.8364106851112248,0.09453654328836346
mean_gpt2_seeds__count,rq_val_entropy_max,test_NDCG@10,17,17,17,0.9362745098039217,3.2834187890278755e-08,0.8661886919543803,6.946202216091582e-06,0.8088235294117646,2.674946328840178e-07,0.9362745098039217
mean_gpt2_seeds__count,rq_val_entropy_min,test_NDCG@10,17,16,17,0.9319437680546133,5.308172266946848e-08,0.9547144735314388,2.673978454249092e-09,0.8191937691245882,4.733488322883245e-06,0.9319437680546133
mean_gpt2_seeds__count,rq_val_entropy_l3,test_NDCG@10,17,17,17,0.931372549019608,5.6420650981685405e-08,0.860561764784147,9.300328966727225e-06,0.7941176470588235,5.454070925094403e-07,0.931372549019608
mean_gpt2_seeds__count,rq_val_sids_num_mean,test_NDCG@10,17,17,17,0.931372549019608,5.6420650981685405e-08,0.9608122376291848,9.200628084071136e-10,0.7941176470588235,5.454070925094403e-07,0.931372549019608
mean_gpt2_seeds__count,rq_val_sids_num_sum,test_NDCG@10,17,17,17,0.931372549019608,5.6420650981685405e-08,0.9608122376291848,9.200628084071136e-10,0.7941176470588235,5.454070925094403e-07,0.931372549019608
mean_gpt2_seeds__count,rq_val_entropy_l0,test_NDCG@10,17,16,17,0.924586317254182,1.1216939192511981e-07,0.9513684638594634,4.51958978774382e-09,0.7896732729399182,1.0272553584479729e-05,0.924586317254182
mean_gpt2_seeds__count,rq_val_entropy_mean,test_NDCG@10,17,17,17,0.9240196078431374,1.1844905443995684e-07,0.9480261234331262,7.368058991452153e-09,0.7941176470588235,5.454070925094403e-07,0.9240196078431374
mean_gpt2_seeds__count,rq_val_entropy_sum,test_NDCG@10,17,17,17,0.9240196078431374,1.1844905443995684e-07,0.9480261234331262,7.368058991452153e-09,0.7941176470588235,5.454070925094403e-07,0.9240196078431374
mean_gpt2_seeds__count,rq_val_sids_num_max,test_NDCG@10,17,15,17,0.9227000810722483,1.3425079640992983e-07,0.9368135289304504,3.085653696502157e-08,0.7852067275033966,1.2207621440796966e-05,0.9227000810722483
mean_gpt2_seeds__count,rq_val_sids_num_l2,test_NDCG@10,17,16,17,0.9196813500538947,1.77342771131294e-07,0.9634239004747804,5.526788243186534e-10,0.8044335210322533,6.995983595425336e-06,0.9196813500538947
mean_gpt2_seeds__count,rq_train_entropy_l0,test_NDCG@10,17,17,17,0.9093137254901962,4.274417714447823e-07,0.9617142369056563,7.746581652844291e-10,0.764705882352941,2.0270077800034225e-06,0.9093137254901962
mean_gpt2_seeds__count,rq_train_entropy_min,test_NDCG@10,17,17,17,0.9093137254901962,4.274417714447823e-07,0.9622155975190217,7.0276266629751e-10,0.764705882352941,2.0270077800034225e-06,0.9093137254901962
mean_gpt2_seeds__count,rq_val_sids_num_l3,test_NDCG@10,17,17,17,0.9093137254901962,4.274417714447823e-07,0.932900687799286,4.786814617275266e-08,0.7499999999999999,3.7189175256511566e-06,0.9093137254901962
mean_gpt2_seeds__count,rq_val_sids_num_l0,test_NDCG@10,17,15,17,0.9067491488196696,5.228700760242694e-07,0.9059975476241893,5.540751791768524e-07,0.7703915062297477,1.7761324388131558e-05,0.9067491488196696
mean_gpt2_seeds__count,rq_val_sids_num_min,test_NDCG@10,17,15,17,0.9067491488196696,5.228700760242694e-07,0.9059975476241893,5.540751791768524e-07,0.7703915062297477,1.7761324388131558e-05,0.9067491488196696
mean_gpt2_seeds__count,rqvae_best_val_loss,test_NDCG@10,17,14,17,-0.9048511354149117,6.047380451340506e-07,-0.9168399777899026,2.2823911665417785e-07,-0.7807176979158402,1.4491637081566335e-05,0.9048511354149117
mean_gpt2_seeds__count,rq_val_entropy_l1,test_NDCG@10,17,17,17,0.9019607843137255,7.503998901119916e-07,0.9638798941969164,5.037167688990573e-10,0.764705882352941,2.0270077800034225e-06,0.9019607843137255
mean_gpt2_seeds__count,rqvae_train_loss,test_NDCG@10,17,17,17,-0.8995098039215688,8.964818375507006e-07,-0.8776771429667037,3.6681498621169256e-06,-0.7794117647058824,1.0700241221269077e-06,0.8995098039215688
mean_gpt2_seeds__count,rqvae_total_loss,test_NDCG@10,17,17,17,-0.8970588235294119,1.0662246540443239e-06,-0.8414506658274521,2.2990244738698144e-05,-0.764705882352941,2.0270077800034225e-06,0.8970588235294119
mean_gpt2_seeds__count,rq_val_entropy_l2,test_NDCG@10,17,17,17,0.8970588235294119,1.0662246540443239e-06,0.911296620051645,3.642747965764781e-07,0.7352941176470588,6.6254254208949975e-06,0.8970588235294119
mean_gpt2_seeds__count,rq_val_sids_num_l1,test_NDCG@10,17,14,17,0.8925736437539225,1.44852972280929e-06,0.9258090433608053,9.958660744683722e-08,0.7509760713285701,3.0315222030664027e-05,0.8925736437539225
mean_gpt2_seeds__count,rq_train_entropy_mean,test_NDCG@10,17,17,17,0.8921568627450982,1.4893515661379568e-06,0.9492386234081129,6.194516442586003e-09,0.764705882352941,2.0270077800034225e-06,0.8921568627450982
mean_gpt2_seeds__count,rq_train_entropy_sum,test_NDCG@10,17,17,17,0.8921568627450982,1.4893515661379568e-06,0.9492386234081129,6.194516442586003e-09,0.764705882352941,2.0270077800034225e-06,0.8921568627450982
mean_gpt2_seeds__count,rqvae_val_loss,test_NDCG@10,17,17,17,-0.8872549019607844,2.04831077698762e-06,-0.90810246160217,4.704656400774125e-07,-0.7352941176470588,6.6254254208949975e-06,0.8872549019607844
mean_gpt2_seeds__count,sid_path_avg_similarity,test_NDCG@10,17,17,17,0.8872549019607844,2.04831077698762e-06,0.9421176691438056,1.6238041427822712e-08,0.7499999999999999,3.7189175256511566e-06,0.8872549019607844
mean_gpt2_seeds__count,sid_unique_total,test_NDCG@10,17,17,17,0.8823529411764707,2.777270337958575e-06,0.9628685247421424,6.178125817484942e-10,0.7205882352941176,1.148789053319355e-05,0.8823529411764707
mean_gpt2_seeds__count,sid_collisions,test_NDCG@10,17,17,17,-0.8823529411764707,2.777270337958575e-06,-0.9628685247421424,6.178125817484942e-10,-0.7205882352941176,1.148789053319355e-05,0.8823529411764707
mean_gpt2_seeds__count,sid_icr,test_NDCG@10,17,17,17,0.8823529411764707,2.777270337958575e-06,0.9628685247421425,6.178125817484942e-10,0.7205882352941176,1.148789053319355e-05,0.8823529411764707
mean_gpt2_seeds__count,sid_cur_total,test_NDCG@10,17,17,17,0.8823529411764707,2.777270337958575e-06,0.9628685247421422,6.178125817485219e-10,0.7205882352941176,1.148789053319355e-05,0.8823529411764707
mean_gpt2_seeds__count,rq_train_entropy_l2,test_NDCG@10,17,17,17,0.8725490196078433,4.914594673940109e-06,0.9162803976048498,2.396144424097737e-07,0.6911764705882353,3.209019424470449e-05,0.8725490196078433
mean_gpt2_seeds__count,rq_train_entropy_l3,test_NDCG@10,17,17,17,0.8725490196078433,4.914594673940109e-06,0.876973223464225,3.821332974045717e-06,0.676470588235294,5.18722751399025e-05,0.8725490196078433
mean_gpt2_seeds__count,rq_train_entropy_max,test_NDCG@10,17,17,17,0.8725490196078433,4.914594673940109e-06,0.876973223464225,3.821332974045717e-06,0.676470588235294,5.18722751399025e-05,0.8725490196078433
mean_gpt2_seeds__count,sid_max_cluster_size,test_NDCG@10,17,17,17,-0.8700980392156864,5.627451606306429e-06,-0.6510461408653038,0.004644996548889166,-0.7058823529411764,1.9425366308238382e-05,0.8700980392156864
mean_gpt2_seeds__count,rq_train_entropy_std,test_NDCG@10,17,17,17,-0.8602941176470589,9.427383759906555e-06,-0.9388443251124383,2.4296110648463308e-08,-0.6617647058823529,8.216178860308908e-05,0.8602941176470589
mean_gpt2_seeds__count,rq_train_entropy_l1,test_NDCG@10,17,17,17,0.8284313725490197,3.992311055905374e-05,0.9503625947649305,5.254167677147216e-09,0.6029411764705882,0.0004320184609575974,0.8284313725490197
mean_gpt2_seeds__count,rq_val_entropy_std,test_NDCG@10,17,17,17,-0.7352941176470589,0.0007700533792802183,-0.9101795607975539,3.987937015660645e-07,-0.5294117647058822,0.0024551285640838213,0.7352941176470589
mean_gpt2_seeds__count,rq_train_sids_num_l2,test_NDCG@10,17,10,17,0.6158945099274991,0.008479534844086005,0.6300804548457888,0.006707654703114828,0.5280786895875597,0.005176294160436136,0.6158945099274991
mean_gpt2_seeds__count,rq_train_sids_num_l3,test_NDCG@10,17,10,17,0.6029555496349045,0.010404554134133607,0.5477241706383106,0.022846130591712352,0.5280786895875597,0.005176294160436136,0.6029555496349045
mean_gpt2_seeds__count,rq_train_sids_num_max,test_NDCG@10,17,10,17,0.6029555496349045,0.010404554134133607,0.5477241706383106,0.022846130591712352,0.5280786895875597,0.005176294160436136,0.6029555496349045
mean_gpt2_seeds__count,rq_train_sids_num_l1,test_NDCG@10,17,9,17,0.5787669928346381,0.014924844655582246,0.6036614006764719,0.010291308391049032,0.5222509112424485,0.005872844287416975,0.5787669928346381
mean_gpt2_seeds__count,rq_train_sids_num_l0,test_NDCG@10,17,16,17,0.42550590462493526,0.08860234259012327,0.34204556706384276,0.17900446468294548,0.40590682253921034,0.02335853089921727,0.42550590462493526
mean_gpt2_seeds__count,rq_train_sids_num_mean,test_NDCG@10,17,16,17,0.42550590462493526,0.08860234259012327,0.562594536657923,0.018722939593883423,0.4354273187238802,0.014997905735042928,0.42550590462493526
mean_gpt2_seeds__count,rq_train_sids_num_min,test_NDCG@10,17,16,17,0.42550590462493526,0.08860234259012327,0.34204556706384276,0.17900446468294548,0.40590682253921034,0.02335853089921727,0.42550590462493526
mean_gpt2_seeds__count,rq_train_sids_num_sum,test_NDCG@10,17,16,17,0.42550590462493526,0.08860234259012327,0.562594536657923,0.018722939593883423,0.4354273187238802,0.014997905735042928,0.42550590462493526
mean_gpt2_seeds__count,rq_val_sids_num_std,test_NDCG@10,17,16,17,0.23175970021358147,0.3707555725536489,0.1746297615830927,0.502632231259716,0.16974285306185158,0.34300969164029527,0.23175970021358147
mean_gpt2_seeds__count,rq_train_sids_num_std,test_NDCG@10,17,16,17,-0.040465979402371365,0.8774527884864768,-0.04268266158737682,0.8707912941379273,-0.022140372138502385,0.9015663813697545,0.040465979402371365
mean_gpt2_seeds__count,rq_val_entropy_mean,test_NDCG@20,17,17,17,0.9607843137254902,9.249159927780467e-10,0.9550576164355417,2.528240229523324e-09,0.8529411764705882,2.3940311991296275e-08,0.9607843137254902
mean_gpt2_seeds__count,rq_val_entropy_sum,test_NDCG@20,17,17,17,0.9607843137254902,9.249159927780467e-10,0.9550576164355418,2.528240229523324e-09,0.8529411764705882,2.3940311991296275e-08,0.9607843137254902
mean_gpt2_seeds__count,rq_val_entropy_l0,test_NDCG@20,17,16,17,0.9527898786558349,3.6331459754746813e-09,0.9611219765006763,8.676853826981279e-10,0.848714265309258,2.124808394909148e-06,0.9527898786558349
mean_gpt2_seeds__count,rq_val_entropy_min,test_NDCG@20,17,16,17,0.9527898786558349,3.6331459754746813e-09,0.9632878550460038,5.680592033840217e-10,0.848714265309258,2.124808394909148e-06,0.9527898786558349
mean_gpt2_seeds__count,rq_val_sids_num_mean,test_NDCG@20,17,17,17,0.9509803921568628,4.79175684831834e-09,0.9690646667860756,1.5996542366906772e-10,0.8235294117647057,1.25716599654265e-07,0.9509803921568628
mean_gpt2_seeds__count,rq_val_sids_num_sum,test_NDCG@20,17,17,17,0.9509803921568628,4.79175684831834e-09,0.9690646667860756,1.5996542366906772e-10,0.8235294117647057,1.25716599654265e-07,0.9509803921568628
mean_gpt2_seeds__count,rq_train_entropy_mean,test_NDCG@20,17,17,17,0.948529411764706,6.859595261700981e-09,0.960072428638775,1.0563291927800944e-09,0.8235294117647057,1.25716599654265e-07,0.948529411764706
mean_gpt2_seeds__count,rq_train_entropy_sum,test_NDCG@20,17,17,17,0.948529411764706,6.859595261700981e-09,0.9600724286387751,1.0563291927800944e-09,0.8235294117647057,1.25716599654265e-07,0.948529411764706
mean_gpt2_seeds__count,rq_val_sids_num_l2,test_NDCG@20,17,16,17,0.9478849114555473,7.51642281950108e-09,0.9713593153644294,9.034068636022802e-11,0.8339540172169231,3.1817986766159e-06,0.9478849114555473
mean_gpt2_seeds__count,rq_train_entropy_l0,test_NDCG@20,17,17,17,0.9460784313725492,9.653942434819005e-09,0.9735777799796811,4.9667449769177805e-11,0.8235294117647057,1.25716599654265e-07,0.9460784313725492
mean_gpt2_seeds__count,rq_train_entropy_min,test_NDCG@20,17,17,17,0.9460784313725492,9.653942434819005e-09,0.9739529923154924,4.466405923696702e-11,0.8235294117647057,1.25716599654265e-07,0.9460784313725492
mean_gpt2_seeds__count,rq_val_entropy_max,test_NDCG@20,17,17,17,0.9460784313725492,9.653942434819005e-09,0.8642238258235232,7.702648820329974e-06,0.8088235294117646,2.674946328840178e-07,0.9460784313725492
mean_gpt2_seeds__count,rqvae_total_loss,test_NDCG@20,17,17,17,-0.9436274509803922,1.3377378706310767e-08,-0.8561753822978384,1.1576820295568739e-05,-0.8235294117647057,1.25716599654265e-07,0.9436274509803922
mean_gpt2_seeds__count,sid_path_avg_similarity,test_NDCG@20,17,17,17,0.9411764705882353,1.8275574906300595e-08,0.9530522213709592,3.4871082022738167e-09,0.8088235294117646,2.674946328840178e-07,0.9411764705882353
mean_gpt2_seeds__count,rq_val_entropy_l3,test_NDCG@20,17,17,17,0.9411764705882353,1.8275574906300595e-08,0.8570290120522654,1.11001259232622e-05,0.7941176470588235,5.454070925094403e-07,0.9411764705882353
mean_gpt2_seeds__count,rqvae_best_val_loss,test_NDCG@20,17,14,17,-0.9392281120656818,2.3201795106302237e-08,-0.9249430125984918,1.0836521968037238e-07,-0.8104593245031104,6.748560029350154e-06,0.9392281120656818
mean_gpt2_seeds__count,sid_unique_total,test_NDCG@20,17,17,17,0.9362745098039217,3.2834187890278755e-08,0.9758397322757838,2.5551209034018166e-11,0.7794117647058824,1.0700241221269077e-06,0.9362745098039217
mean_gpt2_seeds__count,sid_collisions,test_NDCG@20,17,17,17,-0.9362745098039217,3.2834187890278755e-08,-0.9758397322757838,2.5551209034018166e-11,-0.7794117647058824,1.0700241221269077e-06,0.9362745098039217
mean_gpt2_seeds__count,sid_icr,test_NDCG@20,17,17,17,0.9362745098039217,3.2834187890278755e-08,0.9758397322757838,2.5551209034018166e-11,0.7794117647058824,1.0700241221269077e-06,0.9362745098039217
mean_gpt2_seeds__count,sid_cur_total,test_NDCG@20,17,17,17,0.9362745098039217,3.2834187890278755e-08,0.9758397322757837,2.5551209034018166e-11,0.7794117647058824,1.0700241221269077e-06,0.9362745098039217
mean_gpt2_seeds__count,rq_val_entropy_l2,test_NDCG@20,17,17,17,0.9338235294117647,4.3263269874737686e-08,0.9207821287310587,1.6042829429922013e-07,0.7941176470588235,5.454070925094403e-07,0.9338235294117647
mean_gpt2_seeds__count,rq_val_sids_num_l0,test_NDCG@20,17,15,17,0.9325160393815276,4.990830678524054e-08,0.916020834679482,2.450537408168042e-07,0.8296523913243438,3.81117247459432e-06,0.9325160393815276
mean_gpt2_seeds__count,rq_val_sids_num_min,test_NDCG@20,17,15,17,0.9325160393815276,4.990830678524054e-08,0.916020834679482,2.450537408168042e-07,0.8296523913243438,3.81117247459432e-06,0.9325160393815276
mean_gpt2_seeds__count,rq_train_entropy_l2,test_NDCG@20,17,17,17,0.928921568627451,7.287799106752729e-08,0.9276533427283762,8.29037922783396e-08,0.7794117647058824,1.0700241221269077e-06,0.928921568627451
mean_gpt2_seeds__count,rq_val_entropy_l1,test_NDCG@20,17,17,17,0.928921568627451,7.287799106752729e-08,0.9713961830320349,8.948171615579684e-11,0.7941176470588235,5.454070925094403e-07,0.928921568627451
mean_gpt2_seeds__count,rqvae_train_loss,test_NDCG@20,17,17,17,-0.9240196078431374,1.1844905443995684e-07,-0.8867785619948015,2.11108971428801e-06,-0.8088235294117646,2.674946328840178e-07,0.9240196078431374
mean_gpt2_seeds__count,rq_val_sids_num_max,test_NDCG@20,17,15,17,0.9202460914949286,1.6848343934352193e-07,0.9416965839597892,1.712404995366112e-08,0.8000219487770457,8.335835803092591e-06,0.9202460914949286
mean_gpt2_seeds__count,rqvae_val_loss,test_NDCG@20,17,17,17,-0.9191176470588237,1.8658128185388506e-07,-0.9167553960393485,2.299282189521324e-07,-0.764705882352941,2.0270077800034225e-06,0.9191176470588237
mean_gpt2_seeds__count,rq_train_entropy_l3,test_NDCG@20,17,17,17,0.9166666666666667,2.317116555636978e-07,0.8822223254452657,2.7993784407037497e-06,0.764705882352941,2.0270077800034225e-06,0.9166666666666667
mean_gpt2_seeds__count,rq_train_entropy_max,test_NDCG@20,17,17,17,0.9166666666666667,2.317116555636978e-07,0.8822223254452657,2.7993784407037497e-06,0.764705882352941,2.0270077800034225e-06,0.9166666666666667
mean_gpt2_seeds__count,rq_val_sids_num_l3,test_NDCG@20,17,17,17,0.9142156862745098,2.8589435679031615e-07,0.9370503313664313,3.002064006100567e-08,0.7794117647058824,1.0700241221269077e-06,0.9142156862745098
mean_gpt2_seeds__count,rq_val_sids_num_l1,test_NDCG@20,17,14,17,0.8938013929200215,1.3337834945056508e-06,0.9351847738828112,3.716735910063995e-08,0.7212344447412999,6.1783380639139e-05,0.8938013929200215
mean_gpt2_seeds__count,sid_max_cluster_size,test_NDCG@20,17,17,17,-0.8872549019607844,2.04831077698762e-06,-0.6507646651161272,0.004668793348340672,-0.7058823529411764,1.9425366308238382e-05,0.8872549019607844
mean_gpt2_seeds__count,rq_train_entropy_std,test_NDCG@20,17,17,17,-0.8799019607843139,3.2179025965727283e-06,-0.9548013060201527,2.6364318929070623e-09,-0.7205882352941176,1.148789053319355e-05,0.8799019607843139
mean_gpt2_seeds__count,rq_train_entropy_l1,test_NDCG@20,17,17,17,0.875,4.280115581127817e-06,0.961936019820429,7.42108395751194e-10,0.6911764705882353,3.209019424470449e-05,0.875
mean_gpt2_seeds__count,rq_val_entropy_std,test_NDCG@20,17,17,17,-0.7720588235294118,0.00028201264704692656,-0.9270290984412237,8.825873121246067e-08,-0.588235294117647,0.0006285132262410544,0.7720588235294118
mean_gpt2_seeds__count,rq_train_sids_num_l2,test_NDCG@20,17,10,17,0.6171884059567585,0.00830388813070317,0.6353763184085648,0.0061280687467679925,0.5610836076867821,0.0029722462985977815,0.6171884059567585
mean_gpt2_seeds__count,rq_train_sids_num_l3,test_NDCG@20,17,10,17,0.6146006138982396,0.008658137889940737,0.5383222384511387,0.025796042050320885,0.5610836076867821,0.0029722462985977815,0.6146006138982396
mean_gpt2_seeds__count,rq_train_sids_num_max,test_NDCG@20,17,10,17,0.6146006138982396,0.008658137889940737,0.5383222384511387,0.025796042050320885,0.5610836076867821,0.0029722462985977815,0.6146006138982396
mean_gpt2_seeds__count,rq_train_sids_num_l1,test_NDCG@20,17,9,17,0.5943043617697962,0.011874744270918757,0.6119113107658428,0.00903896931921353,0.5222509112424485,0.005872844287416975,0.5943043617697962
mean_gpt2_seeds__count,rq_train_sids_num_mean,test_NDCG@20,17,16,17,0.4414470480258694,0.0760755084416906,0.5657173450360811,0.017936283883926908,0.46494781490855003,0.009394884856746805,0.4414470480258694
mean_gpt2_seeds__count,rq_train_sids_num_sum,test_NDCG@20,17,16,17,0.4414470480258694,0.0760755084416906,0.5657173450360811,0.017936283883926908,0.46494781490855003,0.009394884856746805,0.4414470480258694
mean_gpt2_seeds__count,rq_train_sids_num_l0,test_NDCG@20,17,16,17,0.41937469562457597,0.09379530172253589,0.3424188086931869,0.1784996934329122,0.4354273187238802,0.014997905735042928,0.41937469562457597
mean_gpt2_seeds__count,rq_train_sids_num_min,test_NDCG@20,17,16,17,0.41937469562457597,0.09379530172253589,0.3424188086931869,0.1784996934329122,0.4354273187238802,0.014997905735042928,0.41937469562457597
mean_gpt2_seeds__count,rq_val_sids_num_std,test_NDCG@20,17,16,17,0.20110365521178497,0.4389473794918971,0.16843422388060297,0.5181389497969585,0.16974285306185158,0.34300969164029527,0.20110365521178497
mean_gpt2_seeds__count,rq_train_sids_num_std,test_NDCG@20,17,16,17,-0.019619868801149753,0.9404218869467342,-0.04968026404716584,0.8498181355242155,-0.022140372138502385,0.9015663813697545,0.019619868801149753
mean_gpt2_seeds__count,rq_val_sids_num_max,test_NDCG@5,17,15,17,0.9288350550155479,7.352712283806409e-08,0.9103589824727396,3.9306755337439913e-07,0.8148371700506947,5.654915574259072e-06,0.9288350550155479
mean_gpt2_seeds__count,rq_val_entropy_max,test_NDCG@5,17,17,17,0.9240196078431374,1.1844905443995684e-07,0.845831430351479,1.8884362561500463e-05,0.7794117647058824,1.0700241221269077e-06,0.9240196078431374
mean_gpt2_seeds__count,rq_val_entropy_l0,test_NDCG@5,17,16,17,0.9221338336540383,1.4156696699847095e-07,0.9111163256030855,3.6966636931550406e-07,0.7896732729399182,1.0272553584479729e-05,0.9221338336540383
mean_gpt2_seeds__count,rq_val_entropy_min,test_NDCG@5,17,16,17,0.9221338336540383,1.4156696699847095e-07,0.9124806045461001,3.305135712146164e-07,0.7896732729399182,1.0272553584479729e-05,0.9221338336540383
mean_gpt2_seeds__count,rq_val_sids_num_mean,test_NDCG@5,17,17,17,0.9166666666666667,2.317116555636978e-07,0.9144946647837701,2.7922577707882216e-07,0.764705882352941,2.0270077800034225e-06,0.9166666666666667
mean_gpt2_seeds__count,rq_val_sids_num_sum,test_NDCG@5,17,17,17,0.9166666666666667,2.317116555636978e-07,0.9144946647837701,2.7922577707882216e-07,0.764705882352941,2.0270077800034225e-06,0.9166666666666667
mean_gpt2_seeds__count,rq_val_entropy_l3,test_NDCG@5,17,17,17,0.9142156862745098,2.8589435679031615e-07,0.839785925815955,2.4737153264614742e-05,0.764705882352941,2.0270077800034225e-06,0.9142156862745098
mean_gpt2_seeds__count,rq_train_entropy_l0,test_NDCG@5,17,17,17,0.9093137254901962,4.274417714447823e-07,0.9239575670721778,1.191544923208533e-07,0.764705882352941,2.0270077800034225e-06,0.9093137254901962
mean_gpt2_seeds__count,rq_train_entropy_min,test_NDCG@5,17,17,17,0.9093137254901962,4.274417714447823e-07,0.9242387554354822,1.1598583640898728e-07,0.764705882352941,2.0270077800034225e-06,0.9093137254901962
mean_gpt2_seeds__count,rq_val_entropy_mean,test_NDCG@5,17,17,17,0.9093137254901962,4.274417714447823e-07,0.9104245208798221,3.9099356309423087e-07,0.764705882352941,2.0270077800034225e-06,0.9093137254901962
mean_gpt2_seeds__count,rq_val_entropy_sum,test_NDCG@5,17,17,17,0.9093137254901962,4.274417714447823e-07,0.9104245208798222,3.909935630942235e-07,0.764705882352941,2.0270077800034225e-06,0.9093137254901962
mean_gpt2_seeds__count,rq_val_sids_num_l2,test_NDCG@5,17,16,17,0.9061926902531042,5.458239206451868e-07,0.9213244796002569,1.5261673616839446e-07,0.7749130248475834,1.4985583200331987e-05,0.9061926902531042
mean_gpt2_seeds__count,rq_val_sids_num_l0,test_NDCG@5,17,15,17,0.9018411696650299,7.57023271957041e-07,0.8453784286404167,1.9277800511028984e-05,0.7703915062297477,1.7761324388131558e-05,0.9018411696650299
mean_gpt2_seeds__count,rq_val_sids_num_min,test_NDCG@5,17,15,17,0.9018411696650299,7.57023271957041e-07,0.8453784286404167,1.9277800511028984e-05,0.7703915062297477,1.7761324388131558e-05,0.9018411696650299
mean_gpt2_seeds__count,rq_val_sids_num_l3,test_NDCG@5,17,17,17,0.8995098039215688,8.964818375507006e-07,0.9032348937162216,6.828680739250292e-07,0.7499999999999999,3.7189175256511566e-06,0.8995098039215688
mean_gpt2_seeds__count,rqvae_best_val_loss,test_NDCG@5,17,14,17,-0.8974846404183181,1.034905346256717e-06,-0.8833805056975206,2.6084776192085885e-06,-0.7509760713285701,3.0315222030664027e-05,0.8974846404183181
mean_gpt2_seeds__count,rq_val_entropy_l1,test_NDCG@5,17,17,17,0.8970588235294119,1.0662246540443239e-06,0.9223053872831427,1.3931516185289958e-07,0.7352941176470588,6.6254254208949975e-06,0.8970588235294119
mean_gpt2_seeds__count,rq_val_sids_num_l1,test_NDCG@5,17,14,17,0.8925736437539225,1.44852972280929e-06,0.8783202834464319,3.532798702062859e-06,0.7509760713285701,3.0315222030664027e-05,0.8925736437539225
mean_gpt2_seeds__count,rqvae_train_loss,test_NDCG@5,17,17,17,-0.8921568627450982,1.4893515661379568e-06,-0.8493698055529629,1.603870140312461e-05,-0.7499999999999999,3.7189175256511566e-06,0.8921568627450982
mean_gpt2_seeds__count,rqvae_total_loss,test_NDCG@5,17,17,17,-0.8897058823529412,1.7498572958917092e-06,-0.8160230251289319,6.486658362852027e-05,-0.7352941176470588,6.6254254208949975e-06,0.8897058823529412
mean_gpt2_seeds__count,rq_train_entropy_mean,test_NDCG@5,17,17,17,0.8848039215686275,2.389164653109702e-06,0.9090767439019567,4.3558327641809357e-07,0.7352941176470588,6.6254254208949975e-06,0.8848039215686275
mean_gpt2_seeds__count,rq_train_entropy_sum,test_NDCG@5,17,17,17,0.8848039215686275,2.389164653109702e-06,0.9090767439019566,4.3558327641809357e-07,0.7352941176470588,6.6254254208949975e-06,0.8848039215686275
mean_gpt2_seeds__count,rqvae_val_loss,test_NDCG@5,17,17,17,-0.8799019607843139,3.2179025965727283e-06,-0.8775092171573735,3.7042091804278595e-06,-0.7058823529411764,1.9425366308238382e-05,0.8799019607843139
mean_gpt2_seeds__count,rq_train_entropy_l3,test_NDCG@5,17,17,17,0.8799019607843139,3.2179025965727283e-06,0.842474787348144,2.196839153459629e-05,0.7058823529411764,1.9425366308238382e-05,0.8799019607843139
mean_gpt2_seeds__count,rq_train_entropy_max,test_NDCG@5,17,17,17,0.8799019607843139,3.2179025965727283e-06,0.842474787348144,2.196839153459629e-05,0.7058823529411764,1.9425366308238382e-05,0.8799019607843139
mean_gpt2_seeds__count,sid_path_avg_similarity,test_NDCG@5,17,17,17,0.877450980392157,3.71678490515902e-06,0.9165288064586242,2.3450613265333075e-07,0.7205882352941176,1.148789053319355e-05,0.877450980392157
mean_gpt2_seeds__count,rq_val_entropy_l2,test_NDCG@5,17,17,17,0.877450980392157,3.71678490515902e-06,0.8736171876624259,4.6288828297344726e-06,0.7058823529411764,1.9425366308238382e-05,0.877450980392157
mean_gpt2_seeds__count,rq_train_entropy_l2,test_NDCG@5,17,17,17,0.8725490196078433,4.914594673940109e-06,0.8775793103360946,3.689121263386623e-06,0.6911764705882353,3.209019424470449e-05,0.8725490196078433
mean_gpt2_seeds__count,sid_unique_total,test_NDCG@5,17,17,17,0.8700980392156864,5.627451606306429e-06,0.9345488836947267,3.9916127800997106e-08,0.6911764705882353,3.209019424470449e-05,0.8700980392156864
mean_gpt2_seeds__count,sid_collisions,test_NDCG@5,17,17,17,-0.8700980392156864,5.627451606306429e-06,-0.9345488836947267,3.9916127800997106e-08,-0.6911764705882353,3.209019424470449e-05,0.8700980392156864
mean_gpt2_seeds__count,sid_max_cluster_size,test_NDCG@5,17,17,17,-0.8700980392156864,5.627451606306429e-06,-0.6242100093177086,0.007400737134053844,-0.7058823529411764,1.9425366308238382e-05,0.8700980392156864
mean_gpt2_seeds__count,sid_icr,test_NDCG@5,17,17,17,0.8700980392156864,5.627451606306429e-06,0.9345488836947263,3.9916127800999065e-08,0.6911764705882353,3.209019424470449e-05,0.8700980392156864
mean_gpt2_seeds__count,sid_cur_total,test_NDCG@5,17,17,17,0.8700980392156864,5.627451606306429e-06,0.9345488836947266,3.9916127800997106e-08,0.6911764705882353,3.209019424470449e-05,0.8700980392156864
mean_gpt2_seeds__count,rq_train_entropy_std,test_NDCG@5,17,17,17,-0.8602941176470589,9.427383759906555e-06,-0.8971801445594428,1.0572199285915959e-06,-0.6617647058823529,8.216178860308908e-05,0.8602941176470589
mean_gpt2_seeds__count,rq_train_entropy_l1,test_NDCG@5,17,17,17,0.8308823529411766,3.611059946133302e-05,0.9057178063868906,5.660896398397471e-07,0.6029411764705882,0.0004320184609575974,0.8308823529411766
mean_gpt2_seeds__count,rq_val_entropy_std,test_NDCG@5,17,17,17,-0.7426470588235294,0.0006382466911610891,-0.8527876059368097,1.3643960541457333e-05,-0.5294117647058822,0.0024551285640838213,0.7426470588235294
mean_gpt2_seeds__count,rq_train_sids_num_l3,test_NDCG@5,17,10,17,0.6107189258104613,0.00921204262566856,0.5211219902062831,0.03194627894190543,0.5445811486371709,0.00393628187904608,0.6107189258104613
mean_gpt2_seeds__count,rq_train_sids_num_max,test_NDCG@5,17,10,17,0.6107189258104613,0.00921204262566856,0.5211219902062831,0.03194627894190543,0.5445811486371709,0.00393628187904608,0.6107189258104613
mean_gpt2_seeds__count,rq_train_sids_num_l2,test_NDCG@5,17,10,17,0.6055433416934235,0.00999415856086985,0.5798115066275947,0.0147022252092109,0.5115762305379483,0.006759166124430478,0.6055433416934235
mean_gpt2_seeds__count,rq_train_sids_num_l1,test_NDCG@5,17,9,17,0.5761774313454451,0.015488222972707058,0.5505020569011241,0.0220268045458994,0.5056715172347517,0.007645342685326396,0.5761774313454451
mean_gpt2_seeds__count,rq_train_sids_num_l0,test_NDCG@5,17,16,17,0.427958388225079,0.08658438686192876,0.2823334534898953,0.27222541713824544,0.40590682253921034,0.02335853089921727,0.427958388225079
mean_gpt2_seeds__count,rq_train_sids_num_min,test_NDCG@5,17,16,17,0.427958388225079,0.08658438686192876,0.2823334534898953,0.27222541713824544,0.40590682253921034,0.02335853089921727,0.427958388225079
mean_gpt2_seeds__count,rq_train_sids_num_mean,test_NDCG@5,17,16,17,0.4181484538245041,0.09485955195151752,0.5087953584892302,0.03700346066259562,0.40590682253921034,0.02335853089921727,0.4181484538245041
mean_gpt2_seeds__count,rq_train_sids_num_sum,test_NDCG@5,17,16,17,0.4181484538245041,0.09485955195151752,0.5087953584892302,0.03700346066259562,0.40590682253921034,0.02335853089921727,0.4181484538245041
mean_gpt2_seeds__count,rq_val_sids_num_std,test_NDCG@5,17,16,17,0.25260581081480304,0.3279876142125452,0.22832308038635088,0.3780905591959099,0.19926334924652145,0.26564583302330047,0.25260581081480304
mean_gpt2_seeds__count,rq_train_sids_num_std,test_NDCG@5,17,16,17,-0.03801349580222765,0.8848319590758248,0.01630593970205537,0.9504722653910089,-0.022140372138502385,0.9015663813697545,0.03801349580222765
mean_gpt2_seeds__count,rq_val_entropy_l3,test_Recall@1,17,17,15,0.8134975448815167,7.129029688799371e-05,0.7400570655245434,0.0006823495129626931,0.6370545147669068,0.0003872959854194224,0.8134975448815167
mean_gpt2_seeds__count,rq_val_sids_num_l2,test_Recall@1,17,16,15,0.8127687228168391,7.324074689035243e-05,0.7847946933281837,0.0001907240441117913,0.6468446182809323,0.000327055667466453,0.8127687228168391
mean_gpt2_seeds__count,rq_val_entropy_mean,test_Recall@1,17,17,15,0.8110435553041971,7.803744925089008e-05,0.782174694314513,0.00020713182254202442,0.6370545147669068,0.0003872959854194224,0.8110435553041971
mean_gpt2_seeds__count,rq_val_entropy_sum,test_Recall@1,17,17,15,0.8110435553041971,7.803744925089008e-05,0.782174694314513,0.00020713182254202442,0.6370545147669068,0.0003872959854194224,0.8110435553041971
mean_gpt2_seeds__count,rq_val_entropy_l1,test_Recall@1,17,17,15,0.8085895657268772,8.531448979312577e-05,0.7915731757749495,0.00015324544045364186,0.6370545147669068,0.0003872959854194224,0.8085895657268772
mean_gpt2_seeds__count,rq_val_sids_num_mean,test_Recall@1,17,17,15,0.8049085813608975,9.729626169789199e-05,0.7613119946064367,0.00038508863613234424,0.6370545147669068,0.0003872959854194224,0.8049085813608975
mean_gpt2_seeds__count,rq_val_sids_num_sum,test_Recall@1,17,17,15,0.8049085813608975,9.729626169789199e-05,0.7613119946064367,0.00038508863613234424,0.6370545147669068,0.0003872959854194224,0.8049085813608975
mean_gpt2_seeds__count,rq_val_entropy_max,test_Recall@1,17,17,15,0.8036815865722376,0.00010159187487488026,0.7394863872932241,0.0006923991422230949,0.6222392934932577,0.0005281315301490846,0.8036815865722376
mean_gpt2_seeds__count,rq_val_sids_num_max,test_Recall@1,17,15,15,0.8034398034398033,0.00010245687068589099,0.7780163975561412,0.00023559204217353007,0.6417910447761194,0.0003786113768666979,0.8034398034398033
mean_gpt2_seeds__count,rq_val_sids_num_l3,test_Recall@1,17,17,15,0.7926386334742985,0.00014795929119783307,0.7795957697376518,0.00022442025479073581,0.6074240722196087,0.0007155735130424871,0.7926386334742985
mean_gpt2_seeds__count,rq_val_entropy_l2,test_Recall@1,17,17,15,0.7877306543196588,0.00017364516497051798,0.7697044604031726,0.00030235007593165523,0.6370545147669068,0.0003872959854194224,0.7877306543196588
mean_gpt2_seeds__count,rq_val_entropy_min,test_Recall@1,17,16,15,0.7833027872464401,0.00019992796191313101,0.7620050264246111,0.0003776104078668778,0.6022346446063852,0.0008225707729232145,0.7833027872464401
mean_gpt2_seeds__count,rq_val_sids_num_l1,test_Recall@1,17,14,15,0.7830364109638186,0.00020160979310899599,0.7277259564924439,0.0009284974386030644,0.6142365178265362,0.0006936212556616183,0.7830364109638186
mean_gpt2_seeds__count,rq_val_entropy_l0,test_Recall@1,17,16,15,0.7722530614075404,0.0002803871180806349,0.7602189382016371,0.00039713399541265365,0.5873646533815362,0.0011043759048219863,0.7722530614075404
mean_gpt2_seeds__count,rqvae_val_loss,test_Recall@1,17,17,15,-0.7509208106598617,0.000512883084785406,-0.7453642894449156,0.0005945461351483475,-0.6074240722196087,0.0007155735130424871,0.7509208106598617
mean_gpt2_seeds__count,rq_val_sids_num_l0,test_Recall@1,17,15,15,0.7389434889434888,0.0007020731619305055,0.6576887006262523,0.004111265117558259,0.5671641791044776,0.0016823438341769124,0.7389434889434888
mean_gpt2_seeds__count,rq_val_sids_num_min,test_Recall@1,17,15,15,0.7389434889434888,0.0007020731619305055,0.6576887006262523,0.004111265117558259,0.5671641791044776,0.0016823438341769124,0.7389434889434888
mean_gpt2_seeds__count,rq_train_entropy_l2,test_Recall@1,17,17,15,0.7386508627732626,0.0007073338269949902,0.7801140108938212,0.000220852492379329,0.5629784083986618,0.0017128938869780124,0.7386508627732626
mean_gpt2_seeds__count,rq_train_entropy_l3,test_Recall@1,17,17,15,0.734969878407283,0.0007763480365758254,0.7363946399923968,0.0007490025947794781,0.5333479658513638,0.0029691430841055186,0.734969878407283
mean_gpt2_seeds__count,rq_train_entropy_max,test_Recall@1,17,17,15,0.734969878407283,0.0007763480365758254,0.7363946399923968,0.0007490025947794781,0.5333479658513638,0.0029691430841055186,0.734969878407283
mean_gpt2_seeds__count,rq_train_entropy_l0,test_Recall@1,17,17,15,0.7325158888299631,0.0008253846251321811,0.7732186345625076,0.00027242215876583287,0.5629784083986618,0.0017128938869780124,0.7325158888299631
mean_gpt2_seeds__count,rq_train_entropy_min,test_Recall@1,17,17,15,0.7325158888299631,0.0008253846251321811,0.773524136291066,0.0002699418191076738,0.5629784083986618,0.0017128938869780124,0.7325158888299631
mean_gpt2_seeds__count,sid_max_cluster_size,test_Recall@1,17,17,15,-0.7312888940413033,0.0008508476917438569,-0.5306303701121577,0.028421552203482345,-0.5629784083986618,0.0017128938869780124,0.7312888940413033
mean_gpt2_seeds__count,rqvae_train_loss,test_Recall@1,17,17,15,-0.7300618992526433,0.0008769572804789723,-0.7137033311787102,0.0012932931537397154,-0.5629784083986618,0.0017128938869780124,0.7300618992526433
mean_gpt2_seeds__count,rqvae_best_val_loss,test_Recall@1,17,14,15,-0.7277198670181799,0.0009286349967505854,-0.7472086362576001,0.0005663231551244369,-0.576783071617601,0.0014462726169455393,0.7277198670181799
mean_gpt2_seeds__count,rq_train_entropy_mean,test_Recall@1,17,17,15,0.7263809148866636,0.0009592931953734124,0.7819362154446141,0.0002086822097208646,0.5481631871250128,0.0022623393351416644,0.7263809148866636
mean_gpt2_seeds__count,rq_train_entropy_sum,test_Recall@1,17,17,15,0.7263809148866636,0.0009592931953734124,0.7819362154446141,0.0002086822097208646,0.5481631871250128,0.0022623393351416644,0.7263809148866636
mean_gpt2_seeds__count,sid_unique_total,test_Recall@1,17,17,15,0.7251539200980037,0.0009881177421113263,0.8103126033910737,8.014813171557353e-05,0.5629784083986618,0.0017128938869780124,0.7251539200980037
mean_gpt2_seeds__count,sid_collisions,test_Recall@1,17,17,15,-0.7251539200980037,0.0009881177421113263,-0.8103126033910737,8.014813171557353e-05,-0.5629784083986618,0.0017128938869780124,0.7251539200980037
mean_gpt2_seeds__count,sid_icr,test_Recall@1,17,17,15,0.7251539200980037,0.0009881177421113263,0.8103126033910737,8.014813171557353e-05,0.5629784083986618,0.0017128938869780124,0.7251539200980037
mean_gpt2_seeds__count,sid_cur_total,test_Recall@1,17,17,15,0.7251539200980037,0.0009881177421113263,0.8103126033910737,8.014813171557353e-05,0.5629784083986618,0.0017128938869780124,0.7251539200980037
mean_gpt2_seeds__count,rqvae_total_loss,test_Recall@1,17,17,15,-0.7239269253093438,0.0010176541024397457,-0.7233586770545799,0.0010315779737160718,-0.5481631871250128,0.0022623393351416644,0.7239269253093438
mean_gpt2_seeds__count,sid_path_avg_similarity,test_Recall@1,17,17,15,0.7177919513660442,0.0011764943704540144,0.7936611250994653,0.0001430310193597782,0.5629784083986618,0.0017128938869780124,0.7177919513660442
mean_gpt2_seeds__count,rq_train_entropy_l1,test_Recall@1,17,17,15,0.6993870295361457,0.0017800653631307214,0.7768375502329612,0.00024423060183521254,0.5037175233040657,0.005018189646501996,0.6993870295361457
mean_gpt2_seeds__count,rq_train_entropy_std,test_Recall@1,17,17,15,-0.6748471337629477,0.0029588032263955194,-0.7180963995249291,0.0011681574934256766,-0.4889023020304168,0.006462582235570104,0.6748471337629477
mean_gpt2_seeds__count,rq_val_entropy_std,test_Recall@1,17,17,15,-0.5374237174330383,0.026092671213812278,-0.6734143911057323,0.0030435925201713785,-0.35556531056757584,0.04763505465512574,0.5374237174330383
mean_gpt2_seeds__count,rq_train_sids_num_l2,test_Recall@1,17,10,15,0.531148688843259,0.028238416364043308,0.5169211871007571,0.03360618845850131,0.43225404564664094,0.022901069401503438,0.531148688843259
mean_gpt2_seeds__count,rq_train_sids_num_l3,test_Recall@1,17,10,15,0.5194893273808461,0.03258376800136735,0.49589906041654086,0.04292437394055484,0.415628890044847,0.028700362101693275,0.5194893273808461
mean_gpt2_seeds__count,rq_train_sids_num_max,test_Recall@1,17,10,15,0.5194893273808461,0.03258376800136735,0.49589906041654086,0.04292437394055484,0.415628890044847,0.028700362101693275,0.5194893273808461
mean_gpt2_seeds__count,rq_train_sids_num_l1,test_Recall@1,17,9,15,0.480953421545678,0.05065237700838485,0.46019219910506426,0.06305992016661593,0.39251257050964666,0.03956468769641925,0.480953421545678
mean_gpt2_seeds__count,rq_val_sids_num_std,test_Recall@1,17,16,15,0.3566605951333712,0.15994353402896888,0.31202624797340195,0.22274796674034775,0.2602248464348578,0.1483434562392428,0.3566605951333712
mean_gpt2_seeds__count,rq_train_sids_num_mean,test_Recall@1,17,16,15,0.33149177516698874,0.193672155081809,0.43135936031042627,0.08384125264356831,0.2750948376597068,0.12651198654171592,0.33149177516698874
mean_gpt2_seeds__count,rq_train_sids_num_sum,test_Recall@1,17,16,15,0.33149177516698874,0.193672155081809,0.43135936031042627,0.08384125264356831,0.2750948376597068,0.12651198654171592,0.33149177516698874
mean_gpt2_seeds__count,rq_train_sids_num_l0,test_Recall@1,17,16,15,0.31307556543548937,0.2211131153278194,0.19775590027342568,0.44676253511355746,0.2602248464348578,0.1483434562392428,0.31307556543548937
mean_gpt2_seeds__count,rq_train_sids_num_min,test_Recall@1,17,16,15,0.31307556543548937,0.2211131153278194,0.19775590027342568,0.44676253511355746,0.2602248464348578,0.1483434562392428,0.31307556543548937
mean_gpt2_seeds__count,rq_train_sids_num_std,test_Recall@1,17,16,15,0.09453654328836346,0.718171024690996,0.10159954573367194,0.6980128486295565,0.03717497806212255,0.8364106851112248,0.09453654328836346
mean_gpt2_seeds__count,rq_val_entropy_min,test_Recall@10,17,16,15,0.9693065055345838,1.5092724993227324e-10,0.9676265450498692,2.2398484197128014e-10,0.8996344691033656,5.82350343485081e-07,0.9693065055345838
mean_gpt2_seeds__count,rq_val_sids_num_mean,test_Recall@10,17,17,15,0.965644898675345,3.477227712672069e-10,0.9782255070930187,1.1796631721716917e-11,0.8740980551452906,1.1216499264693925e-06,0.965644898675345
mean_gpt2_seeds__count,rq_val_sids_num_sum,test_Recall@10,17,17,15,0.965644898675345,3.477227712672069e-10,0.9782255070930187,1.1796631721716917e-11,0.8740980551452906,1.1216499264693925e-06,0.965644898675345
mean_gpt2_seeds__count,rq_val_entropy_mean,test_Recall@10,17,17,15,0.9644179038866851,4.5080135503837004e-10,0.9549407503354084,2.577086431542713e-09,0.8740980551452906,1.1216499264693925e-06,0.9644179038866851
mean_gpt2_seeds__count,rq_val_entropy_sum,test_Recall@10,17,17,15,0.9644179038866851,4.5080135503837004e-10,0.9549407503354085,2.5770864315426173e-09,0.8740980551452906,1.1216499264693925e-06,0.9644179038866851
mean_gpt2_seeds__count,rq_val_entropy_max,test_Recall@10,17,17,15,0.9631909090980252,5.792433058892017e-10,0.8587056714184123,1.0212198123903749e-05,0.8592828338716417,1.6973728564415674e-06,0.9631909090980252
mean_gpt2_seeds__count,rq_val_entropy_l0,test_Recall@10,17,16,15,0.961940021641984,7.415320823128855e-10,0.9632935418022436,5.674089806334657e-10,0.8698944866536676,1.3531039142470588e-06,0.961940021641984
mean_gpt2_seeds__count,rq_val_entropy_l3,test_Recall@10,17,17,15,0.9582829299433855,1.4599562318043784e-09,0.8519269901123303,1.4216320091739892e-05,0.8444676125979927,2.5517806988953472e-06,0.9582829299433855
mean_gpt2_seeds__count,rqvae_total_loss,test_Recall@10,17,17,15,-0.9570559351547256,1.8080279239427802e-09,-0.8381723279057556,2.6536369958942013e-05,-0.8740980551452906,1.1216499264693925e-06,0.9570559351547256
mean_gpt2_seeds__count,rq_train_entropy_mean,test_Recall@10,17,17,15,0.9570559351547256,1.8080279239427802e-09,0.9602084359582339,1.0300476563418757e-09,0.8740980551452906,1.1216499264693925e-06,0.9570559351547256
mean_gpt2_seeds__count,rq_train_entropy_sum,test_Recall@10,17,17,15,0.9570559351547256,1.8080279239427802e-09,0.960208435958234,1.0300476563418335e-09,0.8740980551452906,1.1216499264693925e-06,0.9570559351547256
mean_gpt2_seeds__count,rq_train_entropy_l0,test_Recall@10,17,17,15,0.9558289403660659,2.2254073553752025e-09,0.972949320232814,5.913534888852963e-11,0.8444676125979927,2.5517806988953472e-06,0.9558289403660659
mean_gpt2_seeds__count,rq_train_entropy_min,test_Recall@10,17,17,15,0.9558289403660659,2.2254073553752025e-09,0.973559320411239,4.9925616598454677e-11,0.8444676125979927,2.5517806988953472e-06,0.9558289403660659
mean_gpt2_seeds__count,rqvae_best_val_loss,test_Recall@10,17,14,15,-0.9551323254613612,2.497434179756023e-09,-0.9211912154833536,1.5450525697488793e-07,-0.846447884321934,2.9472388410414547e-06,0.9551323254613612
mean_gpt2_seeds__count,sid_path_avg_similarity,test_Recall@10,17,17,15,0.953374950788746,3.3144162450243315e-09,0.9393618212301277,2.2830633891555077e-08,0.8444676125979927,2.5517806988953472e-06,0.953374950788746
mean_gpt2_seeds__count,rq_val_sids_num_l0,test_Recall@10,17,15,15,0.952088452088452,4.049768768320894e-09,0.9398837559447176,2.143023765537863e-08,0.8507462686567163,2.454668618528259e-06,0.952088452088452
mean_gpt2_seeds__count,rq_val_sids_num_min,test_Recall@10,17,15,15,0.952088452088452,4.049768768320894e-09,0.9398837559447176,2.143023765537863e-08,0.8507462686567163,2.454668618528259e-06,0.952088452088452
mean_gpt2_seeds__count,sid_unique_total,test_Recall@10,17,17,15,0.9509209612114262,4.834659272412271e-09,0.9639199337879374,4.996022174465924e-10,0.8296523913243437,3.81117247459432e-06,0.9509209612114262
mean_gpt2_seeds__count,sid_collisions,test_Recall@10,17,17,15,-0.9509209612114262,4.834659272412271e-09,-0.9639199337879374,4.996022174465924e-10,-0.8296523913243437,3.81117247459432e-06,0.9509209612114262
mean_gpt2_seeds__count,sid_icr,test_Recall@10,17,17,15,0.9509209612114262,4.834659272412271e-09,0.9639199337879374,4.996022174465924e-10,0.8296523913243437,3.81117247459432e-06,0.9509209612114262
mean_gpt2_seeds__count,sid_cur_total,test_Recall@10,17,17,15,0.9509209612114262,4.834659272412271e-09,0.9639199337879373,4.996022174465924e-10,0.8296523913243437,3.81117247459432e-06,0.9509209612114262
mean_gpt2_seeds__count,rqvae_train_loss,test_Recall@10,17,17,15,-0.9496939664227663,5.797443337684537e-09,-0.8782148291614374,3.5546955755585977e-06,-0.8444676125979927,2.5517806988953472e-06,0.9496939664227663
mean_gpt2_seeds__count,rq_val_sids_num_l2,test_Recall@10,17,16,15,0.9441376855682012,1.2514274306521982e-08,0.9755056302671762,2.8296007108014747e-11,0.8252845129791205,4.561496919467382e-06,0.9441376855682012
mean_gpt2_seeds__count,rq_val_sids_num_l3,test_Recall@10,17,17,15,0.9349700289588474,3.807684243630238e-08,0.9327596403495277,4.86077727812438e-08,0.8000219487770457,8.335835803092591e-06,0.9349700289588474
mean_gpt2_seeds__count,rq_train_entropy_l3,test_Recall@10,17,17,15,0.9300620498042078,6.476964895803062e-08,0.8820725919681626,2.8249068920831073e-06,0.7852067275033967,1.2207621440796966e-05,0.9300620498042078
mean_gpt2_seeds__count,rq_train_entropy_max,test_Recall@10,17,17,15,0.9300620498042078,6.476964895803062e-08,0.8820725919681626,2.8249068920831073e-06,0.7852067275033967,1.2207621440796966e-05,0.9300620498042078
mean_gpt2_seeds__count,rq_val_entropy_l1,test_Recall@10,17,17,15,0.9300620498042078,6.476964895803062e-08,0.9754623680968292,2.8669397789174782e-11,0.8148371700506947,5.654915574259072e-06,0.9300620498042078
mean_gpt2_seeds__count,rq_val_entropy_l2,test_Recall@10,17,17,15,0.928835055015548,7.352712283806288e-08,0.9156049684846602,2.539890936395851e-07,0.7852067275033967,1.2207621440796966e-05,0.928835055015548
mean_gpt2_seeds__count,rq_val_sids_num_max,test_Recall@10,17,15,15,0.9189189189189189,1.8993514447613223e-07,0.9370627108195768,2.997748229059082e-08,0.7611940298507462,2.4881255604009483e-05,0.9189189189189189
mean_gpt2_seeds__count,rqvae_val_loss,test_Recall@10,17,17,15,-0.9177921019176088,2.0994670863906438e-07,-0.90976962059163,4.1214543828425046e-07,-0.7555762849560986,2.5673536456410594e-05,0.9177921019176088
mean_gpt2_seeds__count,rq_val_sids_num_l1,test_Recall@10,17,14,15,0.9127229751030382,3.2394360372604156e-07,0.947182011404253,8.293819831068176e-09,0.7715409919040637,2.0370226245850562e-05,0.9127229751030382
mean_gpt2_seeds__count,rq_train_entropy_l2,test_Recall@10,17,17,15,0.9079761436083295,4.7515864821842486e-07,0.9237542668417432,1.21491453082127e-07,0.7407610636824498,3.68693877520243e-05,0.9079761436083295
mean_gpt2_seeds__count,sid_max_cluster_size,test_Recall@10,17,17,15,-0.8932522061444107,1.3841120311914997e-06,-0.6488282212314248,0.004835191844743917,-0.7259458424088008,5.260415252057182e-05,0.8932522061444107
mean_gpt2_seeds__count,rq_train_entropy_l1,test_Recall@10,17,17,15,0.8699393051598724,5.676502693307499e-06,0.9660646666015009,3.174825919869028e-10,0.7111306211351517,7.45679443551508e-05,0.8699393051598724
mean_gpt2_seeds__count,rq_train_entropy_std,test_Recall@10,17,17,15,-0.8564423624846135,1.1425897475954627e-05,-0.9585438776331822,1.3939012148692997e-09,-0.6963153998615027,0.00010501871685841543,0.8564423624846135
mean_gpt2_seeds__count,rq_val_entropy_std,test_Recall@10,17,17,15,-0.7447858367165622,0.0006036346877187125,-0.942962591907115,1.4578549567886205e-08,-0.5481631871250128,0.0022623393351416644,0.7447858367165622
mean_gpt2_seeds__count,rq_train_sids_num_l2,test_Recall@10,17,10,15,0.5706609693547697,0.016744130293709344,0.6603509395773041,0.003911832414890714,0.5153798236556103,0.006675831773799901,0.5706609693547697
mean_gpt2_seeds__count,rq_train_sids_num_l3,test_Recall@10,17,10,15,0.5473422464299438,0.02296060373788181,0.5565635490664746,0.020318381926141837,0.48212951245202257,0.01116185429687839,0.5473422464299438
mean_gpt2_seeds__count,rq_train_sids_num_max,test_Recall@10,17,10,15,0.5473422464299438,0.02296060373788181,0.5565635490664746,0.020318381926141837,0.48212951245202257,0.01116185429687839,0.5473422464299438
mean_gpt2_seeds__count,rq_train_sids_num_l1,test_Recall@10,17,9,15,0.5308636822721162,0.028339003892190236,0.6413241183300045,0.005525899583164352,0.47602588338403956,0.012553395920349705,0.5308636822721162
mean_gpt2_seeds__count,rq_train_sids_num_mean,test_Recall@10,17,16,15,0.38244328875747036,0.12976516267714108,0.6000437905104679,0.010882232523223196,0.4535347323578951,0.0117642273000808,0.38244328875747036
mean_gpt2_seeds__count,rq_train_sids_num_sum,test_Recall@10,17,16,15,0.38244328875747036,0.12976516267714108,0.6000437905104679,0.010882232523223196,0.4535347323578951,0.0117642273000808,0.38244328875747036
mean_gpt2_seeds__count,rq_train_sids_num_l0,test_Recall@10,17,16,15,0.364027079025971,0.1508780338771326,0.39183112354457944,0.11983449319042817,0.394054767458499,0.028614292954140547,0.364027079025971
mean_gpt2_seeds__count,rq_train_sids_num_min,test_Recall@10,17,16,15,0.364027079025971,0.1508780338771326,0.39183112354457944,0.11983449319042817,0.394054767458499,0.028614292954140547,0.364027079025971
mean_gpt2_seeds__count,rq_val_sids_num_std,test_Recall@10,17,16,15,0.21731127483169263,0.40212584306726884,0.11651460693140718,0.6560797993497995,0.12639492541121666,0.4826448178574275,0.21731127483169263
mean_gpt2_seeds__count,rq_train_sids_num_std,test_Recall@10,17,16,15,0.004297115604016521,0.9869409241134172,-0.101066257410026,0.6995284265115735,-0.022304986837273527,0.9014007302404428,0.004297115604016521
mean_gpt2_seeds__count,rq_train_entropy_mean,test_Recall@20,17,17,17,0.9607843137254902,9.249159927780467e-10,0.9625221855096452,6.616970132860983e-10,0.8676470588235293,9.575975226992579e-09,0.9607843137254902
mean_gpt2_seeds__count,rq_train_entropy_sum,test_Recall@20,17,17,17,0.9607843137254902,9.249159927780467e-10,0.9625221855096453,6.616970132860983e-10,0.8676470588235293,9.575975226992579e-09,0.9607843137254902
mean_gpt2_seeds__count,rqvae_total_loss,test_Recall@20,17,17,17,-0.9558823529411765,2.2056479022281597e-09,-0.8537790356295641,1.3008955183463535e-05,-0.8676470588235293,9.575975226992579e-09,0.9558823529411765
mean_gpt2_seeds__count,sid_path_avg_similarity,test_Recall@20,17,17,17,0.9558823529411765,2.2056479022281597e-09,0.9469247082412168,8.595202244116743e-09,0.8529411764705882,2.3940311991296275e-08,0.9558823529411765
mean_gpt2_seeds__count,rq_train_entropy_l0,test_Recall@20,17,17,17,0.9534313725490198,3.2849947662852607e-09,0.9765265495349987,2.0622395595083147e-11,0.8676470588235293,9.575975226992579e-09,0.9534313725490198
mean_gpt2_seeds__count,rq_train_entropy_min,test_Recall@20,17,17,17,0.9534313725490198,3.2849947662852607e-09,0.9768823588541518,1.8409240143656465e-11,0.8676470588235293,9.575975226992579e-09,0.9534313725490198
mean_gpt2_seeds__count,rq_val_entropy_l0,test_Recall@20,17,16,17,0.9515636368557631,4.387817072168155e-09,0.9633821809742654,5.573566786126814e-10,0.863474513401593,1.4096766186043916e-06,0.9515636368557631
mean_gpt2_seeds__count,rq_val_entropy_min,test_Recall@20,17,16,17,0.9515636368557631,4.387817072168155e-09,0.9653646877665244,3.6926508465983503e-10,0.863474513401593,1.4096766186043916e-06,0.9515636368557631
mean_gpt2_seeds__count,rq_val_entropy_mean,test_Recall@20,17,17,17,0.9509803921568628,4.79175684831834e-09,0.9527879655161542,3.6342300131771896e-09,0.8382352941176471,5.634316092440314e-08,0.9509803921568628
mean_gpt2_seeds__count,rq_val_entropy_sum,test_Recall@20,17,17,17,0.9509803921568628,4.79175684831834e-09,0.9527879655161542,3.6342300131771896e-09,0.8382352941176471,5.634316092440314e-08,0.9509803921568628
mean_gpt2_seeds__count,sid_unique_total,test_Recall@20,17,17,17,0.948529411764706,6.859595261700981e-09,0.9727980787768956,6.1633548451205e-11,0.8235294117647057,1.25716599654265e-07,0.948529411764706
mean_gpt2_seeds__count,sid_collisions,test_Recall@20,17,17,17,-0.948529411764706,6.859595261700981e-09,-0.9727980787768956,6.1633548451205e-11,-0.8235294117647057,1.25716599654265e-07,0.948529411764706
mean_gpt2_seeds__count,sid_icr,test_Recall@20,17,17,17,0.948529411764706,6.859595261700981e-09,0.9727980787768957,6.1633548451205e-11,0.8235294117647057,1.25716599654265e-07,0.948529411764706
mean_gpt2_seeds__count,sid_cur_total,test_Recall@20,17,17,17,0.948529411764706,6.859595261700981e-09,0.9727980787768956,6.1633548451205e-11,0.8235294117647057,1.25716599654265e-07,0.948529411764706
mean_gpt2_seeds__count,rq_val_sids_num_mean,test_Recall@20,17,17,17,0.948529411764706,6.859595261700981e-09,0.9738806021535814,4.5593925734718924e-11,0.8382352941176471,5.634316092440314e-08,0.948529411764706
mean_gpt2_seeds__count,rq_val_sids_num_sum,test_Recall@20,17,17,17,0.948529411764706,6.859595261700981e-09,0.9738806021535814,4.5593925734718924e-11,0.8382352941176471,5.634316092440314e-08,0.948529411764706
mean_gpt2_seeds__count,rqvae_train_loss,test_Recall@20,17,17,17,-0.9460784313725492,9.653942434819005e-09,-0.8826857112745438,2.7216171955886846e-06,-0.8529411764705882,2.3940311991296275e-08,0.9460784313725492
mean_gpt2_seeds__count,rqvae_best_val_loss,test_Recall@20,17,14,17,-0.9441391087300774,1.2511935626563963e-08,-0.921769045010438,1.4645916920381032e-07,-0.8402009510903804,3.0613542631330374e-06,0.9441391087300774
mean_gpt2_seeds__count,rq_val_sids_num_l0,test_Recall@20,17,15,17,0.9435589924794667,1.3496989237263403e-08,0.9321648876545907,5.183559172401888e-08,0.8740980551452907,1.1216499264693925e-06,0.9435589924794667
mean_gpt2_seeds__count,rq_val_sids_num_min,test_Recall@20,17,15,17,0.9435589924794667,1.3496989237263403e-08,0.9321648876545907,5.183559172401888e-08,0.8740980551452907,1.1216499264693925e-06,0.9435589924794667
mean_gpt2_seeds__count,rq_val_entropy_max,test_Recall@20,17,17,17,0.9411764705882353,1.8275574906300595e-08,0.8488081238427908,1.646445918270229e-05,0.8235294117647057,1.25716599654265e-07,0.9411764705882353
mean_gpt2_seeds__count,rq_val_entropy_l3,test_Recall@20,17,17,17,0.9362745098039217,3.2834187890278755e-08,0.839923066113322,2.4589120878587363e-05,0.8088235294117646,2.674946328840178e-07,0.9362745098039217
mean_gpt2_seeds__count,rq_train_entropy_l3,test_Recall@20,17,17,17,0.9338235294117647,4.3263269874737686e-08,0.8786151735401055,3.472175899851037e-06,0.8088235294117646,2.674946328840178e-07,0.9338235294117647
mean_gpt2_seeds__count,rq_train_entropy_max,test_Recall@20,17,17,17,0.9338235294117647,4.3263269874737686e-08,0.8786151735401055,3.472175899851037e-06,0.8088235294117646,2.674946328840178e-07,0.9338235294117647
mean_gpt2_seeds__count,rq_val_sids_num_l2,test_Recall@20,17,16,17,0.924586317254182,1.1216939192511981e-07,0.9727395326393121,6.262479719752901e-11,0.7896732729399182,1.0272553584479729e-05,0.924586317254182
mean_gpt2_seeds__count,rq_val_entropy_l1,test_Recall@20,17,17,17,0.9191176470588237,1.8658128185388506e-07,0.9719908325041648,7.656937125639468e-11,0.7794117647058824,1.0700241221269077e-06,0.9191176470588237
mean_gpt2_seeds__count,rq_val_sids_num_l3,test_Recall@20,17,17,17,0.9191176470588237,1.8658128185388506e-07,0.9287695040140902,7.40222677426993e-08,0.7941176470588235,5.454070925094403e-07,0.9191176470588237
mean_gpt2_seeds__count,rq_train_entropy_l2,test_Recall@20,17,17,17,0.9166666666666667,2.317116555636978e-07,0.9289883410507672,7.238035291590072e-08,0.7352941176470588,6.6254254208949975e-06,0.9166666666666667
mean_gpt2_seeds__count,rq_train_entropy_std,test_Recall@20,17,17,17,-0.9142156862745098,2.8589435679031615e-07,-0.9651822108038164,3.839046464501403e-10,-0.7941176470588235,5.454070925094403e-07,0.9142156862745098
mean_gpt2_seeds__count,rq_val_entropy_l2,test_Recall@20,17,17,17,0.911764705882353,3.5059039795199566e-07,0.9191005432574609,1.8686792481039291e-07,0.7499999999999999,3.7189175256511566e-06,0.911764705882353
mean_gpt2_seeds__count,rqvae_val_loss,test_Recall@20,17,17,17,-0.9044117647058825,6.251789855978917e-07,-0.9123468250917564,3.34188595973634e-07,-0.7499999999999999,3.7189175256511566e-06,0.9044117647058825
mean_gpt2_seeds__count,rq_val_sids_num_l1,test_Recall@20,17,14,17,0.8987123895844171,9.489664258796427e-07,0.9438788429539505,1.2945937183134583e-08,0.7509760713285701,3.0315222030664027e-05,0.8987123895844171
mean_gpt2_seeds__count,rq_val_sids_num_max,test_Recall@20,17,15,17,0.8957061957217304,1.171145307556905e-06,0.9342494446282971,4.1269864503355524e-08,0.7555762849560987,2.5673536456410594e-05,0.8957061957217304
mean_gpt2_seeds__count,rq_train_entropy_l1,test_Recall@20,17,17,17,0.8946078431372549,1.262715918438851e-06,0.9675795028915085,2.2640650687254103e-10,0.7352941176470588,6.6254254208949975e-06,0.8946078431372549
mean_gpt2_seeds__count,sid_max_cluster_size,test_Recall@20,17,17,17,-0.8725490196078433,4.914594673940109e-06,-0.6419677408125224,0.005463707939781484,-0.6911764705882353,3.209019424470449e-05,0.8725490196078433
mean_gpt2_seeds__count,rq_val_entropy_std,test_Recall@20,17,17,17,-0.8039215686274511,0.0001007394030010668,-0.9462456477185514,9.436283386460354e-09,-0.6323529411764706,0.00019489090240009966,0.8039215686274511
mean_gpt2_seeds__count,rq_train_sids_num_l3,test_Recall@20,17,10,17,0.6197761980152775,0.00796132219350257,0.5311150289915444,0.0282502816045156,0.5610836076867821,0.0029722462985977815,0.6197761980152775
mean_gpt2_seeds__count,rq_train_sids_num_max,test_Recall@20,17,10,17,0.6197761980152775,0.00796132219350257,0.5311150289915444,0.0282502816045156,0.5610836076867821,0.0029722462985977815,0.6197761980152775
mean_gpt2_seeds__count,rq_train_sids_num_l2,test_Recall@20,17,10,17,0.6171884059567585,0.00830388813070317,0.6493905632803747,0.004786383722423615,0.5610836076867821,0.0029722462985977815,0.6171884059567585
mean_gpt2_seeds__count,rq_train_sids_num_l1,test_Recall@20,17,9,17,0.6059573884711646,0.009929708523290646,0.6329025892984924,0.006393560380089377,0.5222509112424485,0.005872844287416975,0.6059573884711646
mean_gpt2_seeds__count,rq_train_sids_num_mean,test_Recall@20,17,16,17,0.46106691682701917,0.06249576555940936,0.5833428639576094,0.013968890399711794,0.5092285591855548,0.004445245489805947,0.46106691682701917
mean_gpt2_seeds__count,rq_train_sids_num_sum,test_Recall@20,17,16,17,0.46106691682701917,0.06249576555940936,0.5833428639576094,0.013968890399711794,0.5092285591855548,0.004445245489805947,0.46106691682701917
mean_gpt2_seeds__count,rq_train_sids_num_l0,test_Recall@20,17,16,17,0.43654208082558205,0.07978291946003503,0.3676303395032078,0.1465740641994493,0.4797080630008849,0.00736671830615395,0.43654208082558205
mean_gpt2_seeds__count,rq_train_sids_num_min,test_Recall@20,17,16,17,0.43654208082558205,0.07978291946003503,0.3676303395032078,0.1465740641994493,0.4797080630008849,0.00736671830615395,0.43654208082558205
mean_gpt2_seeds__count,rq_val_sids_num_std,test_Recall@20,17,16,17,0.17167385201006033,0.5100029951514176,0.12807981834311455,0.6242129149902291,0.12546210878484682,0.4833844270683305,0.17167385201006033
mean_gpt2_seeds__count,rq_train_sids_num_std,test_Recall@20,17,16,17,-0.0515021556030181,0.8443726059910677,-0.08748202917355236,0.7384819859696757,-0.06642111641550714,0.7106013435270542,0.0515021556030181
mean_gpt2_seeds__count,rq_val_sids_num_max,test_Recall@5,17,15,16,0.9244937285212685,1.1317538575002948e-07,0.913695810315589,2.986859039231052e-07,0.8104145217542715,6.750352928906408e-06,0.9244937285212685
mean_gpt2_seeds__count,rq_val_entropy_max,test_Recall@5,17,17,16,0.9209075918539665,1.5859139855141615e-07,0.8408959091518752,2.3560382807309114e-05,0.7749130248475833,1.4985583200331987e-05,0.9209075918539665
mean_gpt2_seeds__count,rq_val_entropy_l0,test_Recall@5,17,16,16,0.9184049079754603,1.9885071379432998e-07,0.9198735254756479,1.7428424526959745e-07,0.7851851851851853,1.2209153337248024e-05,0.9184049079754603
mean_gpt2_seeds__count,rq_val_entropy_min,test_Recall@5,17,16,16,0.9184049079754603,1.9885071379432998e-07,0.9215335797878845,1.4969343627611745e-07,0.7851851851851853,1.2209153337248024e-05,0.9184049079754603
mean_gpt2_seeds__count,rq_val_sids_num_mean,test_Recall@5,17,17,16,0.9135501410535354,3.023568444562827e-07,0.9278164460116698,8.155152614001439e-08,0.7601527767552484,2.171891227213396e-05,0.9135501410535354
mean_gpt2_seeds__count,rq_val_sids_num_sum,test_Recall@5,17,17,16,0.9135501410535354,3.023568444562827e-07,0.9278164460116698,8.155152614001439e-08,0.7601527767552484,2.171891227213396e-05,0.9135501410535354
mean_gpt2_seeds__count,rq_val_entropy_l3,test_Recall@5,17,17,16,0.9110976574533916,3.7022851129883963e-07,0.8321618157763098,3.424585904061833e-05,0.7601527767552484,2.171891227213396e-05,0.9110976574533916
mean_gpt2_seeds__count,rq_val_entropy_mean,test_Recall@5,17,17,16,0.9074189320531761,4.963418725260472e-07,0.914474273920213,2.7970863338935815e-07,0.7601527767552484,2.171891227213396e-05,0.9074189320531761
mean_gpt2_seeds__count,rq_val_entropy_sum,test_Recall@5,17,17,16,0.9074189320531761,4.963418725260472e-07,0.914474273920213,2.7970863338935815e-07,0.7601527767552484,2.171891227213396e-05,0.9074189320531761
mean_gpt2_seeds__count,rq_train_entropy_l0,test_Recall@5,17,17,16,0.9061926902531042,5.458239206451868e-07,0.9340764038073616,4.207000965976867e-08,0.7601527767552484,2.171891227213396e-05,0.9061926902531042
mean_gpt2_seeds__count,rq_train_entropy_min,test_Recall@5,17,17,16,0.9061926902531042,5.458239206451868e-07,0.9343912876962752,4.062376708471197e-08,0.7601527767552484,2.171891227213396e-05,0.9061926902531042
mean_gpt2_seeds__count,rq_val_sids_num_l2,test_Recall@5,17,16,16,0.9042944785276074,6.307344365253314e-07,0.931086435170371,5.8159799582725936e-08,0.7703703703703705,1.776347339171651e-05,0.9042944785276074
mean_gpt2_seeds__count,rq_val_sids_num_l0,test_Recall@5,17,15,16,0.8974832875817361,1.0350035894785442e-06,0.8688312639893983,6.029148567644604e-06,0.7658045480797245,2.1033479998349898e-05,0.8974832875817361
mean_gpt2_seeds__count,rq_val_sids_num_min,test_Recall@5,17,15,16,0.8974832875817361,1.0350035894785442e-06,0.8688312639893983,6.029148567644604e-06,0.7658045480797245,2.1033479998349898e-05,0.8974832875817361
mean_gpt2_seeds__count,rq_val_entropy_l1,test_Recall@5,17,17,16,0.8951565140524576,1.2162364933718236e-06,0.9305067558153819,6.182500331266489e-08,0.7306322805705786,4.473934346637811e-05,0.8951565140524576
mean_gpt2_seeds__count,rq_val_sids_num_l3,test_Recall@5,17,17,16,0.8951565140524576,1.2162364933718236e-06,0.9024743112525974,7.225246293796649e-07,0.7453925286629135,3.127342322705249e-05,0.8951565140524576
mean_gpt2_seeds__count,rqvae_best_val_loss,test_Recall@5,17,14,16,-0.8931210670766229,1.396366919535753e-06,-0.8864651895881939,2.1532797274452514e-06,-0.7462894380660751,3.5769132975735664e-05,0.8931210670766229
mean_gpt2_seeds__count,rq_val_sids_num_l1,test_Recall@5,17,14,16,0.8888213095322375,1.8529698154496955e-06,0.896316653183444,1.122750315352412e-06,0.7462894380660751,3.5769132975735664e-05,0.8888213095322375
mean_gpt2_seeds__count,rqvae_train_loss,test_Recall@5,17,17,16,-0.8877990632520264,1.9785496737571605e-06,-0.851690929399124,1.4376827717042253e-05,-0.7453925286629135,3.127342322705249e-05,0.8877990632520264
mean_gpt2_seeds__count,rqvae_total_loss,test_Recall@5,17,17,16,-0.8877990632520264,1.9785496737571605e-06,-0.8133278268131209,7.174053601355846e-05,-0.7306322805705786,4.473934346637811e-05,0.8877990632520264
mean_gpt2_seeds__count,rq_train_entropy_mean,test_Recall@5,17,17,16,0.8841203378518108,2.4924385251020276e-06,0.9162563862684331,2.4011323116695053e-07,0.7306322805705786,4.473934346637811e-05,0.8841203378518108
mean_gpt2_seeds__count,rq_train_entropy_sum,test_Recall@5,17,17,16,0.8841203378518108,2.4924385251020276e-06,0.916256386268433,2.4011323116695053e-07,0.7306322805705786,4.473934346637811e-05,0.8841203378518108
mean_gpt2_seeds__count,rq_train_entropy_l3,test_Recall@5,17,17,16,0.8779891288514514,3.6019496966259896e-06,0.8423016743975134,2.2138367154895805e-05,0.7011117843859087,8.979764741280145e-05,0.8779891288514514
mean_gpt2_seeds__count,rq_train_entropy_max,test_Recall@5,17,17,16,0.8779891288514514,3.6019496966259896e-06,0.8423016743975134,2.2138367154895805e-05,0.7011117843859087,8.979764741280145e-05,0.8779891288514514
mean_gpt2_seeds__count,rqvae_val_loss,test_Recall@5,17,17,16,-0.8755366452513077,4.150930789117948e-06,-0.8787137637578732,3.45210675399781e-06,-0.7011117843859087,8.979764741280145e-05,0.8755366452513077
mean_gpt2_seeds__count,rq_val_entropy_l2,test_Recall@5,17,17,16,0.8755366452513077,4.150930789117948e-06,0.8736605200352596,4.617597566837559e-06,0.7011117843859087,8.979764741280145e-05,0.8755366452513077
mean_gpt2_seeds__count,sid_path_avg_similarity,test_Recall@5,17,17,16,0.8743104034512359,4.451134673121743e-06,0.9170706037925564,2.2368744176183607e-07,0.7158720324782436,6.358939602012891e-05,0.8743104034512359
mean_gpt2_seeds__count,rq_train_entropy_l2,test_Recall@5,17,17,16,0.8743104034512359,4.451134673121743e-06,0.8805980508158414,3.0870961938026337e-06,0.7011117843859087,8.979764741280145e-05,0.8743104034512359
mean_gpt2_seeds__count,sid_unique_total,test_Recall@5,17,17,16,0.8669529526508047,6.669551760215808e-06,0.9379163265304327,2.7127277523099676e-08,0.6863515362935738,0.00012598963879031268,0.8669529526508047
mean_gpt2_seeds__count,sid_collisions,test_Recall@5,17,17,16,-0.8669529526508047,6.669551760215808e-06,-0.9379163265304327,2.7127277523099676e-08,-0.6863515362935738,0.00012598963879031268,0.8669529526508047
mean_gpt2_seeds__count,sid_icr,test_Recall@5,17,17,16,0.8669529526508047,6.669551760215808e-06,0.9379163265304327,2.7127277523099676e-08,0.6863515362935738,0.00012598963879031268,0.8669529526508047
mean_gpt2_seeds__count,sid_cur_total,test_Recall@5,17,17,16,0.8669529526508047,6.669551760215808e-06,0.9379163265304327,2.7127277523099676e-08,0.6863515362935738,0.00012598963879031268,0.8669529526508047
mean_gpt2_seeds__count,sid_max_cluster_size,test_Recall@5,17,17,16,-0.864500469050661,7.592088891211326e-06,-0.6154987991453625,0.008533841360690315,-0.7011117843859087,8.979764741280145e-05,0.864500469050661
mean_gpt2_seeds__count,rq_train_entropy_std,test_Recall@5,17,17,16,-0.8620479854505172,8.620954362309289e-06,-0.9169395552953356,2.262641920154723e-07,-0.6715912882012389,0.00017563010679614918,0.8620479854505172
mean_gpt2_seeds__count,rq_train_entropy_l1,test_Recall@5,17,17,16,0.8326181822487927,3.360074531461294e-05,0.9162290684427836,2.4068178786162286e-07,0.6125502958318992,0.0006218689017599262,0.8326181822487927
mean_gpt2_seeds__count,rq_val_entropy_std,test_Recall@5,17,17,16,-0.7443287726436187,0.0006108973022925096,-0.8765810087693415,3.909024706866381e-06,-0.5387490553702247,0.0026157789887446413,0.7443287726436187
mean_gpt2_seeds__count,rq_train_sids_num_l3,test_Recall@5,17,10,16,0.6259824153900962,0.007185698621726785,0.519070868479517,0.03274871729102844,0.5548761277499478,0.0033991335693965004,0.6259824153900962
mean_gpt2_seeds__count,rq_train_sids_num_max,test_Recall@5,17,10,16,0.6259824153900962,0.007185698621726785,0.519070868479517,0.03274871729102844,0.5548761277499478,0.0033991335693965004,0.6259824153900962
mean_gpt2_seeds__count,rq_train_sids_num_l2,test_Recall@5,17,10,16,0.6208036570414709,0.007828487599535673,0.5958221402589168,0.011605566895158195,0.521749194749951,0.005882580776636152,0.6208036570414709
mean_gpt2_seeds__count,rq_train_sids_num_l1,test_Recall@5,17,9,16,0.5914299167868534,0.012398072025798235,0.5748291305289469,0.015788105490470147,0.5158612621759617,0.006665453652348515,0.5914299167868534
mean_gpt2_seeds__count,rq_train_sids_num_l0,test_Recall@5,17,16,16,0.443558282208589,0.07451908555287694,0.30943217247192567,0.2268227474544662,0.4148148148148148,0.02084960197009854,0.443558282208589
mean_gpt2_seeds__count,rq_train_sids_num_min,test_Recall@5,17,16,16,0.443558282208589,0.07451908555287694,0.30943217247192567,0.2268227474544662,0.4148148148148148,0.02084960197009854,0.443558282208589
mean_gpt2_seeds__count,rq_train_sids_num_mean,test_Recall@5,17,16,16,0.43619631901840494,0.08004912989012611,0.5294240121951475,0.028851333742549168,0.4148148148148148,0.02084960197009854,0.43619631901840494
mean_gpt2_seeds__count,rq_train_sids_num_sum,test_Recall@5,17,16,16,0.43619631901840494,0.08004912989012611,0.5294240121951475,0.028851333742549168,0.4148148148148148,0.02084960197009854,0.43619631901840494
mean_gpt2_seeds__count,rq_val_sids_num_std,test_Recall@5,17,16,16,0.24294478527607366,0.3474374207784293,0.19215507018360614,0.45999425777371494,0.19259259259259262,0.2833502852044355,0.24294478527607366
mean_gpt2_seeds__count,rq_train_sids_num_std,test_Recall@5,17,16,16,-0.049693251533742336,0.8497792936532469,-0.01887940231685255,0.9426668636577776,-0.02962962962962963,0.8689048010168644,0.049693251533742336
mean_gpt2_seeds__count,rq_val_entropy_std,val_NDCG@1,17,17,17,-0.8382352941176472,2.6464140709327168e-05,-0.8829901298948829,2.671541408181816e-06,-0.6617647058823529,8.216178860308908e-05,0.8382352941176472
mean_gpt2_seeds__count,rq_train_entropy_std,val_NDCG@1,17,17,17,-0.7990196078431374,0.00011939706384386553,-0.8786584080558463,3.4633628213102303e-06,-0.588235294117647,0.0006285132262410544,0.7990196078431374
mean_gpt2_seeds__count,rq_train_sids_num_l3,val_NDCG@1,17,10,17,0.7659864493215954,0.00033695360557974474,0.4191320125070158,0.0940052418844145,0.6105909848356158,0.0012262411476872167,0.7659864493215954
mean_gpt2_seeds__count,rq_train_sids_num_max,val_NDCG@1,17,10,17,0.7659864493215954,0.00033695360557974474,0.4191320125070158,0.0940052418844145,0.6105909848356158,0.0012262411476872167,0.7659864493215954
mean_gpt2_seeds__count,rq_train_sids_num_l1,val_NDCG@1,17,9,17,0.7276667784632361,0.0009298349542099326,0.786693184538715,0.00017952738516074625,0.5719890932655388,0.0025515565241494256,0.7276667784632361
mean_gpt2_seeds__count,rq_train_sids_num_l2,val_NDCG@1,17,10,17,0.698703855800104,0.0018066037462919728,0.7096479158118819,0.0014184161558024402,0.5115762305379483,0.006759166124430478,0.698703855800104
mean_gpt2_seeds__count,rq_val_sids_num_max,val_NDCG@1,17,15,17,0.6785281181289273,0.002749753470237984,0.6566856323161059,0.004188510490841995,0.5037175233040658,0.005018189646501996,0.6785281181289273
mean_gpt2_seeds__count,rq_train_entropy_l1,val_NDCG@1,17,17,17,0.6691176470588236,0.0033098132428843437,0.8021401624762631,0.00010721327797927314,0.41176470588235287,0.02172533125679204,0.6691176470588236
mean_gpt2_seeds__count,rq_val_sids_num_l2,val_NDCG@1,17,16,17,0.6683017810391634,0.003362439876289924,0.8012291851168012,0.00011065676570686944,0.4797080630008849,0.00736671830615395,0.6683017810391634
mean_gpt2_seeds__count,rq_val_entropy_l0,val_NDCG@1,17,16,17,0.6670755392390916,0.0034428155822592357,0.7183659005455512,0.0011608183011641432,0.45018756681621513,0.01190712613539399,0.6670755392390916
mean_gpt2_seeds__count,rq_val_sids_num_l3,val_NDCG@1,17,17,17,0.6642156862745099,0.0036363489577398325,0.6394467529295562,0.005710571809792128,0.4705882352941176,0.007921135981245789,0.6642156862745099
mean_gpt2_seeds__count,rq_val_sids_num_l0,val_NDCG@1,17,15,17,0.6638041806650085,0.003664909363915853,0.8304497872638151,3.676013580128297e-05,0.45927185948311877,0.010518905867008436,0.6638041806650085
mean_gpt2_seeds__count,rq_val_sids_num_min,val_NDCG@1,17,15,17,0.6638041806650085,0.003664909363915853,0.8304497872638151,3.676013580128297e-05,0.45927185948311877,0.010518905867008436,0.6638041806650085
mean_gpt2_seeds__count,rq_train_entropy_l0,val_NDCG@1,17,17,17,0.661764705882353,0.003809159927727152,0.759232837043751,0.0004082684734920463,0.45588235294117646,0.010340361794472324,0.661764705882353
mean_gpt2_seeds__count,rq_train_entropy_mean,val_NDCG@1,17,17,17,0.661764705882353,0.003809159927727152,0.7316895013747665,0.0008424636642967564,0.45588235294117646,0.010340361794472324,0.661764705882353
mean_gpt2_seeds__count,rq_train_entropy_min,val_NDCG@1,17,17,17,0.661764705882353,0.003809159927727152,0.7598202247883036,0.00040160516726004184,0.45588235294117646,0.010340361794472324,0.661764705882353
mean_gpt2_seeds__count,rq_train_entropy_sum,val_NDCG@1,17,17,17,0.661764705882353,0.003809159927727152,0.7316895013747666,0.0008424636642967518,0.45588235294117646,0.010340361794472324,0.661764705882353
mean_gpt2_seeds__count,rq_val_entropy_min,val_NDCG@1,17,16,17,0.6597180884386604,0.003958513748128396,0.722738752467467,0.0010469471239263636,0.45018756681621513,0.01190712613539399,0.6597180884386604
mean_gpt2_seeds__count,rqvae_total_loss,val_NDCG@1,17,17,17,-0.6568627450980393,0.004174786387665708,-0.5217205185129921,0.03171498907966345,-0.45588235294117646,0.010340361794472324,0.6568627450980393
mean_gpt2_seeds__count,rqvae_val_loss,val_NDCG@1,17,17,17,-0.6544117647058824,0.004367978540420787,-0.6201284558492297,0.007915579077170753,-0.45588235294117646,0.010340361794472324,0.6544117647058824
mean_gpt2_seeds__count,rq_val_entropy_mean,val_NDCG@1,17,17,17,0.6544117647058824,0.004367978540420787,0.6845637243528181,0.002433145813676273,0.45588235294117646,0.010340361794472324,0.6544117647058824
mean_gpt2_seeds__count,rq_val_entropy_sum,val_NDCG@1,17,17,17,0.6544117647058824,0.004367978540420787,0.6845637243528182,0.002433145813676258,0.45588235294117646,0.010340361794472324,0.6544117647058824
mean_gpt2_seeds__count,rq_val_sids_num_mean,val_NDCG@1,17,17,17,0.6544117647058824,0.004367978540420787,0.8145674978769939,6.8506308642068e-05,0.45588235294117646,0.010340361794472324,0.6544117647058824
mean_gpt2_seeds__count,rq_val_sids_num_sum,val_NDCG@1,17,17,17,0.6544117647058824,0.004367978540420787,0.8145674978769939,6.8506308642068e-05,0.45588235294117646,0.010340361794472324,0.6544117647058824
mean_gpt2_seeds__count,rqvae_best_val_loss,val_NDCG@1,17,14,17,-0.65439030553073,0.004369701407526296,-0.6309550852253393,0.006609014646875618,-0.4535598054558691,0.011763171797789096,0.65439030553073
mean_gpt2_seeds__count,rqvae_train_loss,val_NDCG@1,17,17,17,-0.6519607843137255,0.004568346266924807,-0.5670621601852376,0.01760559932823508,-0.4411764705882352,0.013367514323499561,0.6519607843137255
mean_gpt2_seeds__count,sid_path_avg_similarity,val_NDCG@1,17,17,17,0.6495098039215687,0.004776085665557086,0.6635082951810551,0.0036855575559797127,0.4411764705882352,0.013367514323499561,0.6495098039215687
mean_gpt2_seeds__count,rq_train_entropy_l2,val_NDCG@1,17,17,17,0.6446078431372549,0.005214479339958625,0.664536693052135,0.003614195322799958,0.4411764705882352,0.013367514323499561,0.6446078431372549
mean_gpt2_seeds__count,rq_val_entropy_l3,val_NDCG@1,17,17,17,0.6421568627450981,0.005445541252413795,0.4772475521362814,0.05272031755038183,0.45588235294117646,0.010340361794472324,0.6421568627450981
mean_gpt2_seeds__count,rq_val_entropy_max,val_NDCG@1,17,17,17,0.6372549019607844,0.005932437323087304,0.4919439927445968,0.044876311108854025,0.4411764705882352,0.013367514323499561,0.6372549019607844
mean_gpt2_seeds__count,sid_unique_total,val_NDCG@1,17,17,17,0.6323529411764707,0.006453788053382704,0.7451038324277436,0.0005986242278571114,0.41176470588235287,0.02172533125679204,0.6323529411764707
mean_gpt2_seeds__count,sid_collisions,val_NDCG@1,17,17,17,-0.6323529411764707,0.006453788053382704,-0.7451038324277436,0.0005986242278571114,-0.41176470588235287,0.02172533125679204,0.6323529411764707
mean_gpt2_seeds__count,sid_icr,val_NDCG@1,17,17,17,0.6323529411764707,0.006453788053382704,0.7451038324277436,0.0005986242278571114,0.41176470588235287,0.02172533125679204,0.6323529411764707
mean_gpt2_seeds__count,sid_cur_total,val_NDCG@1,17,17,17,0.6323529411764707,0.006453788053382704,0.7451038324277436,0.0005986242278571114,0.41176470588235287,0.02172533125679204,0.6323529411764707
mean_gpt2_seeds__count,rq_val_entropy_l1,val_NDCG@1,17,17,17,0.6323529411764707,0.006453788053382704,0.7793537554081922,0.00022610281370766117,0.39705882352941174,0.027329794647271987,0.6323529411764707
mean_gpt2_seeds__count,rq_train_sids_num_l0,val_NDCG@1,17,16,17,0.6290620434368639,0.006823996514057226,0.606427516129631,0.009856930620834614,0.45018756681621513,0.01190712613539399,0.6290620434368639
mean_gpt2_seeds__count,rq_train_sids_num_min,val_NDCG@1,17,16,17,0.6290620434368639,0.006823996514057226,0.606427516129631,0.009856930620834614,0.45018756681621513,0.01190712613539399,0.6290620434368639
mean_gpt2_seeds__count,sid_max_cluster_size,val_NDCG@1,17,17,17,-0.627450980392157,0.0070113456965958144,-0.19472765117314683,0.45389240641651346,-0.4264705882352941,0.017119110549244844,0.627450980392157
mean_gpt2_seeds__count,rq_val_entropy_l2,val_NDCG@1,17,17,17,0.6225490196078433,0.007606910274594117,0.6078775151708511,0.009635135650415827,0.39705882352941174,0.027329794647271987,0.6225490196078433
mean_gpt2_seeds__count,rq_val_sids_num_l1,val_NDCG@1,17,14,17,0.6212410780460589,0.0077724770727634635,0.8597456739622472,9.692348697070085e-06,0.3940765522813289,0.028612296965141063,0.6212410780460589
mean_gpt2_seeds__count,rq_train_entropy_l3,val_NDCG@1,17,17,17,0.6151960784313726,0.008575573424594193,0.5609230472353398,0.019154942771281873,0.3676470588235294,0.04217070212970702,0.6151960784313726
mean_gpt2_seeds__count,rq_train_entropy_max,val_NDCG@1,17,17,17,0.6151960784313726,0.008575573424594193,0.5609230472353398,0.019154942771281873,0.3676470588235294,0.04217070212970702,0.6151960784313726
mean_gpt2_seeds__count,rq_train_sids_num_mean,val_NDCG@1,17,16,17,0.6118946582358579,0.009041368416301269,0.7084867518927149,0.0014560205472543002,0.4206670706315453,0.01877470311048038,0.6118946582358579
mean_gpt2_seeds__count,rq_train_sids_num_sum,val_NDCG@1,17,16,17,0.6118946582358579,0.009041368416301269,0.7084867518927149,0.0014560205472543002,0.4206670706315453,0.01877470311048038,0.6118946582358579
mean_gpt2_seeds__count,rq_train_sids_num_std,val_NDCG@1,17,16,17,-0.5260577322308277,0.030077107694284334,-0.4509664495206553,0.06924165172566495,-0.3321055820775357,0.0635615431407758,0.5260577322308277
mean_gpt2_seeds__count,rq_val_sids_num_std,val_NDCG@1,17,16,17,-0.13856532340812014,0.5958537978363834,-0.2061672330158246,0.4272617594361768,-0.051660868323172224,0.7728925885694502,0.13856532340812014
mean_gpt2_seeds__count,rq_train_entropy_std,val_NDCG@10,17,17,17,-0.8946078431372549,1.262715918438851e-06,-0.9564721190466767,1.997320984260795e-09,-0.7352941176470588,6.6254254208949975e-06,0.8946078431372549
mean_gpt2_seeds__count,rq_val_entropy_std,val_NDCG@10,17,17,17,-0.8700980392156864,5.627451606306429e-06,-0.9482474726973399,7.140573367083654e-09,-0.7205882352941176,1.148789053319355e-05,0.8700980392156864
mean_gpt2_seeds__count,rq_val_sids_num_mean,val_NDCG@10,17,17,17,0.7769607843137256,0.00024331533106465494,0.9126652687049733,3.254976199708233e-07,0.6617647058823529,8.216178860308908e-05,0.7769607843137256
mean_gpt2_seeds__count,rq_val_sids_num_sum,val_NDCG@10,17,17,17,0.7769607843137256,0.00024331533106465494,0.9126652687049733,3.254976199708233e-07,0.6617647058823529,8.216178860308908e-05,0.7769607843137256
mean_gpt2_seeds__count,rq_val_entropy_min,val_NDCG@10,17,16,17,0.7762110594454871,0.0002489282507136707,0.8404937203692568,2.398116960265919e-05,0.656831040108904,0.00024325525173621087,0.7762110594454871
mean_gpt2_seeds__count,rq_val_entropy_mean,val_NDCG@10,17,17,17,0.7720588235294118,0.00028201264704692656,0.8071635170688368,8.979971025873866e-05,0.6323529411764706,0.00019489090240009966,0.7720588235294118
mean_gpt2_seeds__count,rq_val_entropy_sum,val_NDCG@10,17,17,17,0.7720588235294118,0.00028201264704692656,0.8071635170688368,8.979971025873866e-05,0.6323529411764706,0.00019489090240009966,0.7720588235294118
mean_gpt2_seeds__count,rq_val_entropy_l0,val_NDCG@10,17,16,17,0.7713060922451996,0.0002883866363755237,0.8340010582066714,3.170830309264318e-05,0.656831040108904,0.00024325525173621087,0.7713060922451996
mean_gpt2_seeds__count,rq_val_entropy_l3,val_NDCG@10,17,17,17,0.7696078431372549,0.0003032101451624915,0.6204030559964671,0.007880066448055566,0.6617647058823529,8.216178860308908e-05,0.7696078431372549
mean_gpt2_seeds__count,rq_val_sids_num_l2,val_NDCG@10,17,16,17,0.7688536086450559,0.0003099946794371716,0.9046874378754325,6.122858877739788e-07,0.642070792016569,0.00033475702380718103,0.7688536086450559
mean_gpt2_seeds__count,sid_path_avg_similarity,val_NDCG@10,17,17,17,0.7671568627450981,0.0003257216584351613,0.7944410101759288,0.0001393653480220251,0.6176470588235293,0.0002924937719584528,0.7671568627450981
mean_gpt2_seeds__count,rq_train_entropy_mean,val_NDCG@10,17,17,17,0.7671568627450981,0.0003257216584351613,0.8430391418789962,2.1421919260463686e-05,0.6323529411764706,0.00019489090240009966,0.7671568627450981
mean_gpt2_seeds__count,rq_train_entropy_sum,val_NDCG@10,17,17,17,0.7671568627450981,0.0003257216584351613,0.8430391418789964,2.1421919260463473e-05,0.6323529411764706,0.00019489090240009966,0.7671568627450981
mean_gpt2_seeds__count,rqvae_train_loss,val_NDCG@10,17,17,17,-0.7647058823529413,0.00034961095004698486,-0.6987971016816585,0.0018029625322889145,-0.6176470588235293,0.0002924937719584528,0.7647058823529413
mean_gpt2_seeds__count,rq_val_sids_num_l3,val_NDCG@10,17,17,17,0.7647058823529413,0.00034961095004698486,0.7666676103860536,0.0003303781805258013,0.6470588235294118,0.00012768041939830013,0.7647058823529413
mean_gpt2_seeds__count,rq_val_sids_num_l0,val_NDCG@10,17,15,17,0.7631907585464607,0.0003650963986945518,0.9132332034176851,3.104776163929567e-07,0.6370545147669067,0.0003872959854194224,0.7631907585464607
mean_gpt2_seeds__count,rq_val_sids_num_min,val_NDCG@10,17,15,17,0.7631907585464607,0.0003650963986945518,0.9132332034176851,3.104776163929567e-07,0.6370545147669067,0.0003872959854194224,0.7631907585464607
mean_gpt2_seeds__count,rqvae_best_val_loss,val_NDCG@10,17,14,17,-0.7624322321474358,0.0003730611998240384,-0.7589834063504127,0.00041112572621343485,-0.6320095649794897,0.00044756873876498925,0.7624322321474358
mean_gpt2_seeds__count,rq_train_entropy_l0,val_NDCG@10,17,17,17,0.7598039215686275,0.00040178888017887025,0.8686673939492984,6.082851125690959e-06,0.6323529411764706,0.00019489090240009966,0.7598039215686275
mean_gpt2_seeds__count,rq_train_entropy_min,val_NDCG@10,17,17,17,0.7598039215686275,0.00040178888017887025,0.8694997366290275,5.814238965407988e-06,0.6323529411764706,0.00019489090240009966,0.7598039215686275
mean_gpt2_seeds__count,rq_val_entropy_max,val_NDCG@10,17,17,17,0.7598039215686275,0.00040178888017887025,0.6329344028932928,0.006390088289081777,0.6176470588235293,0.0002924937719584528,0.7598039215686275
mean_gpt2_seeds__count,rqvae_total_loss,val_NDCG@10,17,17,17,-0.7573529411764707,0.00043021611906064527,-0.6432226413569422,0.0053440731629742074,-0.6029411764705882,0.0004320184609575974,0.7573529411764707
mean_gpt2_seeds__count,sid_unique_total,val_NDCG@10,17,17,17,0.7500000000000001,0.000525730789939475,0.862194474118433,8.556338043703526e-06,0.588235294117647,0.0006285132262410544,0.7500000000000001
mean_gpt2_seeds__count,sid_collisions,val_NDCG@10,17,17,17,-0.7500000000000001,0.000525730789939475,-0.862194474118433,8.556338043703526e-06,-0.588235294117647,0.0006285132262410544,0.7500000000000001
mean_gpt2_seeds__count,sid_icr,val_NDCG@10,17,17,17,0.7500000000000001,0.000525730789939475,0.862194474118433,8.556338043703526e-06,0.588235294117647,0.0006285132262410544,0.7500000000000001
mean_gpt2_seeds__count,sid_cur_total,val_NDCG@10,17,17,17,0.7500000000000001,0.000525730789939475,0.862194474118433,8.556338043703526e-06,0.588235294117647,0.0006285132262410544,0.7500000000000001
mean_gpt2_seeds__count,rqvae_val_loss,val_NDCG@10,17,17,17,-0.7426470588235294,0.0006382466911610891,-0.7465841936814063,0.0005757512379288412,-0.5735294117647058,0.0009013347020841902,0.7426470588235294
mean_gpt2_seeds__count,rq_train_entropy_l1,val_NDCG@10,17,17,17,0.7377450980392158,0.0007238246704990681,0.8970641429074682,1.065828467998502e-06,0.5588235294117646,0.0012750331727878694,0.7377450980392158
mean_gpt2_seeds__count,rq_val_sids_num_max,val_NDCG@10,17,15,17,0.7374238679846028,0.0007297491468428506,0.7767681764285195,0.000244747112695515,0.5926088509459597,0.0009633530264638648,0.7374238679846028
mean_gpt2_seeds__count,rq_val_entropy_l2,val_NDCG@10,17,17,17,0.7352941176470589,0.0007700533792802183,0.7414769226689255,0.000657869505499955,0.5735294117647058,0.0009013347020841902,0.7352941176470589
mean_gpt2_seeds__count,rq_train_sids_num_l3,val_NDCG@10,17,10,17,0.7284634644730714,0.0009119615934947802,0.46056279028026564,0.06282044711830705,0.5940885257860046,0.0016589696979125504,0.7284634644730714
mean_gpt2_seeds__count,rq_train_sids_num_max,val_NDCG@10,17,10,17,0.7284634644730714,0.0009119615934947802,0.46056279028026564,0.06282044711830705,0.5940885257860046,0.0016589696979125504,0.7284634644730714
mean_gpt2_seeds__count,rq_train_entropy_l2,val_NDCG@10,17,17,17,0.7279411764705883,0.0009236465346141365,0.7825834097656083,0.00020449712672015294,0.5294117647058822,0.0024551285640838213,0.7279411764705883
mean_gpt2_seeds__count,rq_val_entropy_l1,val_NDCG@10,17,17,17,0.7254901960784315,0.0009801477113721422,0.8824559111516658,2.7599466944677238e-06,0.5441176470588235,0.0017803239418771048,0.7254901960784315
mean_gpt2_seeds__count,sid_max_cluster_size,val_NDCG@10,17,17,17,-0.7132352941176472,0.0013072517803378431,-0.3496398864523358,0.16892014927439,-0.5147058823529411,0.0033456623826434947,0.7132352941176472
mean_gpt2_seeds__count,rq_train_sids_num_l2,val_NDCG@10,17,10,17,0.712936712121958,0.001316221269439089,0.7310037924632277,0.000856856330996968,0.5610836076867821,0.0029722462985977815,0.712936712121958
mean_gpt2_seeds__count,rq_val_sids_num_l1,val_NDCG@10,17,14,17,0.7108667671712807,0.0013798069296262234,0.9345900759231323,3.9732922140045884e-08,0.5279138719240444,0.0033662504849963563,0.7108667671712807
mean_gpt2_seeds__count,rq_train_sids_num_l1,val_NDCG@10,17,9,17,0.7108346287834816,0.0013808137443600823,0.7770452343692895,0.0002426897704961424,0.555409699257842,0.0033928344842690844,0.7108346287834816
mean_gpt2_seeds__count,rq_train_entropy_l3,val_NDCG@10,17,17,17,0.7058823529411765,0.0015433531085605277,0.688320970104983,0.0022515710309893365,0.5147058823529411,0.0033456623826434947,0.7058823529411765
mean_gpt2_seeds__count,rq_train_entropy_max,val_NDCG@10,17,17,17,0.7058823529411765,0.0015433531085605277,0.688320970104983,0.0022515710309893365,0.5147058823529411,0.0033456623826434947,0.7058823529411765
mean_gpt2_seeds__count,rq_train_sids_num_mean,val_NDCG@10,17,16,17,0.6057634492354986,0.009959855552879843,0.7034323705507849,0.0016293939170347882,0.4797080630008849,0.00736671830615395,0.6057634492354986
mean_gpt2_seeds__count,rq_train_sids_num_sum,val_NDCG@10,17,16,17,0.6057634492354986,0.009959855552879843,0.7034323705507849,0.0016293939170347882,0.4797080630008849,0.00736671830615395,0.6057634492354986
mean_gpt2_seeds__count,rq_train_sids_num_l0,val_NDCG@10,17,16,17,0.5959535148349238,0.011582497189356505,0.5611793503060326,0.01908819937878101,0.4797080630008849,0.00736671830615395,0.5959535148349238
mean_gpt2_seeds__count,rq_train_sids_num_min,val_NDCG@10,17,16,17,0.5959535148349238,0.011582497189356505,0.5611793503060326,0.01908819937878101,0.4797080630008849,0.00736671830615395,0.5959535148349238
mean_gpt2_seeds__count,rq_train_sids_num_std,val_NDCG@10,17,16,17,-0.38994489242285135,0.12178559168090769,-0.36670452859288827,0.14767178945659032,-0.2435440935235262,0.173668120900913,0.38994489242285135
mean_gpt2_seeds__count,rq_val_sids_num_std,val_NDCG@10,17,16,17,-0.09809934400574877,0.70797969646094,-0.12216661091052726,0.6404319257594916,0.0073801240461674605,0.9671144342016654,0.09809934400574877
mean_gpt2_seeds__count,rq_train_entropy_std,val_NDCG@20,17,17,17,-0.9044117647058825,6.251789855978917e-07,-0.9659528994917718,3.253035976519715e-10,-0.764705882352941,2.0270077800034225e-06,0.9044117647058825
mean_gpt2_seeds__count,rq_val_entropy_std,val_NDCG@20,17,17,17,-0.8700980392156864,5.627451606306429e-06,-0.9564227684383074,2.014077280015113e-09,-0.7205882352941176,1.148789053319355e-05,0.8700980392156864
mean_gpt2_seeds__count,rq_val_sids_num_mean,val_NDCG@20,17,17,17,0.8186274509803922,5.876012799925565e-05,0.9327752255446379,4.852556735946376e-08,0.6911764705882353,3.209019424470449e-05,0.8186274509803922
mean_gpt2_seeds__count,rq_val_sids_num_sum,val_NDCG@20,17,17,17,0.8186274509803922,5.876012799925565e-05,0.9327752255446379,4.852556735946376e-08,0.6911764705882353,3.209019424470449e-05,0.8186274509803922
mean_gpt2_seeds__count,rq_val_entropy_min,val_NDCG@20,17,16,17,0.8154507970477866,6.627756086488984e-05,0.8699221343737209,5.681830452891017e-06,0.6863515362935738,0.00012598963879031268,0.8154507970477866
mean_gpt2_seeds__count,rq_val_entropy_l3,val_NDCG@20,17,17,17,0.8137254901960784,7.068933644044626e-05,0.6651754757710189,0.00357043711672777,0.6911764705882353,3.209019424470449e-05,0.8137254901960784
mean_gpt2_seeds__count,rq_val_entropy_mean,val_NDCG@20,17,17,17,0.8137254901960784,7.068933644044626e-05,0.8391424639097944,2.544183833833078e-05,0.6617647058823529,8.216178860308908e-05,0.8137254901960784
mean_gpt2_seeds__count,rq_val_entropy_sum,val_NDCG@20,17,17,17,0.8137254901960784,7.068933644044626e-05,0.8391424639097946,2.544183833833054e-05,0.6617647058823529,8.216178860308908e-05,0.8137254901960784
mean_gpt2_seeds__count,rq_val_entropy_l0,val_NDCG@20,17,16,17,0.812998313447643,7.262153351801167e-05,0.8642309280833456,7.699793390942837e-06,0.6863515362935738,0.00012598963879031268,0.812998313447643
mean_gpt2_seeds__count,rq_train_entropy_mean,val_NDCG@20,17,17,17,0.8088235294117647,8.459695101481672e-05,0.8714237489658883,5.23168605298554e-06,0.6617647058823529,8.216178860308908e-05,0.8088235294117647
mean_gpt2_seeds__count,rq_train_entropy_sum,val_NDCG@20,17,17,17,0.8088235294117647,8.459695101481672e-05,0.8714237489658884,5.231686052985479e-06,0.6617647058823529,8.216178860308908e-05,0.8088235294117647
mean_gpt2_seeds__count,rq_val_sids_num_l3,val_NDCG@20,17,17,17,0.806372549019608,9.237187552774258e-05,0.8029019415496738,0.0001044033411969374,0.676470588235294,5.18722751399025e-05,0.806372549019608
mean_gpt2_seeds__count,rq_val_sids_num_l2,val_NDCG@20,17,16,17,0.8056408626472118,9.480617619511754e-05,0.9254644336492752,1.0300369487437185e-07,0.6715912882012389,0.00017563010679614918,0.8056408626472118
mean_gpt2_seeds__count,rq_train_entropy_l0,val_NDCG@20,17,17,17,0.8039215686274511,0.0001007394030010668,0.8953912145899191,1.1968054758819527e-06,0.6617647058823529,8.216178860308908e-05,0.8039215686274511
mean_gpt2_seeds__count,rq_train_entropy_min,val_NDCG@20,17,17,17,0.8039215686274511,0.0001007394030010668,0.89613999009097,1.1365764824948823e-06,0.6617647058823529,8.216178860308908e-05,0.8039215686274511
mean_gpt2_seeds__count,rq_val_entropy_max,val_NDCG@20,17,17,17,0.8039215686274511,0.0001007394030010668,0.6770539620072616,0.0028319767511567713,0.6470588235294118,0.00012768041939830013,0.8039215686274511
mean_gpt2_seeds__count,rq_val_sids_num_l0,val_NDCG@20,17,15,17,0.8024545917835777,0.0001060458508945656,0.9233807775739896,1.258873739426681e-07,0.6666849573142047,0.00020429671058084037,0.8024545917835777
mean_gpt2_seeds__count,rq_val_sids_num_min,val_NDCG@20,17,15,17,0.8024545917835777,0.0001060458508945656,0.9233807775739896,1.258873739426681e-07,0.6666849573142047,0.00020429671058084037,0.8024545917835777
mean_gpt2_seeds__count,rqvae_best_val_loss,val_NDCG@20,17,14,17,-0.7992647071304038,0.00011839982696571199,-0.7942704886723463,0.00014016003402397256,-0.6617511915667599,0.0002373739111193917,0.7992647071304038
mean_gpt2_seeds__count,rqvae_total_loss,val_NDCG@20,17,17,17,-0.7990196078431374,0.00011939706384386553,-0.6784599116799644,0.0027535143186049756,-0.6323529411764706,0.00019489090240009966,0.7990196078431374
mean_gpt2_seeds__count,sid_path_avg_similarity,val_NDCG@20,17,17,17,0.7990196078431374,0.00011939706384386553,0.8234929222962148,4.8645435050374834e-05,0.6470588235294118,0.00012768041939830013,0.7990196078431374
mean_gpt2_seeds__count,rqvae_train_loss,val_NDCG@20,17,17,17,-0.7965686274509804,0.00012976358194609737,-0.7349833387684518,0.0007760858771970221,-0.6470588235294118,0.00012768041939830013,0.7965686274509804
mean_gpt2_seeds__count,sid_unique_total,val_NDCG@20,17,17,17,0.786764705882353,0.00017911658809218237,0.8869421673404067,2.089344888870619e-06,0.6176470588235293,0.0002924937719584528,0.786764705882353
mean_gpt2_seeds__count,sid_collisions,val_NDCG@20,17,17,17,-0.786764705882353,0.00017911658809218237,-0.8869421673404067,2.089344888870619e-06,-0.6176470588235293,0.0002924937719584528,0.786764705882353
mean_gpt2_seeds__count,sid_icr,val_NDCG@20,17,17,17,0.786764705882353,0.00017911658809218237,0.8869421673404065,2.089344888870647e-06,0.6176470588235293,0.0002924937719584528,0.786764705882353
mean_gpt2_seeds__count,sid_cur_total,val_NDCG@20,17,17,17,0.786764705882353,0.00017911658809218237,0.8869421673404067,2.089344888870619e-06,0.6176470588235293,0.0002924937719584528,0.786764705882353
mean_gpt2_seeds__count,rqvae_val_loss,val_NDCG@20,17,17,17,-0.7794117647058825,0.00022569855648436904,-0.7819173037950409,0.00020880557179757636,-0.6029411764705882,0.0004320184609575974,0.7794117647058825
mean_gpt2_seeds__count,rq_train_entropy_l1,val_NDCG@20,17,17,17,0.7794117647058825,0.00022569855648436904,0.9189497918492506,1.8941074656594025e-07,0.588235294117647,0.0006285132262410544,0.7794117647058825
mean_gpt2_seeds__count,rq_val_sids_num_max,val_NDCG@20,17,15,17,0.7791416907990395,0.00022758581619157573,0.8127123903583066,7.33933549606603e-05,0.6222392934932578,0.0005281315301490846,0.7791416907990395
mean_gpt2_seeds__count,rq_val_entropy_l2,val_NDCG@20,17,17,17,0.7745098039215688,0.00026206754624250023,0.7747583410493316,0.0002601126415358781,0.6029411764705882,0.0004320184609575974,0.7745098039215688
mean_gpt2_seeds__count,rq_train_entropy_l2,val_NDCG@20,17,17,17,0.7696078431372549,0.0003032101451624915,0.8118906040871866,7.565026546111428e-05,0.5588235294117646,0.0012750331727878694,0.7696078431372549
mean_gpt2_seeds__count,rq_val_entropy_l1,val_NDCG@20,17,17,17,0.7671568627450981,0.0003257216584351613,0.9064724690473087,5.341775747003204e-07,0.5735294117647058,0.0009013347020841902,0.7671568627450981
mean_gpt2_seeds__count,rq_train_sids_num_l3,val_NDCG@20,17,10,17,0.7621047612338171,0.0003765442414571998,0.48626248756580936,0.04779654375573832,0.627093443885227,0.000899931338349198,0.7621047612338171
mean_gpt2_seeds__count,rq_train_sids_num_max,val_NDCG@20,17,10,17,0.7621047612338171,0.0003765442414571998,0.48626248756580936,0.04779654375573832,0.627093443885227,0.000899931338349198,0.7621047612338171
mean_gpt2_seeds__count,rq_val_sids_num_l1,val_NDCG@20,17,14,17,0.7526102388186444,0.0004899896735760652,0.9479637677614345,7.433258840704034e-09,0.5576554985113145,0.0019526535149945279,0.7526102388186444
mean_gpt2_seeds__count,rq_train_entropy_l3,val_NDCG@20,17,17,17,0.7500000000000001,0.000525730789939475,0.7291682247568732,0.0008963882502164036,0.5441176470588235,0.0017803239418771048,0.7500000000000001
mean_gpt2_seeds__count,rq_train_entropy_max,val_NDCG@20,17,17,17,0.7500000000000001,0.000525730789939475,0.7291682247568732,0.0008963882502164036,0.5441176470588235,0.0017803239418771048,0.7500000000000001
mean_gpt2_seeds__count,sid_max_cluster_size,val_NDCG@20,17,17,17,-0.7475490196078433,0.0005612381524319418,-0.4023507671729845,0.10935395247697746,-0.5441176470588235,0.0017803239418771048,0.7475490196078433
mean_gpt2_seeds__count,rq_train_sids_num_l2,val_NDCG@20,17,10,17,0.7439902168241848,0.000616323487144846,0.7316723980417887,0.0008428202053586802,0.5940885257860046,0.0016589696979125504,0.7439902168241848
mean_gpt2_seeds__count,rq_train_sids_num_l1,val_NDCG@20,17,9,17,0.7393198051646047,0.0006953556774200291,0.7697884077069581,0.00030160444697397077,0.5885684872732356,0.0019052798380031516,0.7393198051646047
mean_gpt2_seeds__count,rq_train_sids_num_mean,val_NDCG@20,17,16,17,0.6327407688370795,0.006411244722477622,0.6980752638310393,0.001831307745412845,0.5092285591855548,0.004445245489805947,0.6327407688370795
mean_gpt2_seeds__count,rq_train_sids_num_sum,val_NDCG@20,17,16,17,0.6327407688370795,0.006411244722477622,0.6980752638310393,0.001831307745412845,0.5092285591855548,0.004445245489805947,0.6327407688370795
mean_gpt2_seeds__count,rq_train_sids_num_l0,val_NDCG@20,17,16,17,0.6278358016367921,0.006966224428836524,0.5387414406768276,0.025658546051136908,0.5092285591855548,0.004445245489805947,0.6278358016367921
mean_gpt2_seeds__count,rq_train_sids_num_min,val_NDCG@20,17,16,17,0.6278358016367921,0.006966224428836524,0.5387414406768276,0.025658546051136908,0.5092285591855548,0.004445245489805947,0.6278358016367921
mean_gpt2_seeds__count,rq_train_sids_num_std,val_NDCG@20,17,16,17,-0.3335377696195458,0.1907688235360737,-0.32234895875389175,0.20700010209983677,-0.21402359733885637,0.23185230020368097,0.3335377696195458
mean_gpt2_seeds__count,rq_val_sids_num_std,val_NDCG@20,17,16,17,-0.02820356140165277,0.914432550786474,-0.07308107041871886,0.7804429702099158,0.0369006202308373,0.836683035334292,0.02820356140165277
mean_gpt2_seeds__count,rq_train_entropy_std,val_NDCG@5,17,17,17,-0.8700980392156864,5.627451606306429e-06,-0.9362475211385692,3.293600788473884e-08,-0.6911764705882353,3.209019424470449e-05,0.8700980392156864
mean_gpt2_seeds__count,rq_val_entropy_std,val_NDCG@5,17,17,17,-0.8676470588235294,6.426473554233676e-06,-0.9311289613082988,5.789842660249969e-08,-0.7058823529411764,1.9425366308238382e-05,0.8676470588235294
mean_gpt2_seeds__count,rq_train_sids_num_l3,val_NDCG@5,17,10,17,0.767280345350855,0.00032455509266997914,0.48725547065502794,0.047276131020123485,0.627093443885227,0.000899931338349198,0.767280345350855
mean_gpt2_seeds__count,rq_train_sids_num_max,val_NDCG@5,17,10,17,0.767280345350855,0.00032455509266997914,0.48725547065502794,0.047276131020123485,0.627093443885227,0.000899931338349198,0.767280345350855
mean_gpt2_seeds__count,rq_train_sids_num_l1,val_NDCG@5,17,9,17,0.7509728318659733,0.0005121651152550579,0.8059426748759319,9.379559721284253e-05,0.5885684872732356,0.0019052798380031516,0.7509728318659733
mean_gpt2_seeds__count,rq_train_sids_num_l2,val_NDCG@5,17,10,17,0.7465780088827038,0.0005758452662681213,0.7594346279043933,0.00040596906023062924,0.5940885257860046,0.0016589696979125504,0.7465780088827038
mean_gpt2_seeds__count,rq_val_sids_num_mean,val_NDCG@5,17,17,17,0.7352941176470589,0.0007700533792802183,0.8822461824943316,2.7953292165235263e-06,0.6176470588235293,0.0002924937719584528,0.7352941176470589
mean_gpt2_seeds__count,rq_val_sids_num_sum,val_NDCG@5,17,17,17,0.7352941176470589,0.0007700533792802183,0.8822461824943316,2.7953292165235263e-06,0.6176470588235293,0.0002924937719584528,0.7352941176470589
mean_gpt2_seeds__count,rq_val_sids_num_l2,val_NDCG@5,17,16,17,0.7345188382430439,0.0007851751757672156,0.8717377975752078,5.141486583478825e-06,0.6125502958318992,0.0006218689017599262,0.7345188382430439
mean_gpt2_seeds__count,rq_val_entropy_min,val_NDCG@5,17,16,17,0.733292596442972,0.0008095945550543681,0.8048730475493091,9.741847847423381e-05,0.6125502958318992,0.0006218689017599262,0.733292596442972
mean_gpt2_seeds__count,rq_val_entropy_l3,val_NDCG@5,17,17,17,0.732843137254902,0.0008187010454083446,0.5775261752753809,0.015192743652659515,0.6176470588235293,0.0002924937719584528,0.732843137254902
mean_gpt2_seeds__count,rq_val_sids_num_l3,val_NDCG@5,17,17,17,0.732843137254902,0.0008187010454083446,0.7253548389178429,0.0009833493815631154,0.6029411764705882,0.0004320184609575974,0.732843137254902
mean_gpt2_seeds__count,rq_val_entropy_l0,val_NDCG@5,17,16,17,0.7308401128428283,0.0008603217834648328,0.7984733010215836,0.00012164524169522566,0.6125502958318992,0.0006218689017599262,0.7308401128428283
mean_gpt2_seeds__count,rq_train_entropy_mean,val_NDCG@5,17,17,17,0.7303921568627452,0.0008698653219673867,0.813549732998043,7.115232837353581e-05,0.588235294117647,0.0006285132262410544,0.7303921568627452
mean_gpt2_seeds__count,rq_train_entropy_sum,val_NDCG@5,17,17,17,0.7303921568627452,0.0008698653219673867,0.813549732998043,7.115232837353581e-05,0.588235294117647,0.0006285132262410544,0.7303921568627452
mean_gpt2_seeds__count,rq_val_entropy_mean,val_NDCG@5,17,17,17,0.7303921568627452,0.0008698653219673867,0.7690282611558852,0.0003084124694805404,0.588235294117647,0.0006285132262410544,0.7303921568627452
mean_gpt2_seeds__count,rq_val_entropy_sum,val_NDCG@5,17,17,17,0.7303921568627452,0.0008698653219673867,0.7690282611558854,0.0003084124694805386,0.588235294117647,0.0006285132262410544,0.7303921568627452
mean_gpt2_seeds__count,sid_path_avg_similarity,val_NDCG@5,17,17,17,0.7254901960784315,0.0009801477113721422,0.7505032181933278,0.00051867685239848,0.5735294117647058,0.0009013347020841902,0.7254901960784315
mean_gpt2_seeds__count,rq_val_sids_num_l0,val_NDCG@5,17,15,17,0.7239269253093438,0.0010176541024397457,0.8982422420030438,9.811248253143746e-07,0.5926088509459597,0.0009633530264638648,0.7239269253093438
mean_gpt2_seeds__count,rq_val_sids_num_min,val_NDCG@5,17,15,17,0.7239269253093438,0.0010176541024397457,0.8982422420030438,9.811248253143746e-07,0.5926088509459597,0.0009633530264638648,0.7239269253093438
mean_gpt2_seeds__count,rqvae_best_val_loss,val_NDCG@5,17,14,17,-0.72314425883227,0.0010368726037032654,-0.714095010172699,0.0012817063850713265,-0.5873971250985845,0.0011042165035558328,0.72314425883227
mean_gpt2_seeds__count,rq_train_entropy_l0,val_NDCG@5,17,17,17,0.7230392156862746,0.00103947461159762,0.8383928824014116,2.6284098422330207e-05,0.588235294117647,0.0006285132262410544,0.7230392156862746
mean_gpt2_seeds__count,rq_train_entropy_min,val_NDCG@5,17,17,17,0.7230392156862746,0.00103947461159762,0.8392114191566669,2.536551856109411e-05,0.588235294117647,0.0006285132262410544,0.7230392156862746
mean_gpt2_seeds__count,rqvae_train_loss,val_NDCG@5,17,17,17,-0.7205882352941178,0.0011017357540910224,-0.6446090351211015,0.005214368925558437,-0.5735294117647058,0.0009013347020841902,0.7205882352941178
mean_gpt2_seeds__count,rqvae_total_loss,val_NDCG@5,17,17,17,-0.7205882352941178,0.0011017357540910224,-0.6022526976831988,0.01051830116762608,-0.5588235294117646,0.0012750331727878694,0.7205882352941178
mean_gpt2_seeds__count,rq_train_entropy_l1,val_NDCG@5,17,17,17,0.7181372549019608,0.001167042444328288,0.8720809234999115,5.0444524366117285e-06,0.5441176470588235,0.0017803239418771048,0.7181372549019608
mean_gpt2_seeds__count,rq_val_entropy_max,val_NDCG@5,17,17,17,0.7181372549019608,0.001167042444328288,0.5884303163750865,0.012963484546924512,0.5735294117647058,0.0009013347020841902,0.7181372549019608
mean_gpt2_seeds__count,rqvae_val_loss,val_NDCG@5,17,17,17,-0.7107843137254903,0.001382391202690408,-0.7009367890170959,0.0017210481418390585,-0.5588235294117646,0.0012750331727878694,0.7107843137254903
mean_gpt2_seeds__count,sid_unique_total,val_NDCG@5,17,17,17,0.7083333333333334,0.0014610497738465624,0.8262219525611201,4.364603173918153e-05,0.5441176470588235,0.0017803239418771048,0.7083333333333334
mean_gpt2_seeds__count,sid_collisions,val_NDCG@5,17,17,17,-0.7083333333333334,0.0014610497738465624,-0.8262219525611201,4.364603173918153e-05,-0.5441176470588235,0.0017803239418771048,0.7083333333333334
mean_gpt2_seeds__count,sid_icr,val_NDCG@5,17,17,17,0.7083333333333334,0.0014610497738465624,0.8262219525611201,4.364603173918153e-05,0.5441176470588235,0.0017803239418771048,0.7083333333333334
mean_gpt2_seeds__count,sid_cur_total,val_NDCG@5,17,17,17,0.7083333333333334,0.0014610497738465624,0.82622195256112,4.364603173918153e-05,0.5441176470588235,0.0017803239418771048,0.7083333333333334
mean_gpt2_seeds__count,rq_val_sids_num_max,val_NDCG@5,17,15,17,0.7042950086907853,0.0015986607619234562,0.7347420067808064,0.0007807972978045581,0.5481631871250128,0.0022623393351416644,0.7042950086907853
mean_gpt2_seeds__count,rq_train_entropy_l2,val_NDCG@5,17,17,17,0.698529411764706,0.0018134319155482582,0.7531773198162441,0.0004824984022614046,0.48529411764705876,0.00600683882392195,0.698529411764706
mean_gpt2_seeds__count,rq_val_entropy_l2,val_NDCG@5,17,17,17,0.698529411764706,0.0018134319155482582,0.6989987145211974,0.0017951102120969164,0.5294117647058822,0.0024551285640838213,0.698529411764706
mean_gpt2_seeds__count,sid_max_cluster_size,val_NDCG@5,17,17,17,-0.6911764705882353,0.002121119258191049,-0.28691324659377687,0.2641879872213277,-0.49999999999999994,0.004507537046975066,0.6911764705882353
mean_gpt2_seeds__count,rq_val_entropy_l1,val_NDCG@5,17,17,17,0.6838235294117648,0.0024702894922090123,0.8497352573784044,1.576673131813304e-05,0.49999999999999994,0.004507537046975066,0.6838235294117648
mean_gpt2_seeds__count,rq_val_sids_num_l1,val_NDCG@5,17,14,17,0.6752620413544118,0.0029346118426871676,0.9062627422574083,5.428876644765259e-07,0.4833014320431392,0.007266840047382399,0.6752620413544118
mean_gpt2_seeds__count,rq_train_entropy_l3,val_NDCG@5,17,17,17,0.6691176470588236,0.0033098132428843437,0.654184834184633,0.004386225711837011,0.4705882352941176,0.007921135981245789,0.6691176470588236
mean_gpt2_seeds__count,rq_train_entropy_max,val_NDCG@5,17,17,17,0.6691176470588236,0.0033098132428843437,0.654184834184633,0.004386225711837011,0.4705882352941176,0.007921135981245789,0.6691176470588236
mean_gpt2_seeds__count,rq_train_sids_num_mean,val_NDCG@5,17,16,17,0.6450031868377981,0.005177961672901764,0.7428425659226483,0.0006350159499219234,0.49446831109321987,0.005740440097363524,0.6450031868377981
mean_gpt2_seeds__count,rq_train_sids_num_sum,val_NDCG@5,17,16,17,0.6450031868377981,0.005177961672901764,0.7428425659226483,0.0006350159499219234,0.49446831109321987,0.005740440097363524,0.6450031868377981
mean_gpt2_seeds__count,rq_train_sids_num_l0,val_NDCG@5,17,16,17,0.6425507032376544,0.0054078660280418205,0.6211665999822035,0.007781991045971869,0.49446831109321987,0.005740440097363524,0.6425507032376544
mean_gpt2_seeds__count,rq_train_sids_num_min,val_NDCG@5,17,16,17,0.6425507032376544,0.0054078660280418205,0.6211665999822035,0.007781991045971869,0.49446831109321987,0.005740440097363524,0.6425507032376544
mean_gpt2_seeds__count,rq_train_sids_num_std,val_NDCG@5,17,16,17,-0.4438995316260131,0.07426971584416685,-0.42990597919167567,0.08500569407776444,-0.25830434161586113,0.14902984449976223,0.4438995316260131
mean_gpt2_seeds__count,rq_val_sids_num_std,val_NDCG@5,17,16,17,-0.11649297100682666,0.6561399651979845,-0.1743928645657759,0.5032210837451583,-0.0073801240461674605,0.9671144342016654,0.11649297100682666
mean_gpt2_seeds__count,rq_val_entropy_std,val_Recall@1,17,17,17,-0.8382352941176472,2.6464140709327168e-05,-0.8829901298948829,2.671541408181816e-06,-0.6617647058823529,8.216178860308908e-05,0.8382352941176472
mean_gpt2_seeds__count,rq_train_entropy_std,val_Recall@1,17,17,17,-0.7990196078431374,0.00011939706384386553,-0.8786584080558463,3.4633628213102303e-06,-0.588235294117647,0.0006285132262410544,0.7990196078431374
mean_gpt2_seeds__count,rq_train_sids_num_l3,val_Recall@1,17,10,17,0.7659864493215954,0.00033695360557974474,0.4191320125070158,0.0940052418844145,0.6105909848356158,0.0012262411476872167,0.7659864493215954
mean_gpt2_seeds__count,rq_train_sids_num_max,val_Recall@1,17,10,17,0.7659864493215954,0.00033695360557974474,0.4191320125070158,0.0940052418844145,0.6105909848356158,0.0012262411476872167,0.7659864493215954
mean_gpt2_seeds__count,rq_train_sids_num_l1,val_Recall@1,17,9,17,0.7276667784632361,0.0009298349542099326,0.786693184538715,0.00017952738516074625,0.5719890932655388,0.0025515565241494256,0.7276667784632361
mean_gpt2_seeds__count,rq_train_sids_num_l2,val_Recall@1,17,10,17,0.698703855800104,0.0018066037462919728,0.7096479158118819,0.0014184161558024402,0.5115762305379483,0.006759166124430478,0.698703855800104
mean_gpt2_seeds__count,rq_val_sids_num_max,val_Recall@1,17,15,17,0.6785281181289273,0.002749753470237984,0.6566856323161059,0.004188510490841995,0.5037175233040658,0.005018189646501996,0.6785281181289273
mean_gpt2_seeds__count,rq_train_entropy_l1,val_Recall@1,17,17,17,0.6691176470588236,0.0033098132428843437,0.8021401624762631,0.00010721327797927314,0.41176470588235287,0.02172533125679204,0.6691176470588236
mean_gpt2_seeds__count,rq_val_sids_num_l2,val_Recall@1,17,16,17,0.6683017810391634,0.003362439876289924,0.8012291851168012,0.00011065676570686944,0.4797080630008849,0.00736671830615395,0.6683017810391634
mean_gpt2_seeds__count,rq_val_entropy_l0,val_Recall@1,17,16,17,0.6670755392390916,0.0034428155822592357,0.7183659005455512,0.0011608183011641432,0.45018756681621513,0.01190712613539399,0.6670755392390916
mean_gpt2_seeds__count,rq_val_sids_num_l3,val_Recall@1,17,17,17,0.6642156862745099,0.0036363489577398325,0.6394467529295562,0.005710571809792128,0.4705882352941176,0.007921135981245789,0.6642156862745099
mean_gpt2_seeds__count,rq_val_sids_num_l0,val_Recall@1,17,15,17,0.6638041806650085,0.003664909363915853,0.8304497872638151,3.676013580128297e-05,0.45927185948311877,0.010518905867008436,0.6638041806650085
mean_gpt2_seeds__count,rq_val_sids_num_min,val_Recall@1,17,15,17,0.6638041806650085,0.003664909363915853,0.8304497872638151,3.676013580128297e-05,0.45927185948311877,0.010518905867008436,0.6638041806650085
mean_gpt2_seeds__count,rq_train_entropy_l0,val_Recall@1,17,17,17,0.661764705882353,0.003809159927727152,0.759232837043751,0.0004082684734920463,0.45588235294117646,0.010340361794472324,0.661764705882353
mean_gpt2_seeds__count,rq_train_entropy_mean,val_Recall@1,17,17,17,0.661764705882353,0.003809159927727152,0.7316895013747665,0.0008424636642967564,0.45588235294117646,0.010340361794472324,0.661764705882353
mean_gpt2_seeds__count,rq_train_entropy_min,val_Recall@1,17,17,17,0.661764705882353,0.003809159927727152,0.7598202247883036,0.00040160516726004184,0.45588235294117646,0.010340361794472324,0.661764705882353
mean_gpt2_seeds__count,rq_train_entropy_sum,val_Recall@1,17,17,17,0.661764705882353,0.003809159927727152,0.7316895013747666,0.0008424636642967518,0.45588235294117646,0.010340361794472324,0.661764705882353
mean_gpt2_seeds__count,rq_val_entropy_min,val_Recall@1,17,16,17,0.6597180884386604,0.003958513748128396,0.722738752467467,0.0010469471239263636,0.45018756681621513,0.01190712613539399,0.6597180884386604
mean_gpt2_seeds__count,rqvae_total_loss,val_Recall@1,17,17,17,-0.6568627450980393,0.004174786387665708,-0.5217205185129921,0.03171498907966345,-0.45588235294117646,0.010340361794472324,0.6568627450980393
mean_gpt2_seeds__count,rqvae_val_loss,val_Recall@1,17,17,17,-0.6544117647058824,0.004367978540420787,-0.6201284558492297,0.007915579077170753,-0.45588235294117646,0.010340361794472324,0.6544117647058824
mean_gpt2_seeds__count,rq_val_entropy_mean,val_Recall@1,17,17,17,0.6544117647058824,0.004367978540420787,0.6845637243528181,0.002433145813676273,0.45588235294117646,0.010340361794472324,0.6544117647058824
mean_gpt2_seeds__count,rq_val_entropy_sum,val_Recall@1,17,17,17,0.6544117647058824,0.004367978540420787,0.6845637243528182,0.002433145813676258,0.45588235294117646,0.010340361794472324,0.6544117647058824
mean_gpt2_seeds__count,rq_val_sids_num_mean,val_Recall@1,17,17,17,0.6544117647058824,0.004367978540420787,0.8145674978769939,6.8506308642068e-05,0.45588235294117646,0.010340361794472324,0.6544117647058824
mean_gpt2_seeds__count,rq_val_sids_num_sum,val_Recall@1,17,17,17,0.6544117647058824,0.004367978540420787,0.8145674978769939,6.8506308642068e-05,0.45588235294117646,0.010340361794472324,0.6544117647058824
mean_gpt2_seeds__count,rqvae_best_val_loss,val_Recall@1,17,14,17,-0.65439030553073,0.004369701407526296,-0.6309550852253393,0.006609014646875618,-0.4535598054558691,0.011763171797789096,0.65439030553073
mean_gpt2_seeds__count,rqvae_train_loss,val_Recall@1,17,17,17,-0.6519607843137255,0.004568346266924807,-0.5670621601852376,0.01760559932823508,-0.4411764705882352,0.013367514323499561,0.6519607843137255
mean_gpt2_seeds__count,sid_path_avg_similarity,val_Recall@1,17,17,17,0.6495098039215687,0.004776085665557086,0.6635082951810551,0.0036855575559797127,0.4411764705882352,0.013367514323499561,0.6495098039215687
mean_gpt2_seeds__count,rq_train_entropy_l2,val_Recall@1,17,17,17,0.6446078431372549,0.005214479339958625,0.664536693052135,0.003614195322799958,0.4411764705882352,0.013367514323499561,0.6446078431372549
mean_gpt2_seeds__count,rq_val_entropy_l3,val_Recall@1,17,17,17,0.6421568627450981,0.005445541252413795,0.4772475521362814,0.05272031755038183,0.45588235294117646,0.010340361794472324,0.6421568627450981
mean_gpt2_seeds__count,rq_val_entropy_max,val_Recall@1,17,17,17,0.6372549019607844,0.005932437323087304,0.4919439927445968,0.044876311108854025,0.4411764705882352,0.013367514323499561,0.6372549019607844
mean_gpt2_seeds__count,sid_unique_total,val_Recall@1,17,17,17,0.6323529411764707,0.006453788053382704,0.7451038324277436,0.0005986242278571114,0.41176470588235287,0.02172533125679204,0.6323529411764707
mean_gpt2_seeds__count,sid_collisions,val_Recall@1,17,17,17,-0.6323529411764707,0.006453788053382704,-0.7451038324277436,0.0005986242278571114,-0.41176470588235287,0.02172533125679204,0.6323529411764707
mean_gpt2_seeds__count,sid_icr,val_Recall@1,17,17,17,0.6323529411764707,0.006453788053382704,0.7451038324277436,0.0005986242278571114,0.41176470588235287,0.02172533125679204,0.6323529411764707
mean_gpt2_seeds__count,sid_cur_total,val_Recall@1,17,17,17,0.6323529411764707,0.006453788053382704,0.7451038324277436,0.0005986242278571114,0.41176470588235287,0.02172533125679204,0.6323529411764707
mean_gpt2_seeds__count,rq_val_entropy_l1,val_Recall@1,17,17,17,0.6323529411764707,0.006453788053382704,0.7793537554081922,0.00022610281370766117,0.39705882352941174,0.027329794647271987,0.6323529411764707
mean_gpt2_seeds__count,rq_train_sids_num_l0,val_Recall@1,17,16,17,0.6290620434368639,0.006823996514057226,0.606427516129631,0.009856930620834614,0.45018756681621513,0.01190712613539399,0.6290620434368639
mean_gpt2_seeds__count,rq_train_sids_num_min,val_Recall@1,17,16,17,0.6290620434368639,0.006823996514057226,0.606427516129631,0.009856930620834614,0.45018756681621513,0.01190712613539399,0.6290620434368639
mean_gpt2_seeds__count,sid_max_cluster_size,val_Recall@1,17,17,17,-0.627450980392157,0.0070113456965958144,-0.19472765117314683,0.45389240641651346,-0.4264705882352941,0.017119110549244844,0.627450980392157
mean_gpt2_seeds__count,rq_val_entropy_l2,val_Recall@1,17,17,17,0.6225490196078433,0.007606910274594117,0.6078775151708511,0.009635135650415827,0.39705882352941174,0.027329794647271987,0.6225490196078433
mean_gpt2_seeds__count,rq_val_sids_num_l1,val_Recall@1,17,14,17,0.6212410780460589,0.0077724770727634635,0.8597456739622472,9.692348697070085e-06,0.3940765522813289,0.028612296965141063,0.6212410780460589
mean_gpt2_seeds__count,rq_train_entropy_l3,val_Recall@1,17,17,17,0.6151960784313726,0.008575573424594193,0.5609230472353398,0.019154942771281873,0.3676470588235294,0.04217070212970702,0.6151960784313726
mean_gpt2_seeds__count,rq_train_entropy_max,val_Recall@1,17,17,17,0.6151960784313726,0.008575573424594193,0.5609230472353398,0.019154942771281873,0.3676470588235294,0.04217070212970702,0.6151960784313726
mean_gpt2_seeds__count,rq_train_sids_num_mean,val_Recall@1,17,16,17,0.6118946582358579,0.009041368416301269,0.7084867518927149,0.0014560205472543002,0.4206670706315453,0.01877470311048038,0.6118946582358579
mean_gpt2_seeds__count,rq_train_sids_num_sum,val_Recall@1,17,16,17,0.6118946582358579,0.009041368416301269,0.7084867518927149,0.0014560205472543002,0.4206670706315453,0.01877470311048038,0.6118946582358579
mean_gpt2_seeds__count,rq_train_sids_num_std,val_Recall@1,17,16,17,-0.5260577322308277,0.030077107694284334,-0.4509664495206553,0.06924165172566495,-0.3321055820775357,0.0635615431407758,0.5260577322308277
mean_gpt2_seeds__count,rq_val_sids_num_std,val_Recall@1,17,16,17,-0.13856532340812014,0.5958537978363834,-0.2061672330158246,0.4272617594361768,-0.051660868323172224,0.7728925885694502,0.13856532340812014
mean_gpt2_seeds__count,rq_train_entropy_std,val_Recall@10,17,17,16,-0.9049664484530323,5.994690642719898e-07,-0.9661479521449545,3.1176063970875387e-10,-0.7453925286629135,3.127342322705249e-05,0.9049664484530323
mean_gpt2_seeds__count,rq_val_entropy_std,val_Recall@10,17,17,16,-0.8608217436504453,9.178310415850604e-06,-0.9553149542224504,2.4234862339755626e-09,-0.7011117843859087,8.979764741280145e-05,0.8608217436504453
mean_gpt2_seeds__count,sid_path_avg_similarity,val_Recall@10,17,17,16,0.8019621372469962,0.00010787903439878117,0.8336010335545292,3.224622072667194e-05,0.656831040108904,0.00024325525173621087,0.8019621372469962
mean_gpt2_seeds__count,rqvae_train_loss,val_Recall@10,17,17,16,-0.8007358954469243,0.00011255986836547546,-0.7454638184965497,0.0005929938677818805,-0.656831040108904,0.00024325525173621087,0.8007358954469243
mean_gpt2_seeds__count,rq_val_sids_num_mean,val_Recall@10,17,17,16,0.7958309282466368,0.00013302775972803778,0.9325688546263597,4.9623827920157635e-08,0.6715912882012389,0.00017563010679614918,0.7958309282466368
mean_gpt2_seeds__count,rq_val_sids_num_sum,val_Recall@10,17,17,16,0.7958309282466368,0.00013302775972803778,0.9325688546263597,4.9623827920157635e-08,0.6715912882012389,0.00017563010679614918,0.7958309282466368
mean_gpt2_seeds__count,rq_val_entropy_l3,val_Recall@10,17,17,16,0.7909259610463494,0.00015653318745556983,0.6620056744805307,0.003791880184179885,0.656831040108904,0.00024325525173621087,0.7909259610463494
mean_gpt2_seeds__count,rq_val_entropy_min,val_Recall@10,17,16,16,0.7901840490797547,0.0001603745552480009,0.8699687737025518,5.667369089581549e-06,0.6518518518518519,0.00028222110789517097,0.7901840490797547
mean_gpt2_seeds__count,sid_unique_total,val_Recall@10,17,17,16,0.7896997192462776,0.0001629246487947676,0.8931705038374194,1.3917362364513287e-06,0.656831040108904,0.00024325525173621087,0.7896997192462776
mean_gpt2_seeds__count,sid_collisions,val_Recall@10,17,17,16,-0.7896997192462776,0.0001629246487947676,-0.8931705038374194,1.3917362364513287e-06,-0.656831040108904,0.00024325525173621087,0.7896997192462776
mean_gpt2_seeds__count,sid_icr,val_Recall@10,17,17,16,0.7896997192462776,0.0001629246487947676,0.8931705038374192,1.3917362364513287e-06,0.656831040108904,0.00024325525173621087,0.7896997192462776
mean_gpt2_seeds__count,sid_cur_total,val_Recall@10,17,17,16,0.7896997192462776,0.0001629246487947676,0.8931705038374194,1.3917362364513287e-06,0.656831040108904,0.00024325525173621087,0.7896997192462776
mean_gpt2_seeds__count,rqvae_best_val_loss,val_Recall@10,17,14,16,-0.7874698817002961,0.00017510826469419318,-0.7987323978234844,0.00012057460646840536,-0.6567347054981459,0.00027556705617748275,0.7874698817002961
mean_gpt2_seeds__count,rq_val_entropy_mean,val_Recall@10,17,17,16,0.7835685102459182,0.0001982619760291934,0.8397697035089081,2.475471379346127e-05,0.642070792016569,0.00033475702380718103,0.7835685102459182
mean_gpt2_seeds__count,rq_val_entropy_sum,val_Recall@10,17,17,16,0.7835685102459182,0.0001982619760291934,0.8397697035089082,2.4754713793461004e-05,0.642070792016569,0.00033475702380718103,0.7835685102459182
mean_gpt2_seeds__count,rq_train_entropy_mean,val_Recall@10,17,17,16,0.7823422684458464,0.0002060481760415466,0.8681924366927153,6.240806774076933e-06,0.642070792016569,0.00033475702380718103,0.7823422684458464
mean_gpt2_seeds__count,rq_train_entropy_sum,val_Recall@10,17,17,16,0.7823422684458464,0.0002060481760415466,0.8681924366927154,6.240806774076933e-06,0.642070792016569,0.00033475702380718103,0.7823422684458464
mean_gpt2_seeds__count,rq_val_sids_num_l3,val_Recall@10,17,17,16,0.7823422684458464,0.0002060481760415466,0.8016757065548076,0.00010895748435462524,0.642070792016569,0.00033475702380718103,0.7823422684458464
mean_gpt2_seeds__count,rq_val_sids_num_l0,val_Recall@10,17,15,16,0.7796195453001402,0.00022425552635567245,0.9207524117336369,1.6086604179229344e-07,0.6319746270560833,0.00044764284691434496,0.7796195453001402
mean_gpt2_seeds__count,rq_val_sids_num_min,val_Recall@10,17,15,16,0.7796195453001402,0.00022425552635567245,0.9207524117336369,1.6086604179229344e-07,0.6319746270560833,0.00044764284691434496,0.7796195453001402
mean_gpt2_seeds__count,rq_val_entropy_max,val_Recall@10,17,17,16,0.7786635430456308,0.00023095946314099703,0.6748865504324538,0.002956498057398512,0.6273105439242341,0.000457727188770938,0.7786635430456308
mean_gpt2_seeds__count,rq_val_entropy_l0,val_Recall@10,17,16,16,0.7754601226993866,0.00025465835532556503,0.8631925872653637,8.126928579591835e-06,0.6222222222222223,0.0005281741499181462,0.7754601226993866
mean_gpt2_seeds__count,rq_train_entropy_l1,val_Recall@10,17,17,16,0.7749848176454153,0.00025834188534022684,0.9156725171854125,2.5251902229428576e-07,0.6273105439242341,0.000457727188770938,0.7749848176454153
mean_gpt2_seeds__count,rqvae_total_loss,val_Recall@10,17,17,16,-0.7725323340452714,0.00027806367629062034,-0.6817328857834265,0.002577709128888446,-0.6125502958318992,0.0006218689017599262,0.7725323340452714
mean_gpt2_seeds__count,rq_train_entropy_l0,val_Recall@10,17,17,16,0.7700798504451277,0.00029902772702271183,0.8926276798231535,1.4433077990278441e-06,0.6125502958318992,0.0006218689017599262,0.7700798504451277
mean_gpt2_seeds__count,rq_train_entropy_min,val_Recall@10,17,17,16,0.7700798504451277,0.00029902772702271183,0.893493617372598,1.361792388220414e-06,0.6125502958318992,0.0006218689017599262,0.7700798504451277
mean_gpt2_seeds__count,rqvae_val_loss,val_Recall@10,17,17,16,-0.7676273668449841,0.0003212953587684601,-0.7870652867264958,0.0001773987426163939,-0.6125502958318992,0.0006218689017599262,0.7676273668449841
mean_gpt2_seeds__count,rq_val_sids_num_l2,val_Recall@10,17,16,16,0.7613496932515338,0.0003846786958628727,0.9279269093172352,8.064648586793467e-08,0.5777777777777778,0.001288761377642423,0.7613496932515338
mean_gpt2_seeds__count,rq_val_sids_num_l1,val_Recall@10,17,14,16,0.7579858299673677,0.0004227201322679918,0.9477692706484855,7.639829117864017e-09,0.6044944448335208,0.0008142020436697482,0.7579858299673677
mean_gpt2_seeds__count,rq_val_entropy_l2,val_Recall@10,17,17,16,0.7541387070441936,0.0004700159578743553,0.7809759875031036,0.0002150234754008076,0.5535093034625596,0.0019876492905675828,0.7541387070441936
mean_gpt2_seeds__count,rq_val_entropy_l1,val_Recall@10,17,17,16,0.7516862234440499,0.0005024032460117188,0.9065597005057755,5.305901788722225e-07,0.5535093034625596,0.0019876492905675828,0.7516862234440499
mean_gpt2_seeds__count,sid_max_cluster_size,val_Recall@10,17,17,16,-0.7443287726436187,0.0006108973022925096,-0.41392377359814625,0.0985924430108796,-0.5682695515548944,0.0015008103130548487,0.7443287726436187
mean_gpt2_seeds__count,rq_train_entropy_l3,val_Recall@10,17,17,16,0.7406500472434032,0.0006720355525584238,0.7225192386404787,0.0010524344176247211,0.5535093034625596,0.0019876492905675828,0.7406500472434032
mean_gpt2_seeds__count,rq_train_entropy_max,val_Recall@10,17,17,16,0.7406500472434032,0.0006720355525584238,0.7225192386404787,0.0010524344176247211,0.5535093034625596,0.0019876492905675828,0.7406500472434032
mean_gpt2_seeds__count,rq_train_entropy_l2,val_Recall@10,17,17,16,0.7320663546429002,0.0008346392849594285,0.8105126571541252,7.956573974740353e-05,0.5092285591855548,0.004445245489805947,0.7320663546429002
mean_gpt2_seeds__count,rq_val_sids_num_max,val_Recall@10,17,15,16,0.7268264107365087,0.0009490011347240012,0.8105683053345787,7.94043729629421e-05,0.5353196840945647,0.002945110238543779,0.7268264107365087
mean_gpt2_seeds__count,rq_train_sids_num_l2,val_Recall@10,17,10,16,0.6771226540827722,0.0028281013425623734,0.705932734155595,0.0015416237806087107,0.5300309279999502,0.005142426175871938,0.6771226540827722
mean_gpt2_seeds__count,rq_train_sids_num_l3,val_Recall@10,17,10,16,0.661586379036896,0.003821988760764424,0.4444197974856302,0.07389070424601615,0.5300309279999502,0.005142426175871938,0.661586379036896
mean_gpt2_seeds__count,rq_train_sids_num_max,val_Recall@10,17,10,16,0.661586379036896,0.003821988760764424,0.4444197974856302,0.07389070424601615,0.5300309279999502,0.005142426175871938,0.661586379036896
mean_gpt2_seeds__count,rq_train_sids_num_l1,val_Recall@10,17,9,16,0.65685644646426,0.004175273830083642,0.7434241424967908,0.0006254855516254923,0.5241816051142837,0.005835717979490431,0.65685644646426
mean_gpt2_seeds__count,rq_train_sids_num_mean,val_Recall@10,17,16,16,0.5447852760736196,0.023738517022300377,0.6663378188008422,0.003491918128013536,0.4592592592592593,0.010519390315645595,0.5447852760736196
mean_gpt2_seeds__count,rq_train_sids_num_sum,val_Recall@10,17,16,16,0.5447852760736196,0.023738517022300377,0.6663378188008422,0.003491918128013536,0.4592592592592593,0.010519390315645595,0.5447852760736196
mean_gpt2_seeds__count,rq_train_sids_num_l0,val_Recall@10,17,16,16,0.5251533742331289,0.030413136176609085,0.506480078824641,0.03801770485826168,0.4296296296296297,0.016701141449544352,0.5251533742331289
mean_gpt2_seeds__count,rq_train_sids_num_min,val_Recall@10,17,16,16,0.5251533742331289,0.030413136176609085,0.506480078824641,0.03801770485826168,0.4296296296296297,0.016701141449544352,0.5251533742331289
mean_gpt2_seeds__count,rq_train_sids_num_std,val_Recall@10,17,16,16,-0.3423312883435583,0.17861797057657097,-0.3062915914108399,0.23181927636715471,-0.19259259259259262,0.2833502852044355,0.3423312883435583
mean_gpt2_seeds__count,rq_val_sids_num_std,val_Recall@10,17,16,16,-0.0687116564417178,0.7932942724571668,-0.07204326495496277,0.7834906253904995,-0.02962962962962963,0.8689048010168644,0.0687116564417178
mean_gpt2_seeds__count,rq_train_entropy_std,val_Recall@20,17,17,17,-0.9166666666666667,2.317116555636978e-07,-0.9730574287015151,5.7403679188177464e-11,-0.7499999999999999,3.7189175256511566e-06,0.9166666666666667
mean_gpt2_seeds__count,rq_val_entropy_l3,val_Recall@20,17,17,17,0.875,4.280115581127817e-06,0.7237537748784614,0.0010218802898336325,0.7352941176470588,6.6254254208949975e-06,0.875
mean_gpt2_seeds__count,rq_val_entropy_min,val_Recall@20,17,16,17,0.8730841616511641,4.769634519419481e-06,0.9069220423452135,5.159087063821792e-07,0.7306322805705787,4.473934346637811e-05,0.8730841616511641
mean_gpt2_seeds__count,rq_val_sids_num_mean,val_Recall@20,17,17,17,0.8725490196078433,4.914594673940109e-06,0.9556520378742409,2.2919442398605834e-09,0.7352941176470588,6.6254254208949975e-06,0.8725490196078433
mean_gpt2_seeds__count,rq_val_sids_num_sum,val_Recall@20,17,17,17,0.8725490196078433,4.914594673940109e-06,0.9556520378742409,2.2919442398605834e-09,0.7352941176470588,6.6254254208949975e-06,0.8725490196078433
mean_gpt2_seeds__count,rq_val_entropy_max,val_Recall@20,17,17,17,0.8700980392156864,5.627451606306429e-06,0.7354051142224681,0.0007679082707493084,0.7205882352941176,1.148789053319355e-05,0.8700980392156864
mean_gpt2_seeds__count,rq_val_entropy_l0,val_Recall@20,17,16,17,0.8657267108507328,7.118118578394245e-06,0.901738813027334,7.627306732251135e-07,0.7011117843859087,8.979764741280145e-05,0.8657267108507328
mean_gpt2_seeds__count,rq_val_entropy_mean,val_Recall@20,17,17,17,0.8627450980392157,8.317125318327623e-06,0.8804175353368405,3.1205745534489276e-06,0.7058823529411764,1.9425366308238382e-05,0.8627450980392157
mean_gpt2_seeds__count,rq_val_entropy_sum,val_Recall@20,17,17,17,0.8627450980392157,8.317125318327623e-06,0.8804175353368405,3.1205745534489276e-06,0.7058823529411764,1.9425366308238382e-05,0.8627450980392157
mean_gpt2_seeds__count,rq_val_sids_num_l3,val_Recall@20,17,17,17,0.8602941176470589,9.427383759906555e-06,0.849395201575496,1.6019673865001943e-05,0.6911764705882353,3.209019424470449e-05,0.8602941176470589
mean_gpt2_seeds__count,rq_val_sids_num_l2,val_Recall@20,17,16,17,0.8595955018503736,9.765993722672475e-06,0.9510742829494867,4.7246465787640345e-09,0.7158720324782436,6.358939602012891e-05,0.8595955018503736
mean_gpt2_seeds__count,rqvae_train_loss,val_Recall@20,17,17,17,-0.8529411764705884,1.3543912055682996e-05,-0.7896766498938177,0.00016304695682554436,-0.6911764705882353,3.209019424470449e-05,0.8529411764705884
mean_gpt2_seeds__count,rq_val_sids_num_l0,val_Recall@20,17,15,17,0.8527613781186338,1.3661110043835816e-05,0.9299260767207946,6.569370529902608e-08,0.6815001785878537,0.0001469495259185668,0.8527613781186338
mean_gpt2_seeds__count,rq_val_sids_num_min,val_Recall@20,17,15,17,0.8527613781186338,1.3661110043835816e-05,0.9299260767207946,6.569370529902608e-08,0.6815001785878537,0.0001469495259185668,0.8527613781186338
mean_gpt2_seeds__count,rqvae_best_val_loss,val_Recall@20,17,14,17,-0.8508301721065588,1.4975184662358096e-05,-0.8432992296285591,2.1173976173209752e-05,-0.706363631447665,8.734494990025014e-05,0.8508301721065588
mean_gpt2_seeds__count,rq_train_entropy_l0,val_Recall@20,17,17,17,0.8504901960784315,1.5217270129720005e-05,0.9263585656437735,9.433893454812798e-08,0.676470588235294,5.18722751399025e-05,0.8504901960784315
mean_gpt2_seeds__count,rq_train_entropy_min,val_Recall@20,17,17,17,0.8504901960784315,1.5217270129720005e-05,0.9270558870554222,8.80229813657374e-08,0.676470588235294,5.18722751399025e-05,0.8504901960784315
mean_gpt2_seeds__count,rq_val_entropy_std,val_Recall@20,17,17,17,-0.8504901960784315,1.5217270129720005e-05,-0.9610759125560546,8.753081131626857e-10,-0.676470588235294,5.18722751399025e-05,0.8504901960784315
mean_gpt2_seeds__count,rq_train_entropy_mean,val_Recall@20,17,17,17,0.8480392156862745,1.70628083552246e-05,0.9047167417081973,6.109288401334644e-07,0.676470588235294,5.18722751399025e-05,0.8480392156862745
mean_gpt2_seeds__count,rq_train_entropy_sum,val_Recall@20,17,17,17,0.8480392156862745,1.70628083552246e-05,0.9047167417081974,6.109288401334544e-07,0.676470588235294,5.18722751399025e-05,0.8480392156862745
mean_gpt2_seeds__count,rq_val_sids_num_max,val_Recall@20,17,15,17,0.8453994093866743,1.9259426281499733e-05,0.8582480770943786,1.0448321358664143e-05,0.6666849573142047,0.00020429671058084037,0.8453994093866743
mean_gpt2_seeds__count,rqvae_total_loss,val_Recall@20,17,17,17,-0.8431372549019609,2.1328100245193365e-05,-0.7270265157653039,0.0009444080072237515,-0.676470588235294,5.18722751399025e-05,0.8431372549019609
mean_gpt2_seeds__count,sid_path_avg_similarity,val_Recall@20,17,17,17,0.8431372549019609,2.1328100245193365e-05,0.8666555874480468,6.776057913099008e-06,0.6911764705882353,3.209019424470449e-05,0.8431372549019609
mean_gpt2_seeds__count,sid_unique_total,val_Recall@20,17,17,17,0.8308823529411766,3.611059946133302e-05,0.9208094303690026,1.6002702732785678e-07,0.6617647058823529,8.216178860308908e-05,0.8308823529411766
mean_gpt2_seeds__count,sid_collisions,val_Recall@20,17,17,17,-0.8308823529411766,3.611059946133302e-05,-0.9208094303690026,1.6002702732785678e-07,-0.6617647058823529,8.216178860308908e-05,0.8308823529411766
mean_gpt2_seeds__count,sid_icr,val_Recall@20,17,17,17,0.8308823529411766,3.611059946133302e-05,0.9208094303690026,1.6002702732785678e-07,0.6617647058823529,8.216178860308908e-05,0.8308823529411766
mean_gpt2_seeds__count,sid_cur_total,val_Recall@20,17,17,17,0.8308823529411766,3.611059946133302e-05,0.9208094303690026,1.6002702732785678e-07,0.6617647058823529,8.216178860308908e-05,0.8308823529411766
mean_gpt2_seeds__count,rqvae_val_loss,val_Recall@20,17,17,17,-0.8284313725490197,3.992311055905374e-05,-0.8315831357099238,3.507890455535173e-05,-0.6470588235294118,0.00012768041939830013,0.8284313725490197
mean_gpt2_seeds__count,rq_val_entropy_l2,val_Recall@20,17,17,17,0.8284313725490197,3.992311055905374e-05,0.821864771774236,5.185206909073666e-05,0.6470588235294118,0.00012768041939830013,0.8284313725490197
mean_gpt2_seeds__count,rq_val_entropy_l1,val_Recall@20,17,17,17,0.8259803921568629,4.407027914063439e-05,0.9354368244640352,3.612375487064012e-08,0.6470588235294118,0.00012768041939830013,0.8259803921568629
mean_gpt2_seeds__count,rq_val_sids_num_l1,val_Recall@20,17,14,17,0.8213641921201845,5.287308934745124e-05,0.9612161378911196,8.522813808065035e-10,0.6468803782731247,0.0003269990998003593,0.8213641921201845
mean_gpt2_seeds__count,rq_train_entropy_l2,val_Recall@20,17,17,17,0.8210784313725491,5.346351701144889e-05,0.8479683365885807,1.7118881229918512e-05,0.6029411764705882,0.0004320184609575974,0.8210784313725491
mean_gpt2_seeds__count,sid_max_cluster_size,val_Recall@20,17,17,17,-0.8161764705882354,6.449255889681113e-05,-0.48436895197256247,0.048800851522276846,-0.6176470588235293,0.0002924937719584528,0.8161764705882354
mean_gpt2_seeds__count,rq_train_entropy_l1,val_Recall@20,17,17,17,0.8112745098039217,7.738036180608982e-05,0.9425186224070762,1.5431339867367333e-08,0.6029411764705882,0.0004320184609575974,0.8112745098039217
mean_gpt2_seeds__count,rq_train_entropy_l3,val_Recall@20,17,17,17,0.806372549019608,9.237187552774258e-05,0.7795293997159959,0.000224880633817268,0.588235294117647,0.0006285132262410544,0.806372549019608
mean_gpt2_seeds__count,rq_train_entropy_max,val_Recall@20,17,17,17,0.806372549019608,9.237187552774258e-05,0.7795293997159959,0.000224880633817268,0.588235294117647,0.0006285132262410544,0.806372549019608
mean_gpt2_seeds__count,rq_train_sids_num_l2,val_Recall@20,17,10,17,0.7038794399171419,0.001613406192747695,0.710849377880442,0.0013803516172580146,0.5610836076867821,0.0029722462985977815,0.7038794399171419
mean_gpt2_seeds__count,rq_train_sids_num_l3,val_Recall@20,17,10,17,0.701291647858623,0.0017077631674884371,0.4932041452724721,0.04424726466123608,0.5610836076867821,0.0029722462985977815,0.701291647858623
mean_gpt2_seeds__count,rq_train_sids_num_max,val_Recall@20,17,10,17,0.701291647858623,0.0017077631674884371,0.4932041452724721,0.04424726466123608,0.5610836076867821,0.0029722462985977815,0.701291647858623
mean_gpt2_seeds__count,rq_train_sids_num_l1,val_Recall@20,17,9,17,0.688823356125341,0.0022281561372334176,0.7370494329485671,0.0007367055486135488,0.555409699257842,0.0033928344842690844,0.688823356125341
mean_gpt2_seeds__count,rq_train_sids_num_mean,val_Recall@20,17,16,17,0.5554875354325524,0.02061384805381363,0.6648844334579912,0.003590320548470206,0.46494781490855003,0.009394884856746805,0.5554875354325524
mean_gpt2_seeds__count,rq_train_sids_num_sum,val_Recall@20,17,16,17,0.5554875354325524,0.02061384805381363,0.6648844334579912,0.003590320548470206,0.46494781490855003,0.009394884856746805,0.5554875354325524
mean_gpt2_seeds__count,rq_train_sids_num_l0,val_Recall@20,17,16,17,0.5505825682322649,0.022003403750125845,0.4812240510559108,0.050503779975950215,0.4354273187238802,0.014997905735042928,0.5505825682322649
mean_gpt2_seeds__count,rq_train_sids_num_min,val_Recall@20,17,16,17,0.5505825682322649,0.022003403750125845,0.4812240510559108,0.050503779975950215,0.4354273187238802,0.014997905735042928,0.5505825682322649
mean_gpt2_seeds__count,rq_train_sids_num_std,val_Recall@20,17,16,17,-0.1998774134117131,0.44180177385616615,-0.24472621853170054,0.343802565673414,-0.11070186069251191,0.5363022663099168,0.1998774134117131
mean_gpt2_seeds__count,rq_val_sids_num_std,val_Recall@20,17,16,17,0.09442061860553318,0.7185033915091823,0.00022886097251336167,0.9993044562173458,0.08118136450784207,0.6501859872228386,0.09442061860553318
mean_gpt2_seeds__count,rq_train_entropy_std,val_Recall@5,17,17,16,-0.8865728214519545,2.138708631729588e-06,-0.9442835697022672,1.2276491145343472e-08,-0.7306322805705786,4.473934346637811e-05,0.8865728214519545
mean_gpt2_seeds__count,rq_val_entropy_std,val_Recall@5,17,17,16,-0.8706316780510203,5.465185263467977e-06,-0.9393012365699878,2.2998172252703125e-08,-0.7158720324782436,6.358939602012891e-05,0.8706316780510203
mean_gpt2_seeds__count,rq_train_sids_num_l2,val_Recall@5,17,10,16,0.7781084418809677,0.0002349284428982251,0.7662687266854595,0.0003342155866273939,0.6294117269999409,0.0008918460024811736,0.7781084418809677
mean_gpt2_seeds__count,rq_train_entropy_mean,val_Recall@5,17,17,16,0.7737585758453434,0.00026805124828008177,0.8322551240171854,3.411311503177635e-05,0.656831040108904,0.00024325525173621087,0.7737585758453434
mean_gpt2_seeds__count,rq_train_entropy_sum,val_Recall@5,17,17,16,0.7737585758453434,0.00026805124828008177,0.8322551240171854,3.411311503177635e-05,0.656831040108904,0.00024325525173621087,0.7737585758453434
mean_gpt2_seeds__count,rq_train_sids_num_l3,val_Recall@5,17,10,16,0.7729296835323423,0.0002747856191638475,0.49932511788647904,0.04128602122201406,0.6294117269999409,0.0008918460024811736,0.7729296835323423
mean_gpt2_seeds__count,rq_train_sids_num_max,val_Recall@5,17,10,16,0.7729296835323423,0.0002747856191638475,0.49932511788647904,0.04128602122201406,0.6294117269999409,0.0008918460024811736,0.7729296835323423
mean_gpt2_seeds__count,rq_train_sids_num_l1,val_Recall@5,17,9,16,0.7695714579877129,0.0003035345680969762,0.8019148715315766,0.00010805637540763653,0.6240257203741474,0.0010307705996691913,0.7695714579877129
mean_gpt2_seeds__count,rq_val_entropy_min,val_Recall@5,17,16,16,0.7693251533742332,0.00030573833743710994,0.8230769218707099,4.94483736037355e-05,0.6666666666666667,0.00020431548610045847,0.7693251533742332
mean_gpt2_seeds__count,rq_val_sids_num_mean,val_Recall@5,17,17,16,0.7688536086450559,0.0003099946794371716,0.8939020298609135,1.3247325478803963e-06,0.6715912882012389,0.00017563010679614918,0.7688536086450559
mean_gpt2_seeds__count,rq_val_sids_num_sum,val_Recall@5,17,17,16,0.7688536086450559,0.0003099946794371716,0.8939020298609135,1.3247325478803963e-06,0.6715912882012389,0.00017563010679614918,0.7688536086450559
mean_gpt2_seeds__count,rqvae_total_loss,val_Recall@5,17,17,16,-0.7639486414447685,0.00035728044454642156,-0.6237912403017861,0.007452290174039576,-0.6273105439242341,0.000457727188770938,0.7639486414447685
mean_gpt2_seeds__count,rq_val_entropy_mean,val_Recall@5,17,17,16,0.7639486414447685,0.00035728044454642156,0.7884831462373004,0.0001694805244802175,0.642070792016569,0.00033475702380718103,0.7639486414447685
mean_gpt2_seeds__count,rq_val_entropy_sum,val_Recall@5,17,17,16,0.7639486414447685,0.00035728044454642156,0.7884831462373005,0.0001694805244802163,0.642070792016569,0.00033475702380718103,0.7639486414447685
mean_gpt2_seeds__count,rqvae_best_val_loss,val_Recall@5,17,14,16,-0.7628998385895225,0.00036813423373055823,-0.7354982755748438,0.0007661116663560152,-0.6567347054981459,0.00027556705617748275,0.7628998385895225
mean_gpt2_seeds__count,sid_path_avg_similarity,val_Recall@5,17,17,16,0.7627223996446966,0.00036999740457464554,0.7729243528548687,0.0002748293815787151,0.642070792016569,0.00033475702380718103,0.7627223996446966
mean_gpt2_seeds__count,rq_val_entropy_l3,val_Recall@5,17,17,16,0.7627223996446966,0.00036999740457464554,0.6010648288787849,0.01071278709750661,0.642070792016569,0.00033475702380718103,0.7627223996446966
mean_gpt2_seeds__count,rq_val_sids_num_l2,val_Recall@5,17,16,16,0.7588957055214725,0.0004121342965301194,0.8855054558210682,2.2869968351622474e-06,0.6222222222222223,0.0005281741499181462,0.7588957055214725
mean_gpt2_seeds__count,rq_val_entropy_max,val_Recall@5,17,17,16,0.7578174324444092,0.0004247039442531817,0.6111028357343375,0.009156032527353197,0.6273105439242341,0.000457727188770938,0.7578174324444092
mean_gpt2_seeds__count,rq_val_entropy_l0,val_Recall@5,17,16,16,0.7570552147239265,0.00043378050086864754,0.8161345779104935,6.45944918164028e-05,0.6370370370370371,0.00038732865376890575,0.7570552147239265
mean_gpt2_seeds__count,rqvae_train_loss,val_Recall@5,17,17,16,-0.7565911906443373,0.00043938479842493534,-0.6652584863113621,0.0035647824282206047,-0.6273105439242341,0.000457727188770938,0.7565911906443373
mean_gpt2_seeds__count,rq_train_entropy_l0,val_Recall@5,17,17,16,0.7565911906443373,0.00043938479842493534,0.8546565191196414,1.2468032162357233e-05,0.6273105439242341,0.000457727188770938,0.7565911906443373
mean_gpt2_seeds__count,rq_train_entropy_min,val_Recall@5,17,17,16,0.7565911906443373,0.00043938479842493534,0.8555361029293328,1.1945096855445291e-05,0.6273105439242341,0.000457727188770938,0.7565911906443373
mean_gpt2_seeds__count,rq_val_sids_num_l0,val_Recall@5,17,15,16,0.7562923463069076,0.000443025928388289,0.9089582628703449,4.397032366887407e-07,0.6171046358312342,0.000608761103799161,0.7562923463069076
mean_gpt2_seeds__count,rq_val_sids_num_min,val_Recall@5,17,15,16,0.7562923463069076,0.000443025928388289,0.9089582628703449,4.397032366887407e-07,0.6171046358312342,0.000608761103799161,0.7562923463069076
mean_gpt2_seeds__count,sid_unique_total,val_Recall@5,17,17,16,0.7492337398439062,0.0005366249888972571,0.8464110249916239,1.8390918854605018e-05,0.6125502958318992,0.0006218689017599262,0.7492337398439062
mean_gpt2_seeds__count,sid_collisions,val_Recall@5,17,17,16,-0.7492337398439062,0.0005366249888972571,-0.8464110249916239,1.8390918854605018e-05,-0.6125502958318992,0.0006218689017599262,0.7492337398439062
mean_gpt2_seeds__count,sid_icr,val_Recall@5,17,17,16,0.7492337398439062,0.0005366249888972571,0.8464110249916238,1.8390918854605208e-05,0.6125502958318992,0.0006218689017599262,0.7492337398439062
mean_gpt2_seeds__count,sid_cur_total,val_Recall@5,17,17,16,0.7492337398439062,0.0005366249888972571,0.8464110249916238,1.8390918854605208e-05,0.6125502958318992,0.0006218689017599262,0.7492337398439062
mean_gpt2_seeds__count,rq_train_entropy_l1,val_Recall@5,17,17,16,0.7492337398439062,0.0005366249888972571,0.8873470778387793,2.0363483668455987e-06,0.5830297996472293,0.0011260355723222832,0.7492337398439062
mean_gpt2_seeds__count,rq_val_sids_num_l3,val_Recall@5,17,17,16,0.7455550144436905,0.0005915745200252387,0.7434568709784456,0.0006249527720273263,0.5977900477395643,0.0008394830474382762,0.7455550144436905
mean_gpt2_seeds__count,rq_train_entropy_l2,val_Recall@5,17,17,16,0.7443287726436187,0.0006108973022925096,0.7752066450280428,0.00025661725907434086,0.5535093034625596,0.0019876492905675828,0.7443287726436187
mean_gpt2_seeds__count,rqvae_val_loss,val_Recall@5,17,17,16,-0.7394238054433313,0.000693508633608747,-0.722243537011586,0.001059359881909036,-0.5977900477395643,0.0008394830474382762,0.7394238054433313
mean_gpt2_seeds__count,rq_val_entropy_l2,val_Recall@5,17,17,16,0.7394238054433313,0.000693508633608747,0.7228428159933565,0.001044354063093217,0.5830297996472293,0.0011260355723222832,0.7394238054433313
mean_gpt2_seeds__count,rq_val_sids_num_max,val_Recall@5,17,15,16,0.7249847897633588,0.000992146466644599,0.7509255805796945,0.0005128172180192341,0.5576246709318382,0.0019529094073445078,0.7249847897633588
mean_gpt2_seeds__count,rq_val_entropy_l1,val_Recall@5,17,17,16,0.7173514530420378,0.0011886435821438252,0.8643367220834369,7.65736585361814e-06,0.5535093034625596,0.0019876492905675828,0.7173514530420378
mean_gpt2_seeds__count,sid_max_cluster_size,val_Recall@5,17,17,16,-0.7063152768413912,0.001528544948838274,-0.31832031070801425,0.2130573830393701,-0.5092285591855548,0.004445245489805947,0.7063152768413912
mean_gpt2_seeds__count,rq_val_sids_num_l1,val_Recall@5,17,14,16,0.7020889818903576,0.0016782199931141323,0.9112539760743735,3.6554391249986403e-07,0.5224026066462525,0.0038125935333806434,0.7020889818903576
mean_gpt2_seeds__count,rq_train_entropy_l3,val_Recall@5,17,17,16,0.6952791006407444,0.0019445808371843717,0.6781220006329644,0.002772208394300267,0.49446831109321987,0.005740440097363524,0.6952791006407444
mean_gpt2_seeds__count,rq_train_entropy_max,val_Recall@5,17,17,16,0.6952791006407444,0.0019445808371843717,0.6781220006329644,0.002772208394300267,0.49446831109321987,0.005740440097363524,0.6952791006407444
mean_gpt2_seeds__count,rq_train_sids_num_mean,val_Recall@5,17,16,16,0.6809815950920246,0.0026172302494614622,0.7436013717805312,0.000622604975785414,0.562962962962963,0.00171300853866888,0.6809815950920246
mean_gpt2_seeds__count,rq_train_sids_num_sum,val_Recall@5,17,16,16,0.6809815950920246,0.0026172302494614622,0.7436013717805312,0.000622604975785414,0.562962962962963,0.00171300853866888,0.6809815950920246
mean_gpt2_seeds__count,rq_train_sids_num_l0,val_Recall@5,17,16,16,0.6662576687116565,0.003497287001677928,0.6164158640730836,0.008408407270544309,0.5333333333333333,0.00296932287619765,0.6662576687116565
mean_gpt2_seeds__count,rq_train_sids_num_min,val_Recall@5,17,16,16,0.6662576687116565,0.003497287001677928,0.6164158640730836,0.008408407270544309,0.5333333333333333,0.00296932287619765,0.6662576687116565
mean_gpt2_seeds__count,rq_train_sids_num_std,val_Recall@5,17,16,16,-0.4343558282208589,0.08147704896881827,-0.4178298022352937,0.09513752001399553,-0.26666666666666666,0.13742518466924267,0.4343558282208589
mean_gpt2_seeds__count,rq_val_sids_num_std,val_Recall@5,17,16,16,-0.14478527607361966,0.5792848446908532,-0.16262657948039733,0.5328728927176345,-0.04444444444444445,0.8044635118106434,0.14478527607361966
mean_gpt2_seeds__semantic_strict,rq_train_sids_num_l0,gpt2_best_val_loss,18,16,18,-0.8159272880509997,3.653488075840131e-05,-0.790082630391233,9.576832435202059e-05,-0.6336944275050717,0.0002664972582634049,0.8159272880509997
mean_gpt2_seeds__semantic_strict,rq_train_sids_num_min,gpt2_best_val_loss,18,16,18,-0.8159272880509997,3.653488075840131e-05,-0.790082630391233,9.576832435202059e-05,-0.6336944275050717,0.0002664972582634049,0.8159272880509997
mean_gpt2_seeds__semantic_strict,rq_train_sids_num_l3,gpt2_best_val_loss,18,10,18,-0.812553105001947,4.1772167811653997e-05,-0.40382640774879897,0.09652229870441277,-0.6203537989077104,0.0007396876399352303,0.812553105001947
mean_gpt2_seeds__semantic_strict,rq_train_sids_num_max,gpt2_best_val_loss,18,10,18,-0.812553105001947,4.1772167811653997e-05,-0.40382640774879897,0.09652229870441277,-0.6203537989077104,0.0007396876399352303,0.812553105001947
mean_gpt2_seeds__semantic_strict,rq_train_sids_num_l1,gpt2_best_val_loss,18,9,18,-0.7964845995693146,7.639332718167068e-05,-0.7481364125273735,0.0003561484410842278,-0.5854905538443586,0.0015047029042993343,0.7964845995693146
mean_gpt2_seeds__semantic_strict,rq_train_sids_num_std,gpt2_best_val_loss,18,16,18,0.7890399502951999,9.928788885937483e-05,0.7389319571179243,0.00045968650918179363,0.5808865585463157,0.0008316510163258768,0.7890399502951999
mean_gpt2_seeds__semantic_strict,rq_train_sids_num_mean,gpt2_best_val_loss,18,16,18,-0.7869716935447538,0.00010659467558009662,-0.7391480342094485,0.0004569948980024917,-0.5808865585463157,0.0008316510163258768,0.7869716935447538
mean_gpt2_seeds__semantic_strict,rq_train_sids_num_sum,gpt2_best_val_loss,18,16,18,-0.7869716935447538,0.00010659467558009662,-0.7391480342094485,0.0004569948980024917,-0.5808865585463157,0.0008316510163258768,0.7869716935447538
mean_gpt2_seeds__semantic_strict,rq_train_sids_num_l2,gpt2_best_val_loss,18,10,18,-0.7684525294251793,0.0001949199977069145,-0.6752533081950483,0.0021048442506322014,-0.5605606616635936,0.0022946419486244846,0.7684525294251793
mean_gpt2_seeds__semantic_strict,rq_val_entropy_std,gpt2_best_val_loss,18,18,18,0.7027863777089782,0.0011427190651563898,0.6890428561387237,0.0015625411107337433,0.542483660130719,0.001230617686421057,0.7027863777089782
mean_gpt2_seeds__semantic_strict,rq_train_entropy_std,gpt2_best_val_loss,18,18,18,0.6099071207430341,0.007196658594982003,0.48049624128068713,0.043553600585114025,0.4509803921568628,0.008539551386647026,0.6099071207430341
mean_gpt2_seeds__semantic_strict,rq_val_sids_num_std,gpt2_best_val_loss,18,17,18,0.5172948546876173,0.027911184959656023,0.6377715450619008,0.004405282595972063,0.2885261409670324,0.09535231907456679,0.5172948546876173
mean_gpt2_seeds__semantic_strict,rq_train_entropy_l1,gpt2_best_val_loss,18,18,18,-0.3003095975232198,0.22595992422709757,-0.2502302480122873,0.3165988173634878,-0.22875816993464054,0.20082494101911527,0.3003095975232198
mean_gpt2_seeds__semantic_strict,rqvae_total_loss,gpt2_best_val_loss,18,18,18,0.2631578947368421,0.29139239227836833,-0.026300323253014086,0.9174952317860696,0.24183006535947715,0.17514287582080246,0.2631578947368421
mean_gpt2_seeds__semantic_strict,rq_train_entropy_mean,gpt2_best_val_loss,18,18,18,-0.21568627450980388,0.3900270258208054,-0.08287323185192157,0.7437265947808599,-0.20261437908496735,0.2599200623942404,0.21568627450980388
mean_gpt2_seeds__semantic_strict,rq_train_entropy_sum,gpt2_best_val_loss,18,18,18,-0.21568627450980388,0.3900270258208054,-0.08287323185192162,0.7437265947808599,-0.20261437908496735,0.2599200623942404,0.21568627450980388
mean_gpt2_seeds__semantic_strict,rq_val_sids_num_l0,gpt2_best_val_loss,18,15,18,-0.2141755742353734,0.3934359147660841,-0.3295405652576593,0.18174056854222925,-0.24505460860112116,0.15966761861823808,0.2141755742353734
mean_gpt2_seeds__semantic_strict,rq_val_sids_num_min,gpt2_best_val_loss,18,15,18,-0.2141755742353734,0.3934359147660841,-0.3295405652576593,0.18174056854222925,-0.24505460860112116,0.15966761861823808,0.2141755742353734
mean_gpt2_seeds__semantic_strict,rq_val_sids_num_l3,gpt2_best_val_loss,18,18,18,-0.21362229102167182,0.3946884572555506,0.09904245947448499,0.6957983278555875,-0.25490196078431376,0.15192280938479866,0.21362229102167182
mean_gpt2_seeds__semantic_strict,rq_train_entropy_l0,gpt2_best_val_loss,18,18,18,-0.20949432404540763,0.40410193596361976,-0.1386381694273016,0.5832621213883586,-0.20261437908496735,0.2599200623942404,0.20949432404540763
mean_gpt2_seeds__semantic_strict,rq_train_entropy_min,gpt2_best_val_loss,18,18,18,-0.20949432404540763,0.40410193596361976,-0.13960921789759548,0.5806011463339329,-0.20261437908496735,0.2599200623942404,0.20949432404540763
mean_gpt2_seeds__semantic_strict,rq_val_sids_num_mean,gpt2_best_val_loss,18,18,18,-0.2053663570691434,0.4136353714020946,-0.19228657673157054,0.44462216407496963,-0.24183006535947715,0.17514287582080246,0.2053663570691434
mean_gpt2_seeds__semantic_strict,rq_val_sids_num_sum,gpt2_best_val_loss,18,18,18,-0.2053663570691434,0.4136353714020946,-0.19228657673157054,0.44462216407496963,-0.24183006535947715,0.17514287582080246,0.2053663570691434
mean_gpt2_seeds__semantic_strict,rq_val_entropy_mean,gpt2_best_val_loss,18,18,18,-0.20330237358101136,0.4184467334719628,0.12308094770159515,0.6265724742701173,-0.24183006535947715,0.17514287582080246,0.20330237358101136
mean_gpt2_seeds__semantic_strict,rq_val_entropy_sum,gpt2_best_val_loss,18,18,18,-0.20330237358101136,0.4184467334719628,0.12308094770159503,0.6265724742701173,-0.24183006535947715,0.17514287582080246,0.20330237358101136
mean_gpt2_seeds__semantic_strict,rq_train_entropy_l2,gpt2_best_val_loss,18,18,18,-0.20123839009287925,0.42328766928815786,0.018656577137382384,0.9414269378859609,-0.16339869281045755,0.3685805408753014,0.20123839009287925
mean_gpt2_seeds__semantic_strict,rq_val_entropy_l0,gpt2_best_val_loss,18,16,18,-0.1995867764180519,0.42718262157310927,-0.054264934808216043,0.8306600411085718,-0.22443344307471286,0.1966195352584431,0.1995867764180519
mean_gpt2_seeds__semantic_strict,rq_val_entropy_min,gpt2_best_val_loss,18,16,18,-0.1995867764180519,0.42718262157310927,-0.06273842586992077,0.804667952311175,-0.22443344307471286,0.1966195352584431,0.1995867764180519
mean_gpt2_seeds__semantic_strict,rq_val_sids_num_max,gpt2_best_val_loss,18,16,18,-0.19731415487447893,0.4325727387774011,0.0820572955463337,0.7461707573351609,-0.21710996174495897,0.21065683788470735,0.19731415487447893
mean_gpt2_seeds__semantic_strict,rq_val_entropy_l3,gpt2_best_val_loss,18,18,18,-0.19711042311661509,0.433057670392028,0.48036679893895873,0.043618391305795305,-0.21568627450980396,0.22906043853787195,0.19711042311661509
mean_gpt2_seeds__semantic_strict,rq_val_entropy_max,gpt2_best_val_loss,18,18,18,-0.1929824561403509,0.4429441508248101,0.4265104661736375,0.07755314786800105,-0.20261437908496735,0.2599200623942404,0.1929824561403509
mean_gpt2_seeds__semantic_strict,rq_val_entropy_l1,gpt2_best_val_loss,18,18,18,-0.1826625386996904,0.46816133789331504,-0.0914965972202363,0.7180414668735744,-0.18954248366013074,0.293450858549159,0.1826625386996904
mean_gpt2_seeds__semantic_strict,rq_val_entropy_l2,gpt2_best_val_loss,18,18,18,-0.1826625386996904,0.46816133789331504,0.24497106943478414,0.32721095603689254,-0.18954248366013074,0.293450858549159,0.1826625386996904
mean_gpt2_seeds__semantic_strict,rqvae_train_loss,gpt2_best_val_loss,18,18,18,0.18059855521155832,0.4732892668249995,-0.21489903244121986,0.39180140716222345,0.17647058823529413,0.32967360092730164,0.18059855521155832
mean_gpt2_seeds__semantic_strict,sid_unique_total,gpt2_best_val_loss,18,18,18,-0.17853457172342618,0.4784449329228029,-0.08933911554378111,0.7244418918098932,-0.20261437908496735,0.2599200623942404,0.17853457172342618
mean_gpt2_seeds__semantic_strict,sid_collisions,gpt2_best_val_loss,18,18,18,0.17853457172342618,0.4784449329228029,0.08933911554378111,0.7244418918098932,0.20261437908496735,0.2599200623942404,0.17853457172342618
mean_gpt2_seeds__semantic_strict,sid_icr,gpt2_best_val_loss,18,18,18,-0.17853457172342618,0.4784449329228029,-0.08933911554378104,0.7244418918098932,-0.20261437908496735,0.2599200623942404,0.17853457172342618
mean_gpt2_seeds__semantic_strict,sid_cur_total,gpt2_best_val_loss,18,18,18,-0.17853457172342618,0.4784449329228029,-0.08933911554378111,0.7244418918098932,-0.20261437908496735,0.2599200623942404,0.17853457172342618
mean_gpt2_seeds__semantic_strict,rqvae_val_loss,gpt2_best_val_loss,18,18,18,0.17647058823529413,0.48362814549353283,-0.2545490552842346,0.30803859750988694,0.18954248366013074,0.293450858549159,0.17647058823529413
mean_gpt2_seeds__semantic_strict,rqvae_best_val_loss,gpt2_best_val_loss,18,15,18,0.17571080549355336,0.485543060399122,-0.23953708451855554,0.3383917668705386,0.18482754135564586,0.28784296626435435,0.17571080549355336
mean_gpt2_seeds__semantic_strict,rq_val_sids_num_l2,gpt2_best_val_loss,18,17,18,-0.17243161822920577,0.4938500250859962,-0.17386807585492836,0.4902027109078111,-0.1704927196623373,0.3243650515471622,0.17243161822920577
mean_gpt2_seeds__semantic_strict,sid_path_avg_similarity,gpt2_best_val_loss,18,18,18,-0.17027863777089783,0.49934109695673956,0.22603885383387542,0.36710662921852966,-0.17647058823529413,0.32967360092730164,0.17027863777089783
mean_gpt2_seeds__semantic_strict,rq_val_sids_num_l1,gpt2_best_val_loss,18,15,18,-0.162274096838164,0.5200096057737813,-0.31402227027355456,0.20442846084122307,-0.14522163963657891,0.40365657633638374,0.162274096838164
mean_gpt2_seeds__semantic_strict,rq_train_entropy_l3,gpt2_best_val_loss,18,18,18,-0.1475748194014448,0.5589695952802587,0.18630746372929585,0.45917390173546513,-0.13725490196078433,0.45426317422034246,0.1475748194014448
mean_gpt2_seeds__semantic_strict,rq_train_entropy_max,gpt2_best_val_loss,18,18,18,-0.1475748194014448,0.5589695952802587,0.18630746372929585,0.45917390173546513,-0.13725490196078433,0.45426317422034246,0.1475748194014448
mean_gpt2_seeds__semantic_strict,sid_max_cluster_size,gpt2_best_val_loss,18,18,18,0.11661506707946334,0.6449317151979074,-0.7631917408357024,0.00022911720044974034,0.08496732026143793,0.6540288801767573,0.11661506707946334
mean_gpt2_seeds__semantic_strict,rq_val_entropy_std,test_NDCG@1,18,18,12,-0.6632181328549528,0.002697094220436578,-0.7177670550569101,0.0007964737382965305,-0.42821101114864013,0.014784460165212227,0.6632181328549528
mean_gpt2_seeds__semantic_strict,rq_train_entropy_std,test_NDCG@1,18,18,12,-0.5844609795784272,0.010856904785954823,-0.6334394436486435,0.004768968764836864,-0.36130304065666513,0.03971136739654867,0.5844609795784272
mean_gpt2_seeds__semantic_strict,rq_train_sids_num_l3,test_NDCG@1,18,10,12,0.4483730328017823,0.062011419566781516,0.2059254557507506,0.41233716297107936,0.31369998501667384,0.09390558100497312,0.4483730328017823
mean_gpt2_seeds__semantic_strict,rq_train_sids_num_max,test_NDCG@1,18,10,12,0.4483730328017823,0.062011419566781516,0.2059254557507506,0.41233716297107936,0.31369998501667384,0.09390558100497312,0.4483730328017823
mean_gpt2_seeds__semantic_strict,rq_train_sids_num_l1,test_NDCG@1,18,9,12,0.43866760744903915,0.0685940009881509,0.475806767142344,0.04594804582141185,0.29199685518653884,0.12022916262475943,0.43866760744903915
mean_gpt2_seeds__semantic_strict,rq_train_sids_num_l2,test_NDCG@1,18,10,12,0.43840918762840936,0.06877606960569937,0.4383263492743791,0.06883450874723952,0.2983975467231776,0.11106340097594099,0.43840918762840936
mean_gpt2_seeds__semantic_strict,rqvae_total_loss,test_NDCG@1,18,18,12,-0.4310917863557193,0.07408151151957311,-0.3559825566599476,0.14709197795853474,-0.2676318819679001,0.12763112368981305,0.4310917863557193
mean_gpt2_seeds__semantic_strict,rq_train_sids_num_std,test_NDCG@1,18,16,12,-0.4195232308254497,0.08307596314614847,-0.32432801756153573,0.18916426450906776,-0.3175965678477584,0.07269771987561607,0.4195232308254497
mean_gpt2_seeds__semantic_strict,rq_val_sids_num_max,test_NDCG@1,18,16,12,0.38796868367377413,0.1116335833968907,0.32252740742191094,0.19177486049526177,0.2828683706333759,0.10917668075441565,0.38796868367377413
mean_gpt2_seeds__semantic_strict,rq_val_entropy_min,test_NDCG@1,18,16,12,0.38733209182646716,0.1122733718043973,0.41469462906298665,0.08705690071522429,0.2500228300078098,0.15769464064131233,0.38733209182646716
mean_gpt2_seeds__semantic_strict,rq_train_entropy_l1,test_NDCG@1,18,18,12,0.3844592613893555,0.11519308476574651,0.4950558683178951,0.03672165469885833,0.22748709967271508,0.19532587801144263,0.3844592613893555
mean_gpt2_seeds__semantic_strict,rq_val_sids_num_l0,test_NDCG@1,18,15,12,0.3781822774353265,0.1217591067853012,0.544777162286398,0.01939717520527948,0.24408041815893058,0.16893329308276084,0.3781822774353265
mean_gpt2_seeds__semantic_strict,rq_val_sids_num_min,test_NDCG@1,18,15,12,0.3781822774353265,0.1217591067853012,0.544777162286398,0.01939717520527948,0.24408041815893058,0.16893329308276084,0.3781822774353265
mean_gpt2_seeds__semantic_strict,rq_train_sids_num_mean,test_NDCG@1,18,16,12,0.37383258192366803,0.12646112477374472,0.42809743315988213,0.07633731916574432,0.20947858730384064,0.23651046313606439,0.37383258192366803
mean_gpt2_seeds__semantic_strict,rq_train_sids_num_sum,test_NDCG@1,18,16,12,0.37383258192366803,0.12646112477374472,0.42809743315988213,0.07633731916574432,0.20947858730384064,0.23651046313606439,0.37383258192366803
mean_gpt2_seeds__semantic_strict,rq_val_entropy_l1,test_NDCG@1,18,18,12,0.3668425297353958,0.13428207445493118,0.44328332011870036,0.06540185852726961,0.24086869377111012,0.1703253544574509,0.3668425297353958
mean_gpt2_seeds__semantic_strict,rq_val_sids_num_l2,test_NDCG@1,18,17,12,0.3665135588701533,0.13465826804856498,0.4944470410799101,0.03698971433747847,0.22152141558568508,0.2084761271687532,0.3665135588701533
mean_gpt2_seeds__semantic_strict,rqvae_train_loss,test_NDCG@1,18,18,12,-0.3658062514028099,0.13546959456441815,-0.28216930790865485,0.2566089926095377,-0.24086869377111012,0.1703253544574509,0.3658062514028099
mean_gpt2_seeds__semantic_strict,rq_val_entropy_mean,test_NDCG@1,18,18,12,0.3647699730702241,0.1366644128800649,0.2951765047162081,0.2343814783121807,0.24086869377111012,0.1703253544574509,0.3647699730702241
mean_gpt2_seeds__semantic_strict,rq_val_entropy_sum,test_NDCG@1,18,18,12,0.3647699730702241,0.1366644128800649,0.29517650471620793,0.2343814783121807,0.24086869377111012,0.1703253544574509,0.3647699730702241
mean_gpt2_seeds__semantic_strict,rq_train_entropy_mean,test_NDCG@1,18,18,12,0.36062485973988057,0.14151701728011026,0.39151167057375835,0.10812015427569624,0.22748709967271508,0.19532587801144263,0.36062485973988057
mean_gpt2_seeds__semantic_strict,rq_train_entropy_sum,test_NDCG@1,18,18,12,0.36062485973988057,0.14151701728011026,0.3915116705737582,0.10812015427569624,0.22748709967271508,0.19532587801144263,0.36062485973988057
mean_gpt2_seeds__semantic_strict,rq_val_entropy_l0,test_NDCG@1,18,16,12,0.3582562243435151,0.1443429104949313,0.39883572139011575,0.10110879443537871,0.23650808243982008,0.181387066037904,0.3582562243435151
mean_gpt2_seeds__semantic_strict,rq_val_sids_num_mean,test_NDCG@1,18,18,12,0.3544071897443654,0.14901778366705365,0.4939209420458986,0.03722255719204981,0.22748709967271508,0.19532587801144263,0.3544071897443654
mean_gpt2_seeds__semantic_strict,rq_val_sids_num_sum,test_NDCG@1,18,18,12,0.3544071897443654,0.14901778366705365,0.4939209420458986,0.03722255719204981,0.22748709967271508,0.19532587801144263,0.3544071897443654
mean_gpt2_seeds__semantic_strict,rqvae_best_val_loss,test_NDCG@1,18,15,12,-0.3502865969026259,0.15413690791516527,-0.2303352834302152,0.35782208443989877,-0.20947858730384064,0.23673791842760672,0.3502865969026259
mean_gpt2_seeds__semantic_strict,rq_train_sids_num_l0,test_NDCG@1,18,16,12,0.3489104097954235,0.15587310606816784,0.38068069338554433,0.11911478485951821,0.20947858730384064,0.23651046313606439,0.3489104097954235
mean_gpt2_seeds__semantic_strict,rq_train_sids_num_min,test_NDCG@1,18,16,12,0.3489104097954235,0.15587310606816784,0.38068069338554433,0.11911478485951821,0.20947858730384064,0.23651046313606439,0.3489104097954235
mean_gpt2_seeds__semantic_strict,rq_train_entropy_l2,test_NDCG@1,18,18,12,0.3481895197488502,0.15678790322131947,0.3238236007349843,0.18989319158125664,0.24086869377111012,0.1703253544574509,0.3481895197488502
mean_gpt2_seeds__semantic_strict,sid_path_avg_similarity,test_NDCG@1,18,18,12,0.34508068475109266,0.1607750126204054,0.24022164739211965,0.33697118722182945,0.20072391147592508,0.25319115969959627,0.34508068475109266
mean_gpt2_seeds__semantic_strict,rq_val_entropy_max,test_NDCG@1,18,18,12,0.34300812808592085,0.1634711509443066,0.049248213589775415,0.8461295992813701,0.24086869377111012,0.1703253544574509,0.34300812808592085
mean_gpt2_seeds__semantic_strict,sid_unique_total,test_NDCG@1,18,18,12,0.341971849753335,0.16483068214269206,0.4333589773911927,0.07240648800899639,0.20072391147592508,0.25319115969959627,0.341971849753335
mean_gpt2_seeds__semantic_strict,sid_collisions,test_NDCG@1,18,18,12,-0.341971849753335,0.16483068214269206,-0.4333589773911927,0.07240648800899639,-0.20072391147592508,0.25319115969959627,0.341971849753335
mean_gpt2_seeds__semantic_strict,sid_icr,test_NDCG@1,18,18,12,0.341971849753335,0.16483068214269206,0.4333589773911927,0.07240648800899639,0.20072391147592508,0.25319115969959627,0.341971849753335
mean_gpt2_seeds__semantic_strict,sid_cur_total,test_NDCG@1,18,18,12,0.341971849753335,0.16483068214269206,0.4333589773911927,0.07240648800899639,0.20072391147592508,0.25319115969959627,0.341971849753335
mean_gpt2_seeds__semantic_strict,rqvae_val_loss,test_NDCG@1,18,18,12,-0.3398992930881633,0.16757273745706638,-0.21704871852593036,0.3869666286119913,-0.20072391147592508,0.25319115969959627,0.3398992930881633
mean_gpt2_seeds__semantic_strict,rq_val_entropy_l2,test_NDCG@1,18,18,12,0.3398992930881633,0.16757273745706638,0.2198144596032694,0.38079490678698297,0.21410550557432007,0.2229170293435725,0.3398992930881633
mean_gpt2_seeds__semantic_strict,rq_val_sids_num_l3,test_NDCG@1,18,18,12,0.3316090664274764,0.17884946020667894,0.3026533990991847,0.22218027816187508,0.20072391147592508,0.25319115969959627,0.3316090664274764
mean_gpt2_seeds__semantic_strict,rq_train_entropy_l0,test_NDCG@1,18,18,12,0.327463953097133,0.18467431458622338,0.42960609540069605,0.07519453575066018,0.20072391147592508,0.25319115969959627,0.327463953097133
mean_gpt2_seeds__semantic_strict,rq_train_entropy_min,test_NDCG@1,18,18,12,0.327463953097133,0.18467431458622338,0.43141573763937274,0.07384044071986476,0.20072391147592508,0.25319115969959627,0.327463953097133
mean_gpt2_seeds__semantic_strict,rq_val_sids_num_l1,test_NDCG@1,18,15,12,0.32070683983084863,0.194438586215721,0.5506251355308854,0.017883393102994298,0.1959638397358509,0.2683607028122019,0.32070683983084863
mean_gpt2_seeds__semantic_strict,rq_val_entropy_l3,test_NDCG@1,18,18,12,0.32021000476903194,0.19516975260207822,0.0027645111809411764,0.9913138123929507,0.20072391147592508,0.25319115969959627,0.32021000476903194
mean_gpt2_seeds__semantic_strict,rq_train_entropy_l3,test_NDCG@1,18,18,12,0.2901579331240418,0.24280654288968054,0.1845550305767742,0.46348401236974746,0.18734231737753007,0.2862170598721394,0.2901579331240418
mean_gpt2_seeds__semantic_strict,rq_train_entropy_max,test_NDCG@1,18,18,12,0.2901579331240418,0.24280654288968054,0.1845550305767742,0.46348401236974746,0.18734231737753007,0.2862170598721394,0.2901579331240418
mean_gpt2_seeds__semantic_strict,sid_max_cluster_size,test_NDCG@1,18,18,12,-0.2860128197936984,0.249908259893364,0.2856918968490283,0.25046349018769065,-0.13381594098395005,0.44620619828349806,0.2860128197936984
mean_gpt2_seeds__semantic_strict,rq_val_sids_num_std,test_NDCG@1,18,17,12,-0.2747555674698462,0.26984888725423717,-0.2770828539329715,0.26564801149456796,-0.16781925423157962,0.340664256553481,0.2747555674698462
mean_gpt2_seeds__semantic_strict,rq_train_entropy_std,test_NDCG@10,18,18,18,-0.8864809081527348,9.65676574451126e-07,-0.8931864595052101,6.064263061471134e-07,-0.7254901960784316,4.304368320665909e-06,0.8864809081527348
mean_gpt2_seeds__semantic_strict,rq_val_entropy_std,test_NDCG@10,18,18,18,-0.8410732714138286,1.2271367358194706e-05,-0.9000212452073945,3.653183976461134e-07,-0.6601307189542485,4.592069228932486e-05,0.8410732714138286
mean_gpt2_seeds__semantic_strict,rq_train_entropy_l1,test_NDCG@10,18,18,18,0.7853457172342622,0.0001126543102925679,0.8101025200127209,4.596513426201627e-05,0.5816993464052289,0.0004609942250814608,0.7853457172342622
mean_gpt2_seeds__semantic_strict,rqvae_total_loss,test_NDCG@10,18,18,18,-0.7688338493292053,0.0001926187299802615,-0.645428737024281,0.0038178997009671676,-0.542483660130719,0.001230617686421057,0.7688338493292053
mean_gpt2_seeds__semantic_strict,rq_val_sids_num_max,test_NDCG@10,18,16,18,0.7324384073612856,0.0005470146680050916,0.6416189630050771,0.0041015676033042126,0.5460644492373211,0.0016418403996814731,0.7324384073612856
mean_gpt2_seeds__semantic_strict,rqvae_val_loss,test_NDCG@10,18,18,18,-0.7275541795665634,0.0006215020932519374,-0.5443149305232323,0.0195209967027866,-0.542483660130719,0.001230617686421057,0.7275541795665634
mean_gpt2_seeds__semantic_strict,rq_train_entropy_l2,test_NDCG@10,18,18,18,0.7213622291021672,0.0007279599242661499,0.6526580689914648,0.0033237117429446472,0.542483660130719,0.001230617686421057,0.7213622291021672
mean_gpt2_seeds__semantic_strict,rq_val_sids_num_l0,test_NDCG@10,18,15,18,0.7170225746140763,0.0008113135092286264,0.8013557905510362,6.398105234348826e-05,0.5232247048510426,0.0026785437022877187,0.7170225746140763
mean_gpt2_seeds__semantic_strict,rq_val_sids_num_min,test_NDCG@10,18,15,18,0.7170225746140763,0.0008113135092286264,0.8013557905510362,6.398105234348826e-05,0.5232247048510426,0.0026785437022877187,0.7170225746140763
mean_gpt2_seeds__semantic_strict,rq_val_entropy_l1,test_NDCG@10,18,18,18,0.7151702786377709,0.0008492395538531108,0.7481023456480423,0.000356491929312694,0.5163398692810458,0.002244139045296836,0.7151702786377709
mean_gpt2_seeds__semantic_strict,rq_val_entropy_min,test_NDCG@10,18,16,18,0.7145827072791391,0.0008615746455279688,0.7329296755411353,0.0005399555771431482,0.5148767223478707,0.0030538715821674224,0.7145827072791391
mean_gpt2_seeds__semantic_strict,rq_train_entropy_mean,test_NDCG@10,18,18,18,0.7131062951496387,0.0008932304748108589,0.7273342016739576,0.0006250470769380826,0.5032679738562092,0.002985699542918576,0.7131062951496387
mean_gpt2_seeds__semantic_strict,rq_train_entropy_sum,test_NDCG@10,18,18,18,0.7131062951496387,0.0008932304748108589,0.7273342016739575,0.0006250470769380826,0.5032679738562092,0.002985699542918576,0.7131062951496387
mean_gpt2_seeds__semantic_strict,rq_val_entropy_l0,test_NDCG@10,18,16,18,0.712514450528693,0.0009061895675838184,0.7260255249287726,0.0006464881532995998,0.5148767223478707,0.0030538715821674224,0.712514450528693
mean_gpt2_seeds__semantic_strict,rqvae_best_val_loss,test_NDCG@10,18,15,18,-0.7111119657621454,0.0009375254052563618,-0.5512898000245655,0.017717421677638297,-0.5148767223478707,0.003068017652050176,0.7111119657621454
mean_gpt2_seeds__semantic_strict,rqvae_train_loss,test_NDCG@10,18,18,18,-0.7110423116615068,0.0009391049276515922,-0.5740103840920058,0.012736096948192875,-0.5032679738562092,0.002985699542918576,0.7110423116615068
mean_gpt2_seeds__semantic_strict,sid_path_avg_similarity,test_NDCG@10,18,18,18,0.7089783281733747,0.0009869258677951244,0.5636959054726087,0.014836522739134328,0.5032679738562092,0.002985699542918576,0.7089783281733747
mean_gpt2_seeds__semantic_strict,rq_train_entropy_l0,test_NDCG@10,18,18,18,0.7089783281733747,0.0009869258677951244,0.7647754988291466,0.0002183280208629347,0.5032679738562092,0.002985699542918576,0.7089783281733747
mean_gpt2_seeds__semantic_strict,rq_train_entropy_min,test_NDCG@10,18,18,18,0.7089783281733747,0.0009869258677951244,0.7656349730021493,0.00021265461390059952,0.5032679738562092,0.002985699542918576,0.7089783281733747
mean_gpt2_seeds__semantic_strict,rq_val_sids_num_l1,test_NDCG@10,18,15,18,0.7028432219742135,0.001141201080329233,0.8221493404607406,2.8334198241295348e-05,0.5016747551081817,0.0039151245504461495,0.7028432219742135
mean_gpt2_seeds__semantic_strict,sid_unique_total,test_NDCG@10,18,18,18,0.7007223942208461,0.0011989848082819942,0.7619875980668861,0.0002376181252367057,0.47712418300653603,0.005139059506065925,0.7007223942208461
mean_gpt2_seeds__semantic_strict,sid_collisions,test_NDCG@10,18,18,18,-0.7007223942208461,0.0011989848082819942,-0.7619875980668861,0.0002376181252367057,-0.47712418300653603,0.005139059506065925,0.7007223942208461
mean_gpt2_seeds__semantic_strict,sid_icr,test_NDCG@10,18,18,18,0.7007223942208461,0.0011989848082819942,0.7619875980668861,0.0002376181252367057,0.47712418300653603,0.005139059506065925,0.7007223942208461
mean_gpt2_seeds__semantic_strict,sid_cur_total,test_NDCG@10,18,18,18,0.7007223942208461,0.0011989848082819942,0.7619875980668861,0.0002376181252367057,0.47712418300653603,0.005139059506065925,0.7007223942208461
mean_gpt2_seeds__semantic_strict,rq_val_entropy_mean,test_NDCG@10,18,18,18,0.6986584107327141,0.0012575339153336352,0.6189398400780985,0.006168306532953905,0.46405228758169936,0.006652816887103086,0.6986584107327141
mean_gpt2_seeds__semantic_strict,rq_val_entropy_sum,test_NDCG@10,18,18,18,0.6986584107327141,0.0012575339153336352,0.6189398400780982,0.006168306532953931,0.46405228758169936,0.006652816887103086,0.6986584107327141
mean_gpt2_seeds__semantic_strict,rq_val_sids_num_l2,test_NDCG@10,18,17,18,0.6928240468969883,0.0014360191688386121,0.7941073114716408,8.31574939214361e-05,0.4590188606293697,0.007969880117556269,0.6928240468969883
mean_gpt2_seeds__semantic_strict,rq_val_entropy_max,test_NDCG@10,18,18,18,0.6924664602683178,0.0014476080524246128,0.36087537229409805,0.1412204034657662,0.47712418300653603,0.005139059506065925,0.6924664602683178
mean_gpt2_seeds__semantic_strict,rq_val_sids_num_mean,test_NDCG@10,18,18,18,0.6924664602683178,0.0014476080524246128,0.7901852959820926,9.542757306966702e-05,0.46405228758169936,0.006652816887103086,0.6924664602683178
mean_gpt2_seeds__semantic_strict,rq_val_sids_num_sum,test_NDCG@10,18,18,18,0.6924664602683178,0.0014476080524246128,0.7901852959820926,9.542757306966702e-05,0.46405228758169936,0.006652816887103086,0.6924664602683178
mean_gpt2_seeds__semantic_strict,rq_val_entropy_l2,test_NDCG@10,18,18,18,0.6904024767801857,0.0015160249841227721,0.5318814058624047,0.023091779600631697,0.46405228758169936,0.006652816887103086,0.6904024767801857
mean_gpt2_seeds__semantic_strict,sid_max_cluster_size,test_NDCG@10,18,18,18,-0.6883384932920537,0.0015871002439845348,0.074151531028404,0.769969040850919,-0.5163398692810458,0.002244139045296836,0.6883384932920537
mean_gpt2_seeds__semantic_strict,rq_val_sids_num_l3,test_NDCG@10,18,18,18,0.6862745098039216,0.0016609135348996636,0.6223157703932969,0.005816029637310462,0.4509803921568628,0.008539551386647026,0.6862745098039216
mean_gpt2_seeds__semantic_strict,rq_val_entropy_l3,test_NDCG@10,18,18,18,0.6842105263157895,0.001737546156850738,0.3073292664488234,0.2147626147118253,0.4379084967320262,0.010871540899275188,0.6842105263157895
mean_gpt2_seeds__semantic_strict,rq_train_entropy_l3,test_NDCG@10,18,18,18,0.6821465428276574,0.0018170810177521779,0.5286852762065649,0.024087439426680853,0.46405228758169936,0.006652816887103086,0.6821465428276574
mean_gpt2_seeds__semantic_strict,rq_train_entropy_max,test_NDCG@10,18,18,18,0.6821465428276574,0.0018170810177521779,0.5286852762065649,0.024087439426680853,0.46405228758169936,0.006652816887103086,0.6821465428276574
mean_gpt2_seeds__semantic_strict,rq_train_sids_num_l3,test_NDCG@10,18,10,18,0.6559960617044213,0.0031139382283063566,0.43243335883451994,0.07308693178390666,0.5306640930415354,0.0038947788390328946,0.6559960617044213
mean_gpt2_seeds__semantic_strict,rq_train_sids_num_max,test_NDCG@10,18,10,18,0.6559960617044213,0.0031139382283063566,0.43243335883451994,0.07308693178390666,0.5306640930415354,0.0038947788390328946,0.6559960617044213
mean_gpt2_seeds__semantic_strict,rq_train_sids_num_l1,test_NDCG@10,18,9,18,0.6221846456469439,0.005829400450264179,0.6515579574343541,0.0033953326094221083,0.49541508402214957,0.0072420959976012495,0.6221846456469439
mean_gpt2_seeds__semantic_strict,rq_train_sids_num_l2,test_NDCG@10,18,10,18,0.6141005149064919,0.00670327696856318,0.6315568795153323,0.0049344559524717915,0.4708709557974187,0.010427699289679617,0.6141005149064919
mean_gpt2_seeds__semantic_strict,rq_train_sids_num_l0,test_NDCG@10,18,16,18,0.4374363027193572,0.06946472438799706,0.4343656425886415,0.07167178665345392,0.3300491809922248,0.05757942526171762,0.4374363027193572
mean_gpt2_seeds__semantic_strict,rq_train_sids_num_min,test_NDCG@10,18,16,18,0.4374363027193572,0.06946472438799706,0.4343656425886415,0.07167178665345392,0.3300491809922248,0.05757942526171762,0.4374363027193572
mean_gpt2_seeds__semantic_strict,rq_train_sids_num_mean,test_NDCG@10,18,16,18,0.4250267622166804,0.07870267391624072,0.5886229810012783,0.010173406934531204,0.3036452465128468,0.08064160394475747,0.4250267622166804
mean_gpt2_seeds__semantic_strict,rq_train_sids_num_sum,test_NDCG@10,18,16,18,0.4250267622166804,0.07870267391624072,0.5886229810012783,0.010173406934531204,0.3036452465128468,0.08064160394475747,0.4250267622166804
mean_gpt2_seeds__semantic_strict,rq_train_sids_num_std,test_NDCG@10,18,16,18,-0.24302016817742073,0.33119988023303304,-0.24817876115983215,0.32071385207337366,-0.14522163963657891,0.4034306313808387,0.24302016817742073
mean_gpt2_seeds__semantic_strict,rq_val_sids_num_std,test_NDCG@10,18,17,18,0.08053692348429968,0.7507312190154029,-0.07581966686986437,0.764930470413342,0.06557412294705281,0.7046514611141652,0.08053692348429968
mean_gpt2_seeds__semantic_strict,rq_train_entropy_std,test_NDCG@20,18,18,18,-0.9236326109391124,4.568456687421577e-08,-0.9504841267698878,1.5548992133092813e-09,-0.7777777777777779,4.3609775379122777e-07,0.9236326109391124
mean_gpt2_seeds__semantic_strict,rq_val_entropy_std,test_NDCG@20,18,18,18,-0.8555211558307534,6.005632918162668e-06,-0.905454246624015,2.3778842590600536e-07,-0.6862745098039217,1.8844032923611033e-05,0.8555211558307534
mean_gpt2_seeds__semantic_strict,rqvae_total_loss,test_NDCG@20,18,18,18,-0.8513931888544891,7.42168762562196e-06,-0.7662548723446593,0.00020864031137745112,-0.6470588235294119,6.992118589945655e-05,0.8513931888544891
mean_gpt2_seeds__semantic_strict,rq_train_entropy_l1,test_NDCG@20,18,18,18,0.8472652218782251,9.11494735308722e-06,0.9037726241215606,2.723198614945976e-07,0.6601307189542485,4.592069228932486e-05,0.8472652218782251
mean_gpt2_seeds__semantic_strict,rqvae_val_loss,test_NDCG@20,18,18,18,-0.8059855521155831,5.3816356061133154e-05,-0.6991222392477355,0.0012441738823547991,-0.6209150326797386,0.0001549082772801415,0.8059855521155831
mean_gpt2_seeds__semantic_strict,rq_val_entropy_min,test_NDCG@20,18,16,18,0.8055860042987689,5.463561390588929e-05,0.8593981713664334,4.893437653474111e-06,0.6204924602653826,0.00035710898232048046,0.8055860042987689
mean_gpt2_seeds__semantic_strict,rq_val_entropy_l0,test_NDCG@20,18,16,18,0.8035177475483228,5.904820604919509e-05,0.8543124134731442,6.393950458462057e-06,0.6204924602653826,0.00035710898232048046,0.8035177475483228
mean_gpt2_seeds__semantic_strict,rq_val_sids_num_l0,test_NDCG@20,18,15,18,0.802899737230192,6.042409264226019e-05,0.8912547332980684,6.955369143101191e-07,0.629194265327203,0.00030562067327238575,0.802899737230192
mean_gpt2_seeds__semantic_strict,rq_val_sids_num_min,test_NDCG@20,18,15,18,0.802899737230192,6.042409264226019e-05,0.8912547332980684,6.955369143101191e-07,0.629194265327203,0.00030562067327238575,0.802899737230192
mean_gpt2_seeds__semantic_strict,rq_train_entropy_mean,test_NDCG@20,18,18,18,0.8018575851393188,6.280599966390895e-05,0.849719103284694,8.072621007980763e-06,0.607843137254902,0.00022573646929059787,0.8018575851393188
mean_gpt2_seeds__semantic_strict,rq_train_entropy_sum,test_NDCG@20,18,18,18,0.8018575851393188,6.280599966390895e-05,0.8497191032846939,8.072621007980763e-06,0.607843137254902,0.00022573646929059787,0.8018575851393188
mean_gpt2_seeds__semantic_strict,rqvae_best_val_loss,test_NDCG@20,18,15,18,-0.8000009614824137,6.724740853975793e-05,-0.7068145587627043,0.0010392189822650037,-0.6204924602653826,0.0003594541608535341,0.8000009614824137
mean_gpt2_seeds__semantic_strict,sid_path_avg_similarity,test_NDCG@20,18,18,18,0.7997936016511867,6.77596194348165e-05,0.7177224107491718,0.0007973572035381897,0.607843137254902,0.00022573646929059787,0.7997936016511867
mean_gpt2_seeds__semantic_strict,rq_train_entropy_l0,test_NDCG@20,18,18,18,0.7997936016511867,6.77596194348165e-05,0.8830897433327811,1.2086294265920898e-06,0.607843137254902,0.00022573646929059787,0.7997936016511867
mean_gpt2_seeds__semantic_strict,rq_train_entropy_l2,test_NDCG@20,18,18,18,0.7997936016511867,6.77596194348165e-05,0.7847676382743948,0.00011487783297988862,0.6470588235294119,6.992118589945655e-05,0.7997936016511867
mean_gpt2_seeds__semantic_strict,rq_train_entropy_min,test_NDCG@20,18,18,18,0.7997936016511867,6.77596194348165e-05,0.8837595457311628,1.1568601805303556e-06,0.607843137254902,0.00022573646929059787,0.7997936016511867
mean_gpt2_seeds__semantic_strict,rq_val_entropy_l1,test_NDCG@20,18,18,18,0.7997936016511867,6.77596194348165e-05,0.8651615712484167,3.568176503053312e-06,0.5947712418300655,0.000324628494137499,0.7997936016511867
mean_gpt2_seeds__semantic_strict,rq_val_sids_num_max,test_NDCG@20,18,16,18,0.7985541451202732,7.089092250853384e-05,0.7828226880227678,0.00012263395836725483,0.6513298852348769,0.00017314499884365362,0.7985541451202732
mean_gpt2_seeds__semantic_strict,rqvae_train_loss,test_NDCG@20,18,18,18,-0.7956656346749225,7.86687183973289e-05,-0.7239576992657158,0.0006816192001475204,-0.607843137254902,0.00022573646929059787,0.7956656346749225
mean_gpt2_seeds__semantic_strict,sid_unique_total,test_NDCG@20,18,18,18,0.7956656346749225,7.86687183973289e-05,0.8764125865148619,1.8440752434208667e-06,0.607843137254902,0.00022573646929059787,0.7956656346749225
mean_gpt2_seeds__semantic_strict,sid_collisions,test_NDCG@20,18,18,18,-0.7956656346749225,7.86687183973289e-05,-0.8764125865148619,1.8440752434208667e-06,-0.607843137254902,0.00022573646929059787,0.7956656346749225
mean_gpt2_seeds__semantic_strict,sid_icr,test_NDCG@20,18,18,18,0.7956656346749225,7.86687183973289e-05,0.8764125865148618,1.8440752434208667e-06,0.607843137254902,0.00022573646929059787,0.7956656346749225
mean_gpt2_seeds__semantic_strict,sid_cur_total,test_NDCG@20,18,18,18,0.7956656346749225,7.86687183973289e-05,0.8764125865148619,1.8440752434208667e-06,0.607843137254902,0.00022573646929059787,0.7956656346749225
mean_gpt2_seeds__semantic_strict,rq_val_entropy_mean,test_NDCG@20,18,18,18,0.7915376676986584,9.103407554058783e-05,0.7664130118342272,0.00020762654402196857,0.5947712418300655,0.000324628494137499,0.7915376676986584
mean_gpt2_seeds__semantic_strict,rq_val_entropy_sum,test_NDCG@20,18,18,18,0.7915376676986584,9.103407554058783e-05,0.7664130118342268,0.00020762654402197,0.5947712418300655,0.000324628494137499,0.7915376676986584
mean_gpt2_seeds__semantic_strict,rq_val_sids_num_mean,test_NDCG@20,18,18,18,0.7853457172342622,0.0001126543102925679,0.8980739084798779,4.235925905672782e-07,0.5947712418300655,0.000324628494137499,0.7853457172342622
mean_gpt2_seeds__semantic_strict,rq_val_sids_num_sum,test_NDCG@20,18,18,18,0.7853457172342622,0.0001126543102925679,0.8980739084798779,4.235925905672782e-07,0.5947712418300655,0.000324628494137499,0.7853457172342622
mean_gpt2_seeds__semantic_strict,rq_val_entropy_max,test_NDCG@20,18,18,18,0.78328173374613,0.00012076451611540745,0.5349327073185962,0.02217157263287005,0.5816993464052289,0.0004609942250814608,0.78328173374613
mean_gpt2_seeds__semantic_strict,rq_val_entropy_l2,test_NDCG@20,18,18,18,0.7791537667698658,0.00013847602522646014,0.6892134798411129,0.0015566395628282426,0.5686274509803922,0.0006468049116659813,0.7791537667698658
mean_gpt2_seeds__semantic_strict,rq_val_sids_num_l1,test_NDCG@20,18,15,18,0.7782955090390924,0.00014242184350667843,0.9051072378864378,2.4458592094372575e-07,0.5808865585463157,0.000836474637516271,0.7782955090390924
mean_gpt2_seeds__semantic_strict,rq_val_entropy_l3,test_NDCG@20,18,18,18,0.7708978328173374,0.00018055675377341644,0.4848620111940081,0.041410974816345876,0.5686274509803922,0.0006468049116659813,0.7708978328173374
mean_gpt2_seeds__semantic_strict,rq_val_sids_num_l2,test_NDCG@20,18,17,18,0.7692308717410675,0.00019024711811354187,0.8997891444992493,3.718783840733767e-07,0.5508226327552437,0.0014524909974143545,0.7692308717410675
mean_gpt2_seeds__semantic_strict,rq_train_entropy_l3,test_NDCG@20,18,18,18,0.7667698658410733,0.00020535416507779902,0.6814906596390506,0.0018429765347240997,0.5686274509803922,0.0006468049116659813,0.7667698658410733
mean_gpt2_seeds__semantic_strict,rq_train_entropy_max,test_NDCG@20,18,18,18,0.7667698658410733,0.00020535416507779902,0.6814906596390506,0.0018429765347240997,0.5686274509803922,0.0006468049116659813,0.7667698658410733
mean_gpt2_seeds__semantic_strict,rq_val_sids_num_l3,test_NDCG@20,18,18,18,0.760577915376677,0.0002479065453786046,0.7673910970279685,0.00020144835445945188,0.5816993464052289,0.0004609942250814608,0.760577915376677
mean_gpt2_seeds__semantic_strict,sid_max_cluster_size,test_NDCG@20,18,18,18,-0.7543859649122806,0.00029766146155801984,-0.09495377435251527,0.7078226400381298,-0.5686274509803922,0.0006468049116659813,0.7543859649122806
mean_gpt2_seeds__semantic_strict,rq_train_sids_num_l3,test_NDCG@20,18,10,18,0.6295357163583605,0.00511730132010071,0.44878741077909234,0.061741279123157966,0.5306640930415354,0.0038947788390328946,0.6295357163583605
mean_gpt2_seeds__semantic_strict,rq_train_sids_num_max,test_NDCG@20,18,10,18,0.6295357163583605,0.00511730132010071,0.44878741077909234,0.061741279123157966,0.5306640930415354,0.0038947788390328946,0.6295357163583605
mean_gpt2_seeds__semantic_strict,rq_train_sids_num_l1,test_NDCG@20,18,9,18,0.5990181960749832,0.008616052384254239,0.617718041583658,0.0062999848709019285,0.49541508402214957,0.0072420959976012495,0.5990181960749832
mean_gpt2_seeds__semantic_strict,rq_train_sids_num_l2,test_NDCG@20,18,10,18,0.5986653134546231,0.008665562914922074,0.6106835669897529,0.007103156916493194,0.4708709557974187,0.010427699289679617,0.5986653134546231
mean_gpt2_seeds__semantic_strict,rq_train_sids_num_l0,test_NDCG@20,18,16,18,0.4105489649635575,0.09058407150333134,0.3563972823397608,0.146587865356486,0.3564531154716028,0.040286698571208805,0.4105489649635575
mean_gpt2_seeds__semantic_strict,rq_train_sids_num_min,test_NDCG@20,18,16,18,0.4105489649635575,0.09058407150333134,0.3563972823397608,0.146587865356486,0.3564531154716028,0.040286698571208805,0.4105489649635575
mean_gpt2_seeds__semantic_strict,rq_train_sids_num_mean,test_NDCG@20,18,16,18,0.4084807082131114,0.09238201229881762,0.549580261936554,0.01814678417162259,0.3300491809922248,0.05757942526171762,0.4084807082131114
mean_gpt2_seeds__semantic_strict,rq_train_sids_num_sum,test_NDCG@20,18,16,18,0.4084807082131114,0.09238201229881762,0.549580261936554,0.01814678417162259,0.3300491809922248,0.05757942526171762,0.4084807082131114
mean_gpt2_seeds__semantic_strict,rq_train_sids_num_std,test_NDCG@20,18,16,18,-0.13753907390466788,0.5862801591274995,-0.13972031262542342,0.5802970397211923,-0.09241377067782293,0.594941988301599,0.13753907390466788
mean_gpt2_seeds__semantic_strict,rq_val_sids_num_std,test_NDCG@20,18,17,18,0.12183790988650467,0.6300861980007267,0.041554432848844934,0.8699566815561508,0.11803342130469507,0.4950567081996511,0.12183790988650467
mean_gpt2_seeds__semantic_strict,rq_train_entropy_std,test_NDCG@5,18,18,18,-0.8761609907120743,1.8727785396152314e-06,-0.8397628886349752,1.3047541687857102e-05,-0.6862745098039217,1.8844032923611033e-05,0.8761609907120743
mean_gpt2_seeds__semantic_strict,rq_val_entropy_std,test_NDCG@5,18,18,18,-0.869969040247678,2.7112999008437103e-06,-0.8519993582500511,7.1973636337728875e-06,-0.6993464052287582,1.1750697734293768e-05,0.869969040247678
mean_gpt2_seeds__semantic_strict,rqvae_total_loss,test_NDCG@5,18,18,18,-0.6821465428276574,0.0018170810177521779,-0.5208179911335491,0.02668137205322319,-0.5032679738562092,0.002985699542918576,0.6821465428276574
mean_gpt2_seeds__semantic_strict,rq_train_entropy_l1,test_NDCG@5,18,18,18,0.6635706914344685,0.0026779839744573825,0.7096765262217984,0.0009705273267004678,0.46405228758169936,0.006652816887103086,0.6635706914344685
mean_gpt2_seeds__semantic_strict,rq_train_sids_num_l3,test_NDCG@5,18,10,18,0.6537910329255829,0.0032512513800152716,0.3452492646324158,0.16055705276736915,0.500767524419477,0.006450874129175227,0.6537910329255829
mean_gpt2_seeds__semantic_strict,rq_train_sids_num_max,test_NDCG@5,18,10,18,0.6537910329255829,0.0032512513800152716,0.3452492646324158,0.16055705276736915,0.500767524419477,0.006450874129175227,0.6537910329255829
mean_gpt2_seeds__semantic_strict,rq_val_sids_num_max,test_NDCG@5,18,16,18,0.6353309175277725,0.004607281008989628,0.5348829568701895,0.022186342102479738,0.48027355173884867,0.005622038075556106,0.6353309175277725
mean_gpt2_seeds__semantic_strict,rq_train_sids_num_l1,test_NDCG@5,18,9,18,0.6310099597695955,0.004983399754526976,0.6362522332086532,0.0045301595349664355,0.49541508402214957,0.0072420959976012495,0.6310099597695955
mean_gpt2_seeds__semantic_strict,rq_val_sids_num_l0,test_NDCG@5,18,15,18,0.6290760827782949,0.005159642122905782,0.745899741429761,0.0003792994286734761,0.45699372955344225,0.008732443934873513,0.6290760827782949
mean_gpt2_seeds__semantic_strict,rq_val_sids_num_min,test_NDCG@5,18,15,18,0.6290760827782949,0.005159642122905782,0.745899741429761,0.0003792994286734761,0.45699372955344225,0.008732443934873513,0.6290760827782949
mean_gpt2_seeds__semantic_strict,rqvae_train_loss,test_NDCG@5,18,18,18,-0.6264189886480908,0.005410032721793989,-0.46932852960320764,0.04941863452281885,-0.46405228758169936,0.006652816887103086,0.6264189886480908
mean_gpt2_seeds__semantic_strict,rq_val_entropy_min,test_NDCG@5,18,16,18,0.6256476670099553,0.005484538881780583,0.6315454160489363,0.004935477785342294,0.4752708206288037,0.006249477882326372,0.6256476670099553
mean_gpt2_seeds__semantic_strict,rq_train_sids_num_l2,test_NDCG@5,18,10,18,0.620715601243007,0.0059809121874489415,0.5877215889566934,0.010318426394901624,0.4708709557974187,0.010427699289679617,0.620715601243007
mean_gpt2_seeds__semantic_strict,rq_train_entropy_mean,test_NDCG@5,18,18,18,0.6160990712074303,0.006477968358240639,0.615911256085358,0.006498877015650989,0.46405228758169936,0.006652816887103086,0.6160990712074303
mean_gpt2_seeds__semantic_strict,rq_train_entropy_sum,test_NDCG@5,18,18,18,0.6160990712074303,0.006477968358240639,0.6159112560853581,0.006498877015650967,0.46405228758169936,0.006652816887103086,0.6160990712074303
mean_gpt2_seeds__semantic_strict,rq_val_entropy_l0,test_NDCG@5,18,16,18,0.6153063832577247,0.006566586736978588,0.6231592474008796,0.005730614053903429,0.4488668861494257,0.009809151645794335,0.6153063832577247
mean_gpt2_seeds__semantic_strict,rq_train_entropy_l2,test_NDCG@5,18,18,18,0.6119711042311662,0.006950274712161289,0.5310705685018082,0.02334126637971906,0.47712418300653603,0.005139059506065925,0.6119711042311662
mean_gpt2_seeds__semantic_strict,rqvae_best_val_loss,test_NDCG@5,18,15,18,-0.6118870403069623,0.0069601745375651594,-0.450260600686806,0.06078798851182593,-0.4620688533891147,0.007880117704671154,0.6118870403069623
mean_gpt2_seeds__semantic_strict,rq_train_entropy_l0,test_NDCG@5,18,18,18,0.6057791537667698,0.00771060824931586,0.6645791075912382,0.00262393722547423,0.4379084967320262,0.010871540899275188,0.6057791537667698
mean_gpt2_seeds__semantic_strict,rq_train_entropy_min,test_NDCG@5,18,18,18,0.6057791537667698,0.00771060824931586,0.6655915650177247,0.0025705799126941936,0.4379084967320262,0.010871540899275188,0.6057791537667698
mean_gpt2_seeds__semantic_strict,sid_path_avg_similarity,test_NDCG@5,18,18,18,0.6037151702786379,0.007978467211182616,0.4591626091064079,0.055259803649594263,0.4379084967320262,0.010871540899275188,0.6037151702786379
mean_gpt2_seeds__semantic_strict,rq_val_entropy_max,test_NDCG@5,18,18,18,0.5995872033023736,0.008536698768223001,0.2591399219669849,0.29909234515341754,0.4379084967320262,0.010871540899275188,0.5995872033023736
mean_gpt2_seeds__semantic_strict,rqvae_val_loss,test_NDCG@5,18,18,18,-0.5975232198142414,0.008827374421547773,-0.4424454080061249,0.06597297227083113,-0.4248366013071896,0.013730471770781806,0.5975232198142414
mean_gpt2_seeds__semantic_strict,rq_val_entropy_l1,test_NDCG@5,18,18,18,0.5954592363261093,0.009125961400493108,0.6501710928779183,0.003487419361701469,0.4248366013071896,0.013730471770781806,0.5954592363261093
mean_gpt2_seeds__semantic_strict,rq_val_entropy_mean,test_NDCG@5,18,18,18,0.5913312693498451,0.009747493195938688,0.5136016570245431,0.029247182903426667,0.4248366013071896,0.013730471770781806,0.5913312693498451
mean_gpt2_seeds__semantic_strict,rq_val_entropy_sum,test_NDCG@5,18,18,18,0.5913312693498451,0.009747493195938688,0.513601657024543,0.02924718290342674,0.4248366013071896,0.013730471770781806,0.5913312693498451
mean_gpt2_seeds__semantic_strict,rq_val_sids_num_mean,test_NDCG@5,18,18,18,0.5913312693498451,0.009747493195938688,0.706721921399124,0.0010415082877646019,0.4248366013071896,0.013730471770781806,0.5913312693498451
mean_gpt2_seeds__semantic_strict,rq_val_sids_num_sum,test_NDCG@5,18,18,18,0.5913312693498451,0.009747493195938688,0.706721921399124,0.0010415082877646019,0.4248366013071896,0.013730471770781806,0.5913312693498451
mean_gpt2_seeds__semantic_strict,sid_unique_total,test_NDCG@5,18,18,18,0.5892672858617131,0.010070753912334262,0.6549554720748846,0.0031781330766173232,0.411764705882353,0.017207715883354357,0.5892672858617131
mean_gpt2_seeds__semantic_strict,sid_collisions,test_NDCG@5,18,18,18,-0.5892672858617131,0.010070753912334262,-0.6549554720748846,0.0031781330766173232,-0.411764705882353,0.017207715883354357,0.5892672858617131
mean_gpt2_seeds__semantic_strict,sid_icr,test_NDCG@5,18,18,18,0.5892672858617131,0.010070753912334262,0.6549554720748844,0.003178133076617352,0.411764705882353,0.017207715883354357,0.5892672858617131
mean_gpt2_seeds__semantic_strict,sid_cur_total,test_NDCG@5,18,18,18,0.5892672858617131,0.010070753912334262,0.6549554720748846,0.0031781330766173232,0.411764705882353,0.017207715883354357,0.5892672858617131
mean_gpt2_seeds__semantic_strict,rq_val_sids_num_l2,test_NDCG@5,18,17,18,0.5844089575912004,0.010865674782946285,0.7034778998804743,0.0011243660266689421,0.4065595622717275,0.018768169593676172,0.5844089575912004
mean_gpt2_seeds__semantic_strict,rq_val_sids_num_l3,test_NDCG@5,18,18,18,0.5810113519091847,0.0114508540069193,0.5164597530634487,0.028209046201342694,0.3856209150326798,0.02643135752713797,0.5810113519091847
mean_gpt2_seeds__semantic_strict,rq_val_entropy_l3,test_NDCG@5,18,18,18,0.5789473684210527,0.011818464080461773,0.21298524227238247,0.39613332313991023,0.39869281045751637,0.021404417849918617,0.5789473684210527
mean_gpt2_seeds__semantic_strict,rq_val_sids_num_l1,test_NDCG@5,18,15,18,0.5777784721817432,0.012030796760892299,0.7517136441612275,0.0003215942935865294,0.40926098443035874,0.018598217370431172,0.5777784721817432
mean_gpt2_seeds__semantic_strict,rq_val_entropy_l2,test_NDCG@5,18,18,18,0.5686274509803922,0.013800437611725471,0.4205355853652358,0.08225848734185998,0.3725490196078432,0.032408555395746705,0.5686274509803922
mean_gpt2_seeds__semantic_strict,rq_train_entropy_l3,test_NDCG@5,18,18,18,0.5603715170278638,0.015569122116593606,0.40399377969570616,0.0963711311006141,0.3725490196078432,0.032408555395746705,0.5603715170278638
mean_gpt2_seeds__semantic_strict,rq_train_entropy_max,test_NDCG@5,18,18,18,0.5603715170278638,0.015569122116593606,0.40399377969570616,0.0963711311006141,0.3725490196078432,0.032408555395746705,0.5603715170278638
mean_gpt2_seeds__semantic_strict,sid_max_cluster_size,test_NDCG@5,18,18,18,-0.5521155830753354,0.01751291469868339,0.11832083977347999,0.6400687846417481,-0.39869281045751637,0.021404417849918617,0.5521155830753354
mean_gpt2_seeds__semantic_strict,rq_train_sids_num_l0,test_NDCG@5,18,16,18,0.4974157484822951,0.03569669832212386,0.4653815381306056,0.051628205231867716,0.3696550827112917,0.03344063866399787,0.4974157484822951
mean_gpt2_seeds__semantic_strict,rq_train_sids_num_min,test_NDCG@5,18,16,18,0.4974157484822951,0.03569669832212386,0.4653815381306056,0.051628205231867716,0.3696550827112917,0.03344063866399787,0.4974157484822951
mean_gpt2_seeds__semantic_strict,rq_train_sids_num_mean,test_NDCG@5,18,16,18,0.4829379512291721,0.042345110581111005,0.5690712926850539,0.013710089525944647,0.3696550827112917,0.03344063866399787,0.4829379512291721
mean_gpt2_seeds__semantic_strict,rq_train_sids_num_sum,test_NDCG@5,18,16,18,0.4829379512291721,0.042345110581111005,0.5690712926850539,0.013710089525944647,0.3696550827112917,0.03344063866399787,0.4829379512291721
mean_gpt2_seeds__semantic_strict,rq_train_sids_num_std,test_NDCG@5,18,16,18,-0.39193465420954227,0.10770603907679872,-0.33773874288224887,0.17046394512685403,-0.26403934479377983,0.12873504895794796,0.39193465420954227
mean_gpt2_seeds__semantic_strict,rq_val_sids_num_std,test_NDCG@5,18,17,18,-0.11151266328595341,0.6595593909373737,-0.18331405568771822,0.46654844563155395,-0.07868894753646338,0.6492108060096153,0.11151266328595341
mean_gpt2_seeds__semantic_strict,rq_val_entropy_std,test_Recall@1,18,18,12,-0.6632181328549528,0.002697094220436578,-0.7177670550569101,0.0007964737382965305,-0.42821101114864013,0.014784460165212227,0.6632181328549528
mean_gpt2_seeds__semantic_strict,rq_train_entropy_std,test_Recall@1,18,18,12,-0.5844609795784272,0.010856904785954823,-0.6334394436486435,0.004768968764836864,-0.36130304065666513,0.03971136739654867,0.5844609795784272
mean_gpt2_seeds__semantic_strict,rq_train_sids_num_l3,test_Recall@1,18,10,12,0.4483730328017823,0.062011419566781516,0.2059254557507506,0.41233716297107936,0.31369998501667384,0.09390558100497312,0.4483730328017823
mean_gpt2_seeds__semantic_strict,rq_train_sids_num_max,test_Recall@1,18,10,12,0.4483730328017823,0.062011419566781516,0.2059254557507506,0.41233716297107936,0.31369998501667384,0.09390558100497312,0.4483730328017823
mean_gpt2_seeds__semantic_strict,rq_train_sids_num_l1,test_Recall@1,18,9,12,0.43866760744903915,0.0685940009881509,0.475806767142344,0.04594804582141185,0.29199685518653884,0.12022916262475943,0.43866760744903915
mean_gpt2_seeds__semantic_strict,rq_train_sids_num_l2,test_Recall@1,18,10,12,0.43840918762840936,0.06877606960569937,0.4383263492743791,0.06883450874723952,0.2983975467231776,0.11106340097594099,0.43840918762840936
mean_gpt2_seeds__semantic_strict,rqvae_total_loss,test_Recall@1,18,18,12,-0.4310917863557193,0.07408151151957311,-0.3559825566599476,0.14709197795853474,-0.2676318819679001,0.12763112368981305,0.4310917863557193
mean_gpt2_seeds__semantic_strict,rq_train_sids_num_std,test_Recall@1,18,16,12,-0.4195232308254497,0.08307596314614847,-0.32432801756153573,0.18916426450906776,-0.3175965678477584,0.07269771987561607,0.4195232308254497
mean_gpt2_seeds__semantic_strict,rq_val_sids_num_max,test_Recall@1,18,16,12,0.38796868367377413,0.1116335833968907,0.32252740742191094,0.19177486049526177,0.2828683706333759,0.10917668075441565,0.38796868367377413
mean_gpt2_seeds__semantic_strict,rq_val_entropy_min,test_Recall@1,18,16,12,0.38733209182646716,0.1122733718043973,0.41469462906298665,0.08705690071522429,0.2500228300078098,0.15769464064131233,0.38733209182646716
mean_gpt2_seeds__semantic_strict,rq_train_entropy_l1,test_Recall@1,18,18,12,0.3844592613893555,0.11519308476574651,0.4950558683178951,0.03672165469885833,0.22748709967271508,0.19532587801144263,0.3844592613893555
mean_gpt2_seeds__semantic_strict,rq_val_sids_num_l0,test_Recall@1,18,15,12,0.3781822774353265,0.1217591067853012,0.544777162286398,0.01939717520527948,0.24408041815893058,0.16893329308276084,0.3781822774353265
mean_gpt2_seeds__semantic_strict,rq_val_sids_num_min,test_Recall@1,18,15,12,0.3781822774353265,0.1217591067853012,0.544777162286398,0.01939717520527948,0.24408041815893058,0.16893329308276084,0.3781822774353265
mean_gpt2_seeds__semantic_strict,rq_train_sids_num_mean,test_Recall@1,18,16,12,0.37383258192366803,0.12646112477374472,0.42809743315988213,0.07633731916574432,0.20947858730384064,0.23651046313606439,0.37383258192366803
mean_gpt2_seeds__semantic_strict,rq_train_sids_num_sum,test_Recall@1,18,16,12,0.37383258192366803,0.12646112477374472,0.42809743315988213,0.07633731916574432,0.20947858730384064,0.23651046313606439,0.37383258192366803
mean_gpt2_seeds__semantic_strict,rq_val_entropy_l1,test_Recall@1,18,18,12,0.3668425297353958,0.13428207445493118,0.44328332011870036,0.06540185852726961,0.24086869377111012,0.1703253544574509,0.3668425297353958
mean_gpt2_seeds__semantic_strict,rq_val_sids_num_l2,test_Recall@1,18,17,12,0.3665135588701533,0.13465826804856498,0.4944470410799101,0.03698971433747847,0.22152141558568508,0.2084761271687532,0.3665135588701533
mean_gpt2_seeds__semantic_strict,rqvae_train_loss,test_Recall@1,18,18,12,-0.3658062514028099,0.13546959456441815,-0.28216930790865485,0.2566089926095377,-0.24086869377111012,0.1703253544574509,0.3658062514028099
mean_gpt2_seeds__semantic_strict,rq_val_entropy_mean,test_Recall@1,18,18,12,0.3647699730702241,0.1366644128800649,0.2951765047162081,0.2343814783121807,0.24086869377111012,0.1703253544574509,0.3647699730702241
mean_gpt2_seeds__semantic_strict,rq_val_entropy_sum,test_Recall@1,18,18,12,0.3647699730702241,0.1366644128800649,0.29517650471620793,0.2343814783121807,0.24086869377111012,0.1703253544574509,0.3647699730702241
mean_gpt2_seeds__semantic_strict,rq_train_entropy_mean,test_Recall@1,18,18,12,0.36062485973988057,0.14151701728011026,0.39151167057375835,0.10812015427569624,0.22748709967271508,0.19532587801144263,0.36062485973988057
mean_gpt2_seeds__semantic_strict,rq_train_entropy_sum,test_Recall@1,18,18,12,0.36062485973988057,0.14151701728011026,0.3915116705737582,0.10812015427569624,0.22748709967271508,0.19532587801144263,0.36062485973988057
mean_gpt2_seeds__semantic_strict,rq_val_entropy_l0,test_Recall@1,18,16,12,0.3582562243435151,0.1443429104949313,0.39883572139011575,0.10110879443537871,0.23650808243982008,0.181387066037904,0.3582562243435151
mean_gpt2_seeds__semantic_strict,rq_val_sids_num_mean,test_Recall@1,18,18,12,0.3544071897443654,0.14901778366705365,0.4939209420458986,0.03722255719204981,0.22748709967271508,0.19532587801144263,0.3544071897443654
mean_gpt2_seeds__semantic_strict,rq_val_sids_num_sum,test_Recall@1,18,18,12,0.3544071897443654,0.14901778366705365,0.4939209420458986,0.03722255719204981,0.22748709967271508,0.19532587801144263,0.3544071897443654
mean_gpt2_seeds__semantic_strict,rqvae_best_val_loss,test_Recall@1,18,15,12,-0.3502865969026259,0.15413690791516527,-0.2303352834302152,0.35782208443989877,-0.20947858730384064,0.23673791842760672,0.3502865969026259
mean_gpt2_seeds__semantic_strict,rq_train_sids_num_l0,test_Recall@1,18,16,12,0.3489104097954235,0.15587310606816784,0.38068069338554433,0.11911478485951821,0.20947858730384064,0.23651046313606439,0.3489104097954235
mean_gpt2_seeds__semantic_strict,rq_train_sids_num_min,test_Recall@1,18,16,12,0.3489104097954235,0.15587310606816784,0.38068069338554433,0.11911478485951821,0.20947858730384064,0.23651046313606439,0.3489104097954235
mean_gpt2_seeds__semantic_strict,rq_train_entropy_l2,test_Recall@1,18,18,12,0.3481895197488502,0.15678790322131947,0.3238236007349843,0.18989319158125664,0.24086869377111012,0.1703253544574509,0.3481895197488502
mean_gpt2_seeds__semantic_strict,sid_path_avg_similarity,test_Recall@1,18,18,12,0.34508068475109266,0.1607750126204054,0.24022164739211965,0.33697118722182945,0.20072391147592508,0.25319115969959627,0.34508068475109266
mean_gpt2_seeds__semantic_strict,rq_val_entropy_max,test_Recall@1,18,18,12,0.34300812808592085,0.1634711509443066,0.049248213589775415,0.8461295992813701,0.24086869377111012,0.1703253544574509,0.34300812808592085
mean_gpt2_seeds__semantic_strict,sid_unique_total,test_Recall@1,18,18,12,0.341971849753335,0.16483068214269206,0.4333589773911927,0.07240648800899639,0.20072391147592508,0.25319115969959627,0.341971849753335
mean_gpt2_seeds__semantic_strict,sid_collisions,test_Recall@1,18,18,12,-0.341971849753335,0.16483068214269206,-0.4333589773911927,0.07240648800899639,-0.20072391147592508,0.25319115969959627,0.341971849753335
mean_gpt2_seeds__semantic_strict,sid_icr,test_Recall@1,18,18,12,0.341971849753335,0.16483068214269206,0.4333589773911927,0.07240648800899639,0.20072391147592508,0.25319115969959627,0.341971849753335
mean_gpt2_seeds__semantic_strict,sid_cur_total,test_Recall@1,18,18,12,0.341971849753335,0.16483068214269206,0.4333589773911927,0.07240648800899639,0.20072391147592508,0.25319115969959627,0.341971849753335
mean_gpt2_seeds__semantic_strict,rqvae_val_loss,test_Recall@1,18,18,12,-0.3398992930881633,0.16757273745706638,-0.21704871852593036,0.3869666286119913,-0.20072391147592508,0.25319115969959627,0.3398992930881633
mean_gpt2_seeds__semantic_strict,rq_val_entropy_l2,test_Recall@1,18,18,12,0.3398992930881633,0.16757273745706638,0.2198144596032694,0.38079490678698297,0.21410550557432007,0.2229170293435725,0.3398992930881633
mean_gpt2_seeds__semantic_strict,rq_val_sids_num_l3,test_Recall@1,18,18,12,0.3316090664274764,0.17884946020667894,0.3026533990991847,0.22218027816187508,0.20072391147592508,0.25319115969959627,0.3316090664274764
mean_gpt2_seeds__semantic_strict,rq_train_entropy_l0,test_Recall@1,18,18,12,0.327463953097133,0.18467431458622338,0.42960609540069605,0.07519453575066018,0.20072391147592508,0.25319115969959627,0.327463953097133
mean_gpt2_seeds__semantic_strict,rq_train_entropy_min,test_Recall@1,18,18,12,0.327463953097133,0.18467431458622338,0.43141573763937274,0.07384044071986476,0.20072391147592508,0.25319115969959627,0.327463953097133
mean_gpt2_seeds__semantic_strict,rq_val_sids_num_l1,test_Recall@1,18,15,12,0.32070683983084863,0.194438586215721,0.5506251355308854,0.017883393102994298,0.1959638397358509,0.2683607028122019,0.32070683983084863
mean_gpt2_seeds__semantic_strict,rq_val_entropy_l3,test_Recall@1,18,18,12,0.32021000476903194,0.19516975260207822,0.0027645111809411764,0.9913138123929507,0.20072391147592508,0.25319115969959627,0.32021000476903194
mean_gpt2_seeds__semantic_strict,rq_train_entropy_l3,test_Recall@1,18,18,12,0.2901579331240418,0.24280654288968054,0.1845550305767742,0.46348401236974746,0.18734231737753007,0.2862170598721394,0.2901579331240418
mean_gpt2_seeds__semantic_strict,rq_train_entropy_max,test_Recall@1,18,18,12,0.2901579331240418,0.24280654288968054,0.1845550305767742,0.46348401236974746,0.18734231737753007,0.2862170598721394,0.2901579331240418
mean_gpt2_seeds__semantic_strict,sid_max_cluster_size,test_Recall@1,18,18,12,-0.2860128197936984,0.249908259893364,0.2856918968490283,0.25046349018769065,-0.13381594098395005,0.44620619828349806,0.2860128197936984
mean_gpt2_seeds__semantic_strict,rq_val_sids_num_std,test_Recall@1,18,17,12,-0.2747555674698462,0.26984888725423717,-0.2770828539329715,0.26564801149456796,-0.16781925423157962,0.340664256553481,0.2747555674698462
mean_gpt2_seeds__semantic_strict,rq_train_entropy_std,test_Recall@10,18,18,15,-0.8908462290659735,7.157635436143445e-07,-0.9176926028414515,8.160594108992489e-08,-0.7219176307438434,3.434494803985645e-05,0.8908462290659735
mean_gpt2_seeds__semantic_strict,rq_train_entropy_l1,test_Recall@10,18,18,15,0.8525636385021628,6.993792720332395e-06,0.874053265539242,2.128732874157202e-06,0.6821790455652832,9.058054987658928e-05,0.8525636385021628
mean_gpt2_seeds__semantic_strict,rq_val_entropy_std,test_Recall@10,18,18,15,-0.8360090047448393,1.5507913256235398e-05,-0.9063707647172926,2.206145760208929e-07,-0.6556866554462432,0.00016821709987863725,0.8360090047448393
mean_gpt2_seeds__semantic_strict,rqvae_total_loss,test_Recall@10,18,18,15,-0.8225583648170138,2.785524795440772e-05,-0.7252377908976654,0.000659688246451395,-0.6027018752081629,0.0005432566469598444,0.8225583648170138
mean_gpt2_seeds__semantic_strict,rqvae_val_loss,test_Recall@10,18,18,15,-0.8111770541088539,4.4084505316125254e-05,-0.6284321994271788,0.005219434668018345,-0.6689328505057632,0.00012377837848779995,0.8111770541088539
mean_gpt2_seeds__semantic_strict,sid_path_avg_similarity,test_Recall@10,18,18,15,0.784275774253203,0.0001167989069918997,0.6486765580910588,0.0035889354423319646,0.615948070267683,0.0004085808825771665,0.784275774253203
mean_gpt2_seeds__semantic_strict,rqvae_best_val_loss,test_Recall@10,18,15,15,-0.7834201097588231,0.00012020574334875952,-0.6334229645517354,0.004770397482431287,-0.6153880571233991,0.00045854223864763945,0.7834201097588231
mean_gpt2_seeds__semantic_strict,rq_train_entropy_mean,test_Recall@10,18,18,15,0.7811717804237049,0.0001295611366468433,0.8058694633586668,5.4053307330937086e-05,0.5894556801486429,0.000718403170333069,0.7811717804237049
mean_gpt2_seeds__semantic_strict,rq_train_entropy_sum,test_Recall@10,18,18,15,0.7811717804237049,0.0001295611366468433,0.8058694633586667,5.405330733093752e-05,0.5894556801486429,0.000718403170333069,0.7811717804237049
mean_gpt2_seeds__semantic_strict,sid_unique_total,test_Recall@10,18,18,15,0.7801371158138722,0.00013406919848587306,0.8361239237937568,1.5427095953870534e-05,0.6027018752081629,0.0005432566469598444,0.7801371158138722
mean_gpt2_seeds__semantic_strict,sid_collisions,test_Recall@10,18,18,15,-0.7801371158138722,0.00013406919848587306,-0.8361239237937568,1.5427095953870534e-05,-0.6027018752081629,0.0005432566469598444,0.7801371158138722
mean_gpt2_seeds__semantic_strict,sid_icr,test_Recall@10,18,18,15,0.7801371158138722,0.00013406919848587306,0.8361239237937567,1.5427095953870534e-05,0.6027018752081629,0.0005432566469598444,0.7801371158138722
mean_gpt2_seeds__semantic_strict,sid_cur_total,test_Recall@10,18,18,15,0.7801371158138722,0.00013406919848587306,0.8361239237937568,1.5427095953870534e-05,0.6027018752081629,0.0005432566469598444,0.7801371158138722
mean_gpt2_seeds__semantic_strict,rq_val_entropy_min,test_Recall@10,18,16,15,0.7796786947091885,0.00013610858446458114,0.8020167689980188,6.243709319599449e-05,0.6020100558815861,0.0006050079901888314,0.7796786947091885
mean_gpt2_seeds__semantic_strict,rq_train_entropy_l2,test_Recall@10,18,18,15,0.7780677865942067,0.00014348461575672657,0.7395138414718379,0.0004524682793504963,0.615948070267683,0.0004085808825771665,0.7780677865942067
mean_gpt2_seeds__semantic_strict,rq_val_entropy_l0,test_Recall@10,18,16,15,0.7776050811594301,0.0001456647240516532,0.7986665213993192,7.060204528831686e-05,0.6020100558815861,0.0006050079901888314,0.7776050811594301
mean_gpt2_seeds__semantic_strict,rq_train_entropy_l0,test_Recall@10,18,18,15,0.7770331219843741,0.00014839826680020633,0.8349689824957911,1.6255932380830552e-05,0.5894556801486429,0.000718403170333069,0.7770331219843741
mean_gpt2_seeds__semantic_strict,rq_train_entropy_min,test_Recall@10,18,18,15,0.7770331219843741,0.00014839826680020633,0.835442956392186,1.5911295249080393e-05,0.5894556801486429,0.000718403170333069,0.7770331219843741
mean_gpt2_seeds__semantic_strict,sid_max_cluster_size,test_Recall@10,18,18,15,-0.7759984573745413,0.00015345350210166193,-0.0023280428085827405,0.9926851728400867,-0.629194265327203,0.00030562067327238575,0.7759984573745413
mean_gpt2_seeds__semantic_strict,rq_val_entropy_l1,test_Recall@10,18,18,15,0.7759984573745413,0.00015345350210166193,0.8138053031418298,3.975853823261289e-05,0.5894556801486429,0.000718403170333069,0.7759984573745413
mean_gpt2_seeds__semantic_strict,rq_val_entropy_mean,test_Recall@10,18,18,15,0.7728944635450431,0.00016950186866900765,0.6998275335952897,0.0012240847934551406,0.5894556801486429,0.000718403170333069,0.7728944635450431
mean_gpt2_seeds__semantic_strict,rq_val_entropy_sum,test_Recall@10,18,18,15,0.7728944635450431,0.00016950186866900765,0.6998275335952895,0.001224084793455147,0.5894556801486429,0.000718403170333069,0.7728944635450431
mean_gpt2_seeds__semantic_strict,rq_val_entropy_l2,test_Recall@10,18,18,15,0.7718597989352105,0.00017515688237271077,0.6190966744734535,0.006151566691128996,0.5894556801486429,0.000718403170333069,0.7718597989352105
mean_gpt2_seeds__semantic_strict,rq_val_sids_num_l0,test_Recall@10,18,15,15,0.7717842323651454,0.00017557606685804554,0.8330180039561328,1.77426040219277e-05,0.5838926174496646,0.0009086155065523708,0.7717842323651454
mean_gpt2_seeds__semantic_strict,rq_val_sids_num_min,test_Recall@10,18,15,15,0.7717842323651454,0.00017557606685804554,0.8330180039561328,1.77426040219277e-05,0.5838926174496646,0.0009086155065523708,0.7717842323651454
mean_gpt2_seeds__semantic_strict,rq_val_sids_num_max,test_Recall@10,18,16,15,0.768514650930434,0.00019454351910019651,0.7190778761279893,0.0007708956411155148,0.593346518958041,0.0007060327473044211,0.768514650930434
mean_gpt2_seeds__semantic_strict,rq_val_sids_num_l2,test_Recall@10,18,17,15,0.7665647899506867,0.0002066574697290184,0.8495028561914881,8.160168928527608e-06,0.5714569554438155,0.0010726514137065406,0.7665647899506867
mean_gpt2_seeds__semantic_strict,rq_val_sids_num_mean,test_Recall@10,18,18,15,0.7656518112762142,0.00021254471899692564,0.8429511681803171,1.1228115867422825e-05,0.5894556801486429,0.000718403170333069,0.7656518112762142
mean_gpt2_seeds__semantic_strict,rq_val_sids_num_sum,test_Recall@10,18,18,15,0.7656518112762142,0.00021254471899692564,0.8429511681803171,1.1228115867422825e-05,0.5894556801486429,0.000718403170333069,0.7656518112762142
mean_gpt2_seeds__semantic_strict,rq_val_sids_num_l1,test_Recall@10,18,15,15,0.7652853849958875,0.00021494705363520066,0.8608028277581741,4.536723523991632e-06,0.5752540533979601,0.001055272205597502,0.7652853849958875
mean_gpt2_seeds__semantic_strict,rqvae_train_loss,test_Recall@10,18,18,15,-0.7615131528368833,0.00024103983355099883,-0.6488202766945128,0.003579069457880618,-0.5629632900296027,0.0012360104756029638,0.7615131528368833
mean_gpt2_seeds__semantic_strict,rq_val_entropy_l3,test_Recall@10,18,18,15,0.7573744943975522,0.00027269021729531067,0.3986332893568841,0.10129807622840153,0.5629632900296027,0.0012360104756029638,0.7573744943975522
mean_gpt2_seeds__semantic_strict,rq_val_entropy_max,test_Recall@10,18,18,15,0.7532358359582214,0.0003077711485899661,0.4523689636916214,0.05944286840809292,0.5497170949700827,0.0016081364421514674,0.7532358359582214
mean_gpt2_seeds__semantic_strict,rq_val_sids_num_l3,test_Recall@10,18,18,15,0.7470278482992251,0.0003674696636713234,0.7024438105776801,0.00115190266017101,0.5497170949700827,0.0016081364421514674,0.7470278482992251
mean_gpt2_seeds__semantic_strict,rq_train_entropy_l3,test_Recall@10,18,18,15,0.743923854469727,0.000400790530200219,0.6279073869136451,0.005268585864744062,0.5364708999105626,0.0020810374149750005,0.743923854469727
mean_gpt2_seeds__semantic_strict,rq_train_entropy_max,test_Recall@10,18,18,15,0.743923854469727,0.000400790530200219,0.6279073869136451,0.005268585864744062,0.5364708999105626,0.0020810374149750005,0.743923854469727
mean_gpt2_seeds__semantic_strict,rq_train_sids_num_l3,test_Recall@10,18,10,15,0.6444306571370048,0.0038906138635625004,0.49243656472360253,0.03788558435057039,0.5377399266946282,0.0037876737207387426,0.6444306571370048
mean_gpt2_seeds__semantic_strict,rq_train_sids_num_max,test_Recall@10,18,10,15,0.6444306571370048,0.0038906138635625004,0.49243656472360253,0.03788558435057039,0.5377399266946282,0.0037876737207387426,0.6444306571370048
mean_gpt2_seeds__semantic_strict,rq_train_sids_num_l2,test_Recall@10,18,10,15,0.6223232589504867,0.005815266779996451,0.6506315697610928,0.0034566199440198247,0.5074447195569027,0.006291157252705397,0.6223232589504867
mean_gpt2_seeds__semantic_strict,rq_train_sids_num_l1,test_Recall@10,18,9,15,0.608311807631709,0.007391892830823593,0.6533618740147521,0.0032785448756076536,0.5020209101365224,0.007068283256796147,0.608311807631709
mean_gpt2_seeds__semantic_strict,rq_train_sids_num_mean,test_Recall@10,18,16,15,0.41368590317681675,0.08790577468898524,0.5940204740549069,0.009338862723947306,0.32776103042441906,0.06188823486075557,0.41368590317681675
mean_gpt2_seeds__semantic_strict,rq_train_sids_num_sum,test_Recall@10,18,16,15,0.41368590317681675,0.08790577468898524,0.5940204740549069,0.009338862723947306,0.32776103042441906,0.06188823486075557,0.41368590317681675
mean_gpt2_seeds__semantic_strict,rq_train_sids_num_l0,test_Recall@10,18,16,15,0.4116122896270583,0.08966966632929697,0.40635575410282465,0.09425601523784281,0.32776103042441906,0.06188823486075557,0.4116122896270583
mean_gpt2_seeds__semantic_strict,rq_train_sids_num_min,test_Recall@10,18,16,15,0.4116122896270583,0.08966966632929697,0.40635575410282465,0.09425601523784281,0.32776103042441906,0.06188823486075557,0.4116122896270583
mean_gpt2_seeds__semantic_strict,rq_val_sids_num_std,test_Recall@10,18,17,15,0.15527983591168534,0.538388895663816,0.0190137073450628,0.9403075864475035,0.13289696638228266,0.446873298070653,0.15527983591168534
mean_gpt2_seeds__semantic_strict,rq_train_sids_num_std,test_Recall@10,18,16,15,-0.14100572138357667,0.5767833206268422,-0.17881239940821816,0.47774933286814825,-0.06020100558815861,0.7316466594935072,0.14100572138357667
mean_gpt2_seeds__semantic_strict,rqvae_total_loss,test_Recall@20,18,18,17,-0.9179144227890056,7.99200645766194e-08,-0.8485219335898354,8.56759362734592e-06,-0.7606598261858126,1.0977319134518045e-05,0.9179144227890056
mean_gpt2_seeds__semantic_strict,rq_train_entropy_std,test_Recall@20,18,18,17,-0.9024265528881787,3.0300486653205313e-07,-0.9553051785487303,6.957393496297622e-10,-0.7475450015964021,1.5521188234385072e-05,0.9024265528881787
mean_gpt2_seeds__semantic_strict,sid_path_avg_similarity,test_Recall@20,18,18,17,0.8900362569675171,7.573734441460344e-07,0.8249081279066385,2.523543322727691e-05,0.7475450015964021,1.5521188234385072e-05,0.8900362569675171
mean_gpt2_seeds__semantic_strict,rqvae_val_loss,test_Recall@20,18,18,17,-0.8859061583272966,1.0036068952931917e-06,-0.8070569150048732,5.167095936443421e-05,-0.7344301770069916,2.18253404649829e-05,0.8859061583272966
mean_gpt2_seeds__semantic_strict,sid_unique_total,test_Recall@20,18,18,17,0.8859061583272966,1.0036068952931917e-06,0.9470068513252372,2.6467040428656524e-09,0.7475450015964021,1.5521188234385072e-05,0.8859061583272966
mean_gpt2_seeds__semantic_strict,sid_collisions,test_Recall@20,18,18,17,-0.8859061583272966,1.0036068952931917e-06,-0.9470068513252372,2.6467040428656524e-09,-0.7475450015964021,1.5521188234385072e-05,0.8859061583272966
mean_gpt2_seeds__semantic_strict,sid_icr,test_Recall@20,18,18,17,0.8859061583272966,1.0036068952931917e-06,0.9470068513252372,2.6467040428656524e-09,0.7475450015964021,1.5521188234385072e-05,0.8859061583272966
mean_gpt2_seeds__semantic_strict,sid_cur_total,test_Recall@20,18,18,17,0.8859061583272966,1.0036068952931917e-06,0.9470068513252372,2.6467040428656524e-09,0.7475450015964021,1.5521188234385072e-05,0.8859061583272966
mean_gpt2_seeds__semantic_strict,rq_train_entropy_l1,test_Recall@20,18,18,17,0.8859061583272966,1.0036068952931917e-06,0.9547959073887997,7.605187805981649e-10,0.7213153524175809,3.052160646673708e-05,0.8859061583272966
mean_gpt2_seeds__semantic_strict,rq_val_entropy_l0,test_Recall@20,18,16,17,0.8846363473479946,1.0919882333689808e-06,0.933137262544286,1.626332267337481e-08,0.7351154581710994,2.4592074082096405e-05,0.8846363473479946
mean_gpt2_seeds__semantic_strict,rq_val_entropy_min,test_Recall@20,18,16,17,0.8846363473479946,1.0919882333689808e-06,0.9347917597039094,1.3379919450661762e-08,0.7351154581710994,2.4592074082096405e-05,0.8846363473479946
mean_gpt2_seeds__semantic_strict,rq_val_entropy_l1,test_Recall@20,18,18,17,0.8838411090071865,1.150688662674376e-06,0.9329059193633386,1.670660903829633e-08,0.7344301770069916,2.18253404649829e-05,0.8838411090071865
mean_gpt2_seeds__semantic_strict,rq_val_entropy_mean,test_Recall@20,18,18,17,0.8838411090071865,1.150688662674376e-06,0.8650866231037064,3.583189740980277e-06,0.7344301770069916,2.18253404649829e-05,0.8838411090071865
mean_gpt2_seeds__semantic_strict,rq_val_entropy_sum,test_Recall@20,18,18,17,0.8838411090071865,1.150688662674376e-06,0.8650866231037062,3.5831897409803207e-06,0.7344301770069916,2.18253404649829e-05,0.8838411090071865
mean_gpt2_seeds__semantic_strict,rq_train_entropy_l2,test_Recall@20,18,18,17,0.880743535027021,1.4060380013579058e-06,0.8766889358469057,1.812985195570704e-06,0.7344301770069916,2.18253404649829e-05,0.880743535027021
mean_gpt2_seeds__semantic_strict,rq_train_entropy_mean,test_Recall@20,18,18,17,0.880743535027021,1.4060380013579058e-06,0.9284193699406287,2.764010432895106e-08,0.7213153524175809,3.052160646673708e-05,0.880743535027021
mean_gpt2_seeds__semantic_strict,rq_train_entropy_sum,test_Recall@20,18,18,17,0.880743535027021,1.4060380013579058e-06,0.9284193699406288,2.764010432895106e-08,0.7213153524175809,3.052160646673708e-05,0.880743535027021
mean_gpt2_seeds__semantic_strict,rqvae_best_val_loss,test_Recall@20,18,15,17,-0.8800418356124768,1.4702233858213688e-06,-0.8136051491173846,4.007473340538687e-05,-0.7351154581710994,2.481434377943358e-05,0.8800418356124768
mean_gpt2_seeds__semantic_strict,rq_train_entropy_l0,test_Recall@20,18,18,17,0.8786784857069107,1.6021748505671647e-06,0.9531902305026001,1.0003885359591245e-09,0.7213153524175809,3.052160646673708e-05,0.8786784857069107
mean_gpt2_seeds__semantic_strict,rq_train_entropy_min,test_Recall@20,18,18,17,0.8786784857069107,1.6021748505671647e-06,0.9534867389117987,9.516986204090524e-10,0.7213153524175809,3.052160646673708e-05,0.8786784857069107
mean_gpt2_seeds__semantic_strict,rq_val_entropy_l2,test_Recall@20,18,18,17,0.8745483870666902,2.066050932040095e-06,0.800660909738379,6.563907310578189e-05,0.7082005278281704,4.244896249414552e-05,0.8745483870666902
mean_gpt2_seeds__semantic_strict,rq_val_sids_num_l0,test_Recall@20,18,15,17,0.8731902772767106,2.241903267569945e-06,0.9218416511205055,5.467768440293877e-08,0.7176436184643263,4.00059371368591e-05,0.8731902772767106
mean_gpt2_seeds__semantic_strict,rq_val_sids_num_min,test_Recall@20,18,15,17,0.8731902772767106,2.241903267569945e-06,0.9218416511205055,5.467768440293877e-08,0.7176436184643263,4.00059371368591e-05,0.8731902772767106
mean_gpt2_seeds__semantic_strict,rq_val_sids_num_mean,test_Recall@20,18,18,17,0.871450813086525,2.485831410377525e-06,0.9514733865484272,1.3272435399520859e-09,0.7082005278281704,4.244896249414552e-05,0.871450813086525
mean_gpt2_seeds__semantic_strict,rq_val_sids_num_sum,test_Recall@20,18,18,17,0.871450813086525,2.485831410377525e-06,0.9514733865484272,1.3272435399520859e-09,0.7082005278281704,4.244896249414552e-05,0.871450813086525
mean_gpt2_seeds__semantic_strict,rqvae_train_loss,test_Recall@20,18,18,17,-0.8704182884264696,2.641156002491987e-06,-0.82286791627258,2.7497384490002744e-05,-0.6950857032387598,5.8714214427592694e-05,0.8704182884264696
mean_gpt2_seeds__semantic_strict,rq_val_entropy_max,test_Recall@20,18,18,17,0.8673207144463044,3.158257438415191e-06,0.6657128845136576,0.0025642466336705237,0.6950857032387598,5.8714214427592694e-05,0.8673207144463044
mean_gpt2_seeds__semantic_strict,rq_val_sids_num_max,test_Recall@20,18,16,17,0.8609820271193751,4.4928643558745905e-06,0.8753680661731297,1.9657702614427533e-06,0.7128751695210204,4.1389105346730044e-05,0.8609820271193751
mean_gpt2_seeds__semantic_strict,rq_val_sids_num_l2,test_Recall@20,18,17,17,0.859504132231405,4.8657140993676964e-06,0.9532624952748895,9.88326434250959e-10,0.6907894736842106,6.809135982255162e-05,0.859504132231405
mean_gpt2_seeds__semantic_strict,rq_train_entropy_l3,test_Recall@20,18,18,17,0.8590605171658633,4.982688033331659e-06,0.7976358623577862,7.328933972398265e-05,0.6819708786493494,8.076797473974021e-05,0.8590605171658633
mean_gpt2_seeds__semantic_strict,rq_train_entropy_max,test_Recall@20,18,18,17,0.8590605171658633,4.982688033331659e-06,0.7976358623577862,7.328933972398265e-05,0.6819708786493494,8.076797473974021e-05,0.8590605171658633
mean_gpt2_seeds__semantic_strict,rq_val_entropy_l3,test_Recall@20,18,18,17,0.8590605171658633,4.982688033331659e-06,0.6196923906941912,0.006088317815780351,0.6819708786493494,8.076797473974021e-05,0.8590605171658633
mean_gpt2_seeds__semantic_strict,rq_val_sids_num_l1,test_Recall@20,18,15,17,0.8541886677037673,6.434893205521127e-06,0.9357177184591768,1.1968758378222983e-08,0.6688888403178471,0.00012474003760504563,0.8541886677037673
mean_gpt2_seeds__semantic_strict,sid_max_cluster_size,test_Recall@20,18,18,17,-0.8425401226049813,1.1449725835957253e-05,-0.23363150353740722,0.3507903553371719,-0.6557412294705282,0.00015035025419349332,0.8425401226049813
mean_gpt2_seeds__semantic_strict,rq_val_sids_num_l3,test_Recall@20,18,18,17,0.8363449746446506,1.5272653510209766e-05,0.8643009275748682,3.7438732790264363e-06,0.6688560540599388,0.00011049899072046058,0.8363449746446506
mean_gpt2_seeds__semantic_strict,rq_val_entropy_std,test_Recall@20,18,18,17,-0.7826536923217842,0.0001233283289593573,-0.8716502788090859,2.4567493490308607e-06,-0.603281931112886,0.0004880131158213636,0.7826536923217842
mean_gpt2_seeds__semantic_strict,rq_train_sids_num_l3,test_Recall@20,18,10,17,0.5327894382049276,0.02281486922301079,0.4715345181572236,0.04821527838776757,0.4799160220435707,0.009224604945106818,0.5327894382049276
mean_gpt2_seeds__semantic_strict,rq_train_sids_num_max,test_Recall@20,18,10,17,0.5327894382049276,0.02281486922301079,0.4715345181572236,0.04821527838776757,0.4799160220435707,0.009224604945106818,0.5327894382049276
mean_gpt2_seeds__semantic_strict,rq_train_sids_num_l2,test_Recall@20,18,10,17,0.5217586009750119,0.026360281021697896,0.5802545953539299,0.011584560694914422,0.4499212706658476,0.014651117258600067,0.5217586009750119
mean_gpt2_seeds__semantic_strict,rq_train_sids_num_l1,test_Recall@20,18,9,17,0.5082694768358184,0.031262944480833624,0.569876507005175,0.013547382492458513,0.44432548443247377,0.01629750428213698,0.5082694768358184
mean_gpt2_seeds__semantic_strict,rq_train_sids_num_mean,test_Recall@20,18,16,17,0.29487878244933147,0.23487600280434878,0.5034231228920193,0.033186734251427985,0.3245104274809358,0.06257128733399468,0.29487878244933147
mean_gpt2_seeds__semantic_strict,rq_train_sids_num_sum,test_Recall@20,18,16,17,0.29487878244933147,0.23487600280434878,0.5034231228920193,0.033186734251427985,0.3245104274809358,0.06257128733399468,0.29487878244933147
mean_gpt2_seeds__semantic_strict,rq_train_sids_num_l0,test_Recall@20,18,16,17,0.28039350892550463,0.2597425399104024,0.2765887560284937,0.2665364663948165,0.2980197803396349,0.08722755563200152,0.28039350892550463
mean_gpt2_seeds__semantic_strict,rq_train_sids_num_min,test_Recall@20,18,16,17,0.28039350892550463,0.2597425399104024,0.2765887560284937,0.2665364663948165,0.2980197803396349,0.08722755563200152,0.28039350892550463
mean_gpt2_seeds__semantic_strict,rq_val_sids_num_std,test_Recall@20,18,17,17,0.23347107438016532,0.3511307510378985,0.16407011684965794,0.5153377428251509,0.17763157894736845,0.3057580268971083,0.23347107438016532
mean_gpt2_seeds__semantic_strict,rq_train_sids_num_std,test_Recall@20,18,16,17,0.03621318380956702,0.886562275695195,-0.027960909084484453,0.9123043551094143,0.01986798535597566,0.9092268407803845,0.03621318380956702
mean_gpt2_seeds__semantic_strict,rq_train_entropy_std,test_Recall@5,18,18,18,-0.8802889576883385,1.4473368008429358e-06,-0.8660122794513672,3.4015194349025195e-06,-0.6993464052287582,1.1750697734293768e-05,0.8802889576883385
mean_gpt2_seeds__semantic_strict,rq_val_entropy_std,test_Recall@5,18,18,18,-0.8658410732714137,3.434510604967861e-06,-0.8504733511131832,7.773534678443368e-06,-0.6862745098039217,1.8844032923611033e-05,0.8658410732714137
mean_gpt2_seeds__semantic_strict,rqvae_total_loss,test_Recall@5,18,18,18,-0.7089783281733747,0.0009869258677951244,-0.5605506440199907,0.015528930855923455,-0.4901960784313726,0.003934978451529695,0.7089783281733747
mean_gpt2_seeds__semantic_strict,rq_train_entropy_l1,test_Recall@5,18,18,18,0.7048503611971104,0.0010886663167765575,0.7547751714981654,0.0002943042714456425,0.47712418300653603,0.005139059506065925,0.7048503611971104
mean_gpt2_seeds__semantic_strict,rqvae_val_loss,test_Recall@5,18,18,18,-0.6883384932920537,0.0015871002439845348,-0.511041201227691,0.030202148436874444,-0.5163398692810458,0.002244139045296836,0.6883384932920537
mean_gpt2_seeds__semantic_strict,rq_val_sids_num_l0,test_Recall@5,18,15,18,0.6725319963912691,0.0022283380320153646,0.7807482248014015,0.00013139081293883493,0.47023992461296227,0.006968095114274969,0.6725319963912691
mean_gpt2_seeds__semantic_strict,rq_val_sids_num_min,test_Recall@5,18,15,18,0.6725319963912691,0.0022283380320153646,0.7807482248014015,0.00013139081293883493,0.47023992461296227,0.006968095114274969,0.6725319963912691
mean_gpt2_seeds__semantic_strict,sid_path_avg_similarity,test_Recall@5,18,18,18,0.6697626418988648,0.0023600851881755407,0.5272453333559154,0.02454682611024038,0.47712418300653603,0.005139059506065925,0.6697626418988648
mean_gpt2_seeds__semantic_strict,rq_val_sids_num_l3,test_Recall@5,18,18,18,0.6676986584107326,0.002462394297708647,0.5778399184383214,0.012019559594634749,0.4509803921568628,0.008539551386647026,0.6676986584107326
mean_gpt2_seeds__semantic_strict,rqvae_best_val_loss,test_Recall@5,18,15,18,-0.6656338749285198,0.0025683697351711813,-0.5164556449498906,0.028210517546116566,-0.4752708206288037,0.006274459009503167,0.6656338749285198
mean_gpt2_seeds__semantic_strict,rq_val_entropy_min,test_Recall@5,18,16,18,0.6628762885179857,0.002715730656824276,0.6822990338994822,0.0018111036916099656,0.4620688533891147,0.007850313216069153,0.6628762885179857
mean_gpt2_seeds__semantic_strict,rqvae_train_loss,test_Recall@5,18,18,18,-0.6615067079463364,0.0027914618317622228,-0.5193767795125737,0.02717924730543531,-0.4509803921568628,0.008539551386647026,0.6615067079463364
mean_gpt2_seeds__semantic_strict,rq_train_sids_num_l3,test_Recall@5,18,10,18,0.660406119262098,0.0028535694042948275,0.3790512470969612,0.12083473845744856,0.5157158087305063,0.005027773580435319,0.660406119262098
mean_gpt2_seeds__semantic_strict,rq_train_sids_num_max,test_Recall@5,18,10,18,0.660406119262098,0.0028535694042948275,0.3790512470969612,0.12083473845744856,0.5157158087305063,0.005027773580435319,0.660406119262098
mean_gpt2_seeds__semantic_strict,sid_unique_total,test_Recall@5,18,18,18,0.6594427244582043,0.0029088627228155838,0.7087982779949656,0.0009911919151239092,0.4509803921568628,0.008539551386647026,0.6594427244582043
mean_gpt2_seeds__semantic_strict,sid_collisions,test_Recall@5,18,18,18,-0.6594427244582043,0.0029088627228155838,-0.7087982779949656,0.0009911919151239092,-0.4509803921568628,0.008539551386647026,0.6594427244582043
mean_gpt2_seeds__semantic_strict,sid_icr,test_Recall@5,18,18,18,0.6594427244582043,0.0029088627228155838,0.7087982779949656,0.0009911919151239092,0.4509803921568628,0.008539551386647026,0.6594427244582043
mean_gpt2_seeds__semantic_strict,sid_cur_total,test_Recall@5,18,18,18,0.6594427244582043,0.0029088627228155838,0.7087982779949656,0.0009911919151239092,0.4509803921568628,0.008539551386647026,0.6594427244582043
mean_gpt2_seeds__semantic_strict,rq_val_entropy_l0,test_Recall@5,18,16,18,0.6587397750170935,0.002949760853408265,0.6777060537053805,0.0019984309968198964,0.4620688533891147,0.007850313216069153,0.6587397750170935
mean_gpt2_seeds__semantic_strict,rq_val_sids_num_max,test_Recall@5,18,16,18,0.6580582023824244,0.002989865034038433,0.5908149912900044,0.00982756015975146,0.42764083374007067,0.01367876018336595,0.6580582023824244
mean_gpt2_seeds__semantic_strict,rq_val_entropy_mean,test_Recall@5,18,18,18,0.6573787409700722,0.0030302895427941658,0.5766295999736291,0.01224244946216782,0.4379084967320262,0.010871540899275188,0.6573787409700722
mean_gpt2_seeds__semantic_strict,rq_val_entropy_sum,test_Recall@5,18,18,18,0.6573787409700722,0.0030302895427941658,0.576629599973629,0.01224244946216782,0.4379084967320262,0.010871540899275188,0.6573787409700722
mean_gpt2_seeds__semantic_strict,rq_train_entropy_mean,test_Recall@5,18,18,18,0.6553147574819401,0.0031558468964774365,0.6723253491093272,0.002237954661139751,0.4509803921568628,0.008539551386647026,0.6553147574819401
mean_gpt2_seeds__semantic_strict,rq_train_entropy_sum,test_Recall@5,18,18,18,0.6553147574819401,0.0031558468964774365,0.6723253491093272,0.002237954661139751,0.4509803921568628,0.008539551386647026,0.6553147574819401
mean_gpt2_seeds__semantic_strict,rq_val_sids_num_mean,test_Recall@5,18,18,18,0.6553147574819401,0.0031558468964774365,0.7502690403945034,0.0003351922633846386,0.4379084967320262,0.010871540899275188,0.6553147574819401
mean_gpt2_seeds__semantic_strict,rq_val_sids_num_sum,test_Recall@5,18,18,18,0.6553147574819401,0.0031558468964774365,0.7502690403945034,0.0003351922633846386,0.4379084967320262,0.010871540899275188,0.6553147574819401
mean_gpt2_seeds__semantic_strict,rq_val_sids_num_l2,test_Recall@5,18,17,18,0.6525555851548386,0.0033303310078788883,0.7450806486471795,0.0003880878441710889,0.4590188606293697,0.007969880117556269,0.6525555851548386
mean_gpt2_seeds__semantic_strict,rq_train_entropy_l0,test_Recall@5,18,18,18,0.651186790505676,0.0034197801987985712,0.7190476887552726,0.0007714768751342584,0.4509803921568628,0.008539551386647026,0.651186790505676
mean_gpt2_seeds__semantic_strict,rq_train_entropy_min,test_Recall@5,18,18,18,0.651186790505676,0.0034197801987985712,0.7196468895920727,0.0007600079373977088,0.4509803921568628,0.008539551386647026,0.651186790505676
mean_gpt2_seeds__semantic_strict,rq_val_entropy_l3,test_Recall@5,18,18,18,0.6491228070175438,0.003558373943300945,0.2932453158740512,0.23760108977659036,0.4379084967320262,0.010871540899275188,0.6491228070175438
mean_gpt2_seeds__semantic_strict,rq_val_entropy_l2,test_Recall@5,18,18,18,0.6429308565531475,0.004002006540262521,0.48559819233473484,0.04105774937941667,0.4379084967320262,0.010871540899275188,0.6429308565531475
mean_gpt2_seeds__semantic_strict,sid_max_cluster_size,test_Recall@5,18,18,18,-0.6388028895768835,0.004322124802950016,0.029748516285589277,0.9067201970845639,-0.46405228758169936,0.006652816887103086,0.6388028895768835
mean_gpt2_seeds__semantic_strict,rq_val_entropy_l1,test_Recall@5,18,18,18,0.6346749226006192,0.00466284274887114,0.6990228586492313,0.0012470264527240527,0.411764705882353,0.017207715883354357,0.6346749226006192
mean_gpt2_seeds__semantic_strict,rq_val_entropy_max,test_Recall@5,18,18,18,0.632610939112487,0.004841232347066894,0.334316394644555,0.17511233806480803,0.39869281045751637,0.021404417849918617,0.632610939112487
mean_gpt2_seeds__semantic_strict,rq_train_sids_num_l1,test_Recall@5,18,9,18,0.6288036312389326,0.00518487423351689,0.6523650265752489,0.0033426676051177356,0.480402505718448,0.009210967565590318,0.6288036312389326
mean_gpt2_seeds__semantic_strict,rq_val_sids_num_l1,test_Recall@5,18,15,18,0.6222229700418772,0.00582548992712946,0.7849908685685993,0.00011401483397172257,0.38285704995098074,0.02769004876216052,0.6222229700418772
mean_gpt2_seeds__semantic_strict,rq_train_entropy_l2,test_Recall@5,18,18,18,0.6181630546955624,0.0062517627309340695,0.5892827972290273,0.010068292866034357,0.411764705882353,0.017207715883354357,0.6181630546955624
mean_gpt2_seeds__semantic_strict,rq_train_sids_num_l2,test_Recall@5,18,10,18,0.6118954861276534,0.0069591793966545315,0.6052571173977542,0.007777660878519022,0.4559226714863896,0.013138140040009337,0.6118954861276534
mean_gpt2_seeds__semantic_strict,rq_train_entropy_l3,test_Recall@5,18,18,18,0.5933952528379773,0.00943261527195847,0.4749972128981307,0.046371322280962385,0.33333333333333337,0.057364051643502896,0.5933952528379773
mean_gpt2_seeds__semantic_strict,rq_train_entropy_max,test_Recall@5,18,18,18,0.5933952528379773,0.00943261527195847,0.4749972128981307,0.046371322280962385,0.33333333333333337,0.057364051643502896,0.5933952528379773
mean_gpt2_seeds__semantic_strict,rq_train_sids_num_l0,test_Recall@5,18,16,18,0.4705284107264954,0.04876132078812743,0.4653476086878865,0.051647516877018504,0.3300491809922248,0.05757942526171762,0.4705284107264954
mean_gpt2_seeds__semantic_strict,rq_train_sids_num_min,test_Recall@5,18,16,18,0.4705284107264954,0.04876132078812743,0.4653476086878865,0.051647516877018504,0.3300491809922248,0.05757942526171762,0.4705284107264954
mean_gpt2_seeds__semantic_strict,rq_train_sids_num_mean,test_Recall@5,18,16,18,0.4477775864715879,0.06240114455068552,0.5840081340204919,0.010933436990937202,0.3036452465128468,0.08064160394475747,0.4477775864715879
mean_gpt2_seeds__semantic_strict,rq_train_sids_num_sum,test_Recall@5,18,16,18,0.4477775864715879,0.06240114455068552,0.5840081340204919,0.010933436990937202,0.3036452465128468,0.08064160394475747,0.4477775864715879
mean_gpt2_seeds__semantic_strict,rq_train_sids_num_std,test_Recall@5,18,16,18,-0.356774289451958,0.1461306365693874,-0.3168870653856512,0.2001067110742022,-0.22443344307471286,0.1966195352584431,0.356774289451958
mean_gpt2_seeds__semantic_strict,rq_val_sids_num_std,test_Recall@5,18,17,18,-0.025813116501378106,0.9190188181551957,-0.1283708111576736,0.6117056174438008,-0.013114824589410563,0.9395704158247962,0.025813116501378106
mean_gpt2_seeds__semantic_strict,rq_train_sids_num_std,val_NDCG@1,18,16,16,-0.7122157025277087,0.0009127902671795551,-0.7118437395629312,0.000921064578823453,-0.4784079558132687,0.006176315361145184,0.7122157025277087
mean_gpt2_seeds__semantic_strict,rq_train_sids_num_l3,val_NDCG@1,18,10,16,0.6908873661144127,0.0014997158861025342,0.2299370324124763,0.35867704331942585,0.5642607722077361,0.0022653194618084435,0.6908873661144127
mean_gpt2_seeds__semantic_strict,rq_train_sids_num_max,val_NDCG@1,18,10,16,0.6908873661144127,0.0014997158861025342,0.2299370324124763,0.35867704331942585,0.5642607722077361,0.0022653194618084435,0.6908873661144127
mean_gpt2_seeds__semantic_strict,rq_train_sids_num_l2,val_NDCG@1,18,10,16,0.6831617885380535,0.001777590933307917,0.5108303159307085,0.030281864954142926,0.5642607722077361,0.0022653194618084435,0.6831617885380535
mean_gpt2_seeds__semantic_strict,rq_train_sids_num_l1,val_NDCG@1,18,9,16,0.6697606714253654,0.0023601811642679246,0.5896988130425928,0.010002467214786806,0.5440202030019322,0.003353550090832868,0.6697606714253654
mean_gpt2_seeds__semantic_strict,rq_train_sids_num_mean,val_NDCG@1,18,16,16,0.6604558404254044,0.002850739302130016,0.5830752307095118,0.011092461568083363,0.5182752854643745,0.003012492762231534,0.6604558404254044
mean_gpt2_seeds__semantic_strict,rq_train_sids_num_sum,val_NDCG@1,18,16,16,0.6604558404254044,0.002850739302130016,0.5830752307095118,0.011092461568083363,0.5182752854643745,0.003012492762231534,0.6604558404254044
mean_gpt2_seeds__semantic_strict,rq_train_sids_num_l0,val_NDCG@1,18,16,16,0.6490686707628974,0.003562070083155004,0.6825598778598825,0.0018009168577045951,0.4916970656969706,0.004887839849885844,0.6490686707628974
mean_gpt2_seeds__semantic_strict,rq_train_sids_num_min,val_NDCG@1,18,16,16,0.6490686707628974,0.003562070083155004,0.6825598778598825,0.0018009168577045951,0.4916970656969706,0.004887839849885844,0.6490686707628974
mean_gpt2_seeds__semantic_strict,rq_val_entropy_std,val_NDCG@1,18,18,16,-0.6064052822582153,0.007630801747940799,-0.5313660828018785,0.02325009649140513,-0.4539571927394597,0.0088623427621502,0.6064052822582153
mean_gpt2_seeds__semantic_strict,rq_val_sids_num_std,val_NDCG@1,18,17,16,-0.5142119549722558,0.02902305717966952,-0.6848165095519632,0.0017147496829361044,-0.35643758476051024,0.04038466777877038,0.5142119549722558
mean_gpt2_seeds__semantic_strict,rq_train_entropy_std,val_NDCG@1,18,18,16,-0.5123969676321547,0.02969353076712031,-0.28433750341234093,0.25281528772311224,-0.33553357724220934,0.05304673622067761,0.5123969676321547
mean_gpt2_seeds__semantic_strict,rq_train_entropy_l1,val_NDCG@1,18,18,16,0.2159092061191942,0.38952535805865585,0.03459008145798557,0.8916176279622217,0.21710996174495897,0.21065683788470735,0.2159092061191942
mean_gpt2_seeds__semantic_strict,rqvae_total_loss,val_NDCG@1,18,18,16,-0.1332645339204596,0.598079334577192,0.20556260383818897,0.4131794444605345,-0.15131906424648656,0.3829685352947504,0.1332645339204596
mean_gpt2_seeds__semantic_strict,rq_train_entropy_l2,val_NDCG@1,18,18,16,0.13016535871300705,0.6066943967218603,-0.22800126860224787,0.3628491920518403,0.15131906424648656,0.3829685352947504,0.13016535871300705
mean_gpt2_seeds__semantic_strict,rqvae_val_loss,val_NDCG@1,18,18,16,-0.10640501545587085,0.6743207441576334,0.4540908346002661,0.05836094939659346,-0.17763542324587553,0.30575575267473,0.10640501545587085
mean_gpt2_seeds__semantic_strict,rq_train_entropy_mean,val_NDCG@1,18,18,16,0.09917360663848156,0.6954137633709665,-0.13540380358591012,0.5921620529211401,0.13816088474679208,0.4256976668563025,0.09917360663848156
mean_gpt2_seeds__semantic_strict,rq_train_entropy_sum,val_NDCG@1,18,18,16,0.09917360663848156,0.6954137633709665,-0.1354038035859101,0.5921620529211404,0.13816088474679208,0.4256976668563025,0.09917360663848156
mean_gpt2_seeds__semantic_strict,rq_val_entropy_l2,val_NDCG@1,18,18,16,0.09917360663848156,0.6954137633709665,-0.4424357879594246,0.06597955065671829,0.15131906424648656,0.3829685352947504,0.09917360663848156
mean_gpt2_seeds__semantic_strict,rq_val_entropy_mean,val_NDCG@1,18,18,16,0.09814054823599737,0.6984449222974807,-0.33725059056158935,0.17112182114950109,0.15131906424648656,0.3829685352947504,0.09814054823599737
mean_gpt2_seeds__semantic_strict,rq_val_entropy_sum,val_NDCG@1,18,18,16,0.09814054823599737,0.6984449222974807,-0.3372505905615891,0.17112182114950164,0.15131906424648656,0.3829685352947504,0.09814054823599737
mean_gpt2_seeds__semantic_strict,rq_val_sids_num_l2,val_NDCG@1,18,17,16,0.09715763571335086,0.7013329817131921,-0.03690929419792262,0.8843954191963725,0.1452153123098375,0.4036610041316777,0.09715763571335086
mean_gpt2_seeds__semantic_strict,sid_max_cluster_size,val_NDCG@1,18,18,16,-0.0971074898335132,0.7014804285703236,0.8832692938862601,1.1945598222244403e-06,-0.12500270524709758,0.47108729407518657,0.0971074898335132
mean_gpt2_seeds__semantic_strict,sid_path_avg_similarity,val_NDCG@1,18,18,16,0.0909091394186081,0.7197824811055318,-0.4208311506231804,0.08202093184805696,0.13816088474679208,0.4256976668563025,0.0909091394186081
mean_gpt2_seeds__semantic_strict,sid_unique_total,val_NDCG@1,18,18,16,0.08367773060121882,0.7413189736549195,-0.10944051777398679,0.6655339442124804,0.13816088474679208,0.4256976668563025,0.08367773060121882
mean_gpt2_seeds__semantic_strict,sid_collisions,val_NDCG@1,18,18,16,-0.08367773060121882,0.7413189736549195,0.10944051777398679,0.6655339442124804,-0.13816088474679208,0.4256976668563025,0.08367773060121882
mean_gpt2_seeds__semantic_strict,sid_icr,val_NDCG@1,18,18,16,0.08367773060121882,0.7413189736549195,-0.10944051777398688,0.6655339442124804,0.13816088474679208,0.4256976668563025,0.08367773060121882
mean_gpt2_seeds__semantic_strict,sid_cur_total,val_NDCG@1,18,18,16,0.08367773060121882,0.7413189736549195,-0.1094405177739868,0.6655339442124804,0.13816088474679208,0.4256976668563025,0.08367773060121882
mean_gpt2_seeds__semantic_strict,rq_val_entropy_l1,val_NDCG@1,18,18,16,0.07954549699128208,0.7537093225228538,-0.12795297276737874,0.6128747878634802,0.12500270524709758,0.47108729407518657,0.07954549699128208
mean_gpt2_seeds__semantic_strict,rq_val_sids_num_mean,val_NDCG@1,18,18,16,0.07747938018631373,0.7599262372529024,-0.026718730593536587,0.9161870120982708,0.12500270524709758,0.47108729407518657,0.07747938018631373
mean_gpt2_seeds__semantic_strict,rq_val_sids_num_sum,val_NDCG@1,18,18,16,0.07747938018631373,0.7599262372529024,-0.026718730593536587,0.9161870120982708,0.12500270524709758,0.47108729407518657,0.07747938018631373
mean_gpt2_seeds__semantic_strict,rq_train_entropy_l0,val_NDCG@1,18,18,16,0.07541326338134535,0.7661571848796842,-0.08021799591260555,0.7516888683180412,0.1118445257474031,0.5190264990586719,0.07541326338134535
mean_gpt2_seeds__semantic_strict,rq_train_entropy_min,val_NDCG@1,18,18,16,0.07541326338134535,0.7661571848796842,-0.07937009592140587,0.75423654805092,0.1118445257474031,0.5190264990586719,0.07541326338134535
mean_gpt2_seeds__semantic_strict,rq_val_entropy_l3,val_NDCG@1,18,18,16,0.07334714657637699,0.7724018172577216,-0.669679451806725,0.00236413993720211,0.12500270524709758,0.47108729407518657,0.07334714657637699
mean_gpt2_seeds__semantic_strict,rq_val_sids_num_l3,val_NDCG@1,18,18,16,0.07128102977140861,0.7786597841668331,-0.3107261648724792,0.2094761138303774,0.1118445257474031,0.5190264990586719,0.07128102977140861
mean_gpt2_seeds__semantic_strict,rq_val_entropy_l0,val_NDCG@1,18,16,16,0.070393412459134,0.7813522550317566,-0.16185853581742882,0.5210933762215517,0.10631287906961527,0.5428528085463015,0.070393412459134
mean_gpt2_seeds__semantic_strict,rqvae_best_val_loss,val_NDCG@1,18,15,16,-0.06777031429375528,0.78932281192843,0.4421829324672251,0.06615263328067195,-0.10631287906961527,0.5430472059897138,0.06777031429375528
mean_gpt2_seeds__semantic_strict,rq_val_entropy_min,val_NDCG@1,18,16,16,0.06728782073299573,0.7907911131062493,-0.15426651651651124,0.5410758140514114,0.10631287906961527,0.5428528085463015,0.06728782073299573
mean_gpt2_seeds__semantic_strict,rq_train_entropy_l3,val_NDCG@1,18,18,16,0.06095044574656679,0.8101372402783894,-0.39500674438367417,0.10473229672887413,0.07236998724831965,0.6764927897184035,0.06095044574656679
mean_gpt2_seeds__semantic_strict,rq_train_entropy_max,val_NDCG@1,18,18,16,0.06095044574656679,0.8101372402783894,-0.39500674438367417,0.10473229672887413,0.07236998724831965,0.6764927897184035,0.06095044574656679
mean_gpt2_seeds__semantic_strict,rq_val_sids_num_max,val_NDCG@1,18,16,16,0.06049638055842811,0.8115275332256403,-0.2938673599482488,0.23656097817709215,0.08609271523178808,0.6214334131550268,0.06049638055842811
mean_gpt2_seeds__semantic_strict,rq_val_sids_num_l0,val_NDCG@1,18,15,16,0.058518972746050564,0.8175883259576013,0.11193793439928248,0.6583356262496157,0.08666859265679251,0.6207672082783677,0.058518972746050564
mean_gpt2_seeds__semantic_strict,rq_val_sids_num_min,val_NDCG@1,18,15,16,0.058518972746050564,0.8175883259576013,0.11193793439928248,0.6583356262496157,0.08666859265679251,0.6207672082783677,0.058518972746050564
mean_gpt2_seeds__semantic_strict,rq_val_sids_num_l1,val_NDCG@1,18,15,16,0.053285056276769424,0.8336771207393835,0.10406699835656286,0.6811160614299655,0.06644554941850954,0.703847292154878,0.053285056276769424
mean_gpt2_seeds__semantic_strict,rq_val_entropy_max,val_NDCG@1,18,18,16,0.05268597852669333,0.8355227940480966,-0.6209020434258301,0.0059615081106026546,0.08552816674801415,0.6219291373513764,0.05268597852669333
mean_gpt2_seeds__semantic_strict,rqvae_train_loss,val_NDCG@1,18,18,16,-0.044421511306819865,0.8610639944840696,0.40028398925212744,0.0997620143509813,-0.05921180774862518,0.7328104096282637,0.044421511306819865
mean_gpt2_seeds__semantic_strict,rq_val_entropy_std,val_NDCG@10,18,18,18,-0.7977296181630547,7.304134709663055e-05,-0.6868742254924225,0.0016391792314574502,-0.6339869281045752,0.00010483725733996005,0.7977296181630547
mean_gpt2_seeds__semantic_strict,rq_train_sids_num_l2,val_NDCG@10,18,10,18,0.7927078459924015,8.737213365037168e-05,0.5822252125292623,0.011238963771433306,0.6353020832187395,0.000548781503877188,0.7927078459924015
mean_gpt2_seeds__semantic_strict,rq_train_sids_num_l3,val_NDCG@10,18,10,18,0.7772726445405328,0.00014724829200669334,0.30727676902398343,0.21484498934902896,0.6054055145966812,0.0009908277742078702,0.7772726445405328
mean_gpt2_seeds__semantic_strict,rq_train_sids_num_max,val_NDCG@10,18,10,18,0.7772726445405328,0.00014724829200669334,0.30727676902398343,0.21484498934902896,0.6054055145966812,0.0009908277742078702,0.7772726445405328
mean_gpt2_seeds__semantic_strict,rq_train_sids_num_l1,val_NDCG@10,18,9,18,0.7689054929360282,0.00019218893087918465,0.6492861174346466,0.003547242986216328,0.6005031321480601,0.0011333096049093523,0.7689054929360282
mean_gpt2_seeds__semantic_strict,rq_train_sids_num_mean,val_NDCG@10,18,16,18,0.7580160990385079,0.0002675659962583653,0.6339871828445766,0.004721678451798747,0.5940885257860047,0.0006308418147116226,0.7580160990385079
mean_gpt2_seeds__semantic_strict,rq_train_sids_num_sum,val_NDCG@10,18,16,18,0.7580160990385079,0.0002675659962583653,0.6339871828445766,0.004721678451798747,0.5940885257860047,0.0006308418147116226,0.7580160990385079
mean_gpt2_seeds__semantic_strict,rq_train_sids_num_l0,val_NDCG@10,18,16,18,0.7331970180331543,0.000536146273113994,0.6839187063139403,0.0017486132400894004,0.5676845913066266,0.0010904572057621894,0.7331970180331543
mean_gpt2_seeds__semantic_strict,rq_train_sids_num_min,val_NDCG@10,18,16,18,0.7331970180331543,0.000536146273113994,0.6839187063139403,0.0017486132400894004,0.5676845913066266,0.0010904572057621894,0.7331970180331543
mean_gpt2_seeds__semantic_strict,rq_train_entropy_std,val_NDCG@10,18,18,18,-0.7316821465428276,0.0005580324697729897,-0.4761756002239252,0.0457561767032907,-0.542483660130719,0.001230617686421057,0.7316821465428276
mean_gpt2_seeds__semantic_strict,rq_train_sids_num_std,val_NDCG@10,18,16,18,-0.6856271127728933,0.0016846430721244475,-0.661458777964906,0.002794143236697671,-0.4620688533891147,0.007850313216069153,0.6856271127728933
mean_gpt2_seeds__semantic_strict,rq_val_sids_num_std,val_NDCG@10,18,17,18,-0.48941668886612893,0.039262390558468474,-0.612669540499286,0.006868462685064338,-0.27541131637762184,0.11138338077998988,0.48941668886612893
mean_gpt2_seeds__semantic_strict,rq_train_entropy_l1,val_NDCG@10,18,18,18,0.44272445820433437,0.06578236404039446,0.2271940850396367,0.3645969780385332,0.32026143790849676,0.06849691078121536,0.44272445820433437
mean_gpt2_seeds__semantic_strict,rqvae_total_loss,val_NDCG@10,18,18,18,-0.4262125902992776,0.07778293683965698,0.0022680024472464767,0.9928738180755852,-0.35947712418300654,0.03946459230702182,0.4262125902992776
mean_gpt2_seeds__semantic_strict,rq_train_entropy_mean,val_NDCG@10,18,18,18,0.3828689370485036,0.11683232301276766,0.06490466699631471,0.7980531597963694,0.34640522875817,0.047735620701410846,0.3828689370485036
mean_gpt2_seeds__semantic_strict,rq_train_entropy_sum,val_NDCG@10,18,18,18,0.3828689370485036,0.11683232301276766,0.06490466699631475,0.7980531597963694,0.34640522875817,0.047735620701410846,0.3828689370485036
mean_gpt2_seeds__semantic_strict,rq_val_entropy_min,val_NDCG@10,18,16,18,0.37332034345552706,0.12702312594010312,0.05529926654310012,0.8274777419347257,0.3696550827112917,0.03344063866399787,0.37332034345552706
mean_gpt2_seeds__semantic_strict,rq_val_entropy_l0,val_NDCG@10,18,16,18,0.36297905970329647,0.13874657440595467,0.04662588976784372,0.8542375152700665,0.34325114823191377,0.04828610767668166,0.36297905970329647
mean_gpt2_seeds__semantic_strict,rq_train_entropy_l0,val_NDCG@10,18,18,18,0.3622291021671827,0.13962500641700293,0.1271226882002281,0.6152006796738412,0.32026143790849676,0.06849691078121536,0.3622291021671827
mean_gpt2_seeds__semantic_strict,rq_train_entropy_min,val_NDCG@10,18,18,18,0.3622291021671827,0.13962500641700293,0.12811369078450743,0.6124249708528586,0.32026143790849676,0.06849691078121536,0.3622291021671827
mean_gpt2_seeds__semantic_strict,rq_val_sids_num_mean,val_NDCG@10,18,18,18,0.36016511867905054,0.1420624863236748,0.1763377904068594,0.48396257486170446,0.35947712418300654,0.03946459230702182,0.36016511867905054
mean_gpt2_seeds__semantic_strict,rq_val_sids_num_sum,val_NDCG@10,18,18,18,0.36016511867905054,0.1420624863236748,0.1763377904068594,0.48396257486170446,0.35947712418300654,0.03946459230702182,0.36016511867905054
mean_gpt2_seeds__semantic_strict,rq_val_sids_num_l2,val_NDCG@10,18,17,18,0.357253532379073,0.1455508401901357,0.16594267062469908,0.5104878459652017,0.3409854393246746,0.04871759506415515,0.357253532379073
mean_gpt2_seeds__semantic_strict,rq_val_entropy_mean,val_NDCG@10,18,18,18,0.3560371517027864,0.14702554764788864,-0.13609343770257873,0.5902596901522119,0.33333333333333337,0.057364051643502896,0.3560371517027864
mean_gpt2_seeds__semantic_strict,rq_val_entropy_sum,val_NDCG@10,18,18,18,0.3560371517027864,0.14702554764788864,-0.13609343770257862,0.5902596901522119,0.33333333333333337,0.057364051643502896,0.3560371517027864
mean_gpt2_seeds__semantic_strict,rq_val_sids_num_l0,val_NDCG@10,18,15,18,0.35385529656279086,0.14969653225039264,0.3052511564319272,0.2180391126069299,0.32453177895824153,0.06256757196734794,0.35385529656279086
mean_gpt2_seeds__semantic_strict,rq_val_sids_num_min,val_NDCG@10,18,15,18,0.35385529656279086,0.14969653225039264,0.3052511564319272,0.2180391126069299,0.32453177895824153,0.06256757196734794,0.35385529656279086
mean_gpt2_seeds__semantic_strict,rq_train_entropy_l2,val_NDCG@10,18,18,18,0.3498452012383901,0.1546923218138582,-0.034459156768374966,0.8920255849601408,0.25490196078431376,0.15192280938479866,0.3498452012383901
mean_gpt2_seeds__semantic_strict,rq_val_entropy_l3,val_NDCG@10,18,18,18,0.3498452012383901,0.1546923218138582,-0.5003222744650566,0.03446471205341088,0.33333333333333337,0.057364051643502896,0.3498452012383901
mean_gpt2_seeds__semantic_strict,rqvae_best_val_loss,val_NDCG@10,18,15,18,-0.34935442504012376,0.15531148026524047,0.2453105932039061,0.32651963520943594,-0.3300491809922248,0.05769950118990371,0.34935442504012376
mean_gpt2_seeds__semantic_strict,sid_path_avg_similarity,val_NDCG@10,18,18,18,0.347781217750258,0.15730765714242578,-0.22283566752547526,0.374115920603182,0.32026143790849676,0.06849691078121536,0.347781217750258
mean_gpt2_seeds__semantic_strict,rq_val_entropy_max,val_NDCG@10,18,18,18,0.3457172342621259,0.15995306278645896,-0.44314841271113237,0.06549356108023956,0.32026143790849676,0.06849691078121536,0.3457172342621259
mean_gpt2_seeds__semantic_strict,sid_unique_total,val_NDCG@10,18,18,18,0.33952528379772956,0.1680708348883216,0.09589032970570073,0.7050624169780173,0.2941176470588236,0.09587494421484961,0.33952528379772956
mean_gpt2_seeds__semantic_strict,sid_collisions,val_NDCG@10,18,18,18,-0.33952528379772956,0.1680708348883216,-0.09589032970570073,0.7050624169780173,-0.2941176470588236,0.09587494421484961,0.33952528379772956
mean_gpt2_seeds__semantic_strict,sid_icr,val_NDCG@10,18,18,18,0.33952528379772956,0.1680708348883216,0.09589032970570067,0.7050624169780173,0.2941176470588236,0.09587494421484961,0.33952528379772956
mean_gpt2_seeds__semantic_strict,sid_cur_total,val_NDCG@10,18,18,18,0.33952528379772956,0.1680708348883216,0.09589032970570073,0.7050624169780173,0.2941176470588236,0.09587494421484961,0.33952528379772956
mean_gpt2_seeds__semantic_strict,rqvae_train_loss,val_NDCG@10,18,18,18,-0.33746130030959753,0.170837640525947,0.19370870864980755,0.44119638841330877,-0.32026143790849676,0.06849691078121536,0.33746130030959753
mean_gpt2_seeds__semantic_strict,rq_val_entropy_l2,val_NDCG@10,18,18,18,0.33746130030959753,0.170837640525947,-0.25096178726645846,0.31513903715285785,0.30718954248366015,0.08128386643802595,0.33746130030959753
mean_gpt2_seeds__semantic_strict,rq_val_sids_num_l3,val_NDCG@10,18,18,18,0.32714138286893707,0.18513284759128762,-0.10395705461216444,0.6814361874778757,0.2941176470588236,0.09587494421484961,0.32714138286893707
mean_gpt2_seeds__semantic_strict,rqvae_val_loss,val_NDCG@10,18,18,18,-0.32507739938080493,0.188084781422369,0.26119419717176257,0.29514041204407476,-0.281045751633987,0.11241795436508836,0.32507739938080493
mean_gpt2_seeds__semantic_strict,rq_val_entropy_l1,val_NDCG@10,18,18,18,0.3085655314757482,0.2128287059586837,0.07356780964493834,0.7717342428982185,0.25490196078431376,0.15192280938479866,0.3085655314757482
mean_gpt2_seeds__semantic_strict,rq_val_sids_num_max,val_NDCG@10,18,16,18,0.3037191703303498,0.22047519723652245,-0.087698350500937,0.7293211068062628,0.25658450024404245,0.13904564161770552,0.3037191703303498
mean_gpt2_seeds__semantic_strict,rq_val_sids_num_l1,val_NDCG@10,18,15,18,0.2883724396041258,0.24584971050379031,0.289949613631075,0.2431603620850418,0.22443344307471286,0.1968346619035568,0.2883724396041258
mean_gpt2_seeds__semantic_strict,sid_max_cluster_size,val_NDCG@10,18,18,18,-0.28792569659442724,0.2466148887955486,0.801108120042229,6.456787550432002e-05,-0.20261437908496735,0.2599200623942404,0.28792569659442724
mean_gpt2_seeds__semantic_strict,rq_train_entropy_l3,val_NDCG@10,18,18,18,0.28586171310629516,0.25016959354548063,-0.20860605596428333,0.4061432759885022,0.20261437908496735,0.2599200623942404,0.28586171310629516
mean_gpt2_seeds__semantic_strict,rq_train_entropy_max,val_NDCG@10,18,18,18,0.28586171310629516,0.25016959354548063,-0.20860605596428333,0.4061432759885022,0.20261437908496735,0.2599200623942404,0.28586171310629516
mean_gpt2_seeds__semantic_strict,rq_val_entropy_std,val_NDCG@20,18,18,18,-0.8410732714138286,1.2271367358194706e-05,-0.7153762302778991,0.0008449509575345185,-0.673202614379085,2.9671236868607523e-05,0.8410732714138286
mean_gpt2_seeds__semantic_strict,rq_train_entropy_std,val_NDCG@20,18,18,18,-0.7956656346749225,7.86687183973289e-05,-0.5137788228981295,0.02918198274068792,-0.607843137254902,0.00022573646929059787,0.7956656346749225
mean_gpt2_seeds__semantic_strict,rq_train_sids_num_l2,val_NDCG@20,18,10,18,0.7860927596558862,0.00010983498518995493,0.6184234222529058,0.006223688028948883,0.6203537989077104,0.0007396876399352303,0.7860927596558862
mean_gpt2_seeds__semantic_strict,rq_train_sids_num_l3,val_NDCG@20,18,10,18,0.7750676157616944,0.0001581251718598229,0.3437345755070368,0.1625226577013868,0.6203537989077104,0.0007396876399352303,0.7750676157616944
mean_gpt2_seeds__semantic_strict,rq_train_sids_num_max,val_NDCG@20,18,10,18,0.7750676157616944,0.0001581251718598229,0.3437345755070368,0.1625226577013868,0.6203537989077104,0.0007396876399352303,0.7750676157616944
mean_gpt2_seeds__semantic_strict,rq_train_sids_num_l1,val_NDCG@20,18,9,18,0.7666991644053652,0.000205802703156516,0.680592516380801,0.0018789312137253108,0.6155157104517616,0.0008483045448943028,0.7666991644053652
mean_gpt2_seeds__semantic_strict,rq_train_sids_num_mean,val_NDCG@20,18,16,18,0.7311287612827081,0.0005662118447761178,0.6641272339472412,0.002648043641751904,0.6072904930256936,0.00047592868937570087,0.7311287612827081
mean_gpt2_seeds__semantic_strict,rq_train_sids_num_sum,val_NDCG@20,18,16,18,0.7311287612827081,0.0005662118447761178,0.6641272339472412,0.002648043641751904,0.6072904930256936,0.00047592868937570087,0.7311287612827081
mean_gpt2_seeds__semantic_strict,rq_train_sids_num_l0,val_NDCG@20,18,16,18,0.7166509640295853,0.0008188067306757571,0.6986977304533686,0.00125639675482388,0.5808865585463157,0.0008316510163258768,0.7166509640295853
mean_gpt2_seeds__semantic_strict,rq_train_sids_num_min,val_NDCG@20,18,16,18,0.7166509640295853,0.0008188067306757571,0.6986977304533686,0.00125639675482388,0.5808865585463157,0.0008316510163258768,0.7166509640295853
mean_gpt2_seeds__semantic_strict,rq_train_sids_num_std,val_NDCG@20,18,16,18,-0.6256476670099553,0.005484538881780583,-0.6571373845393174,0.0030447565733512662,-0.42246295167004777,0.015074907310598044,0.6256476670099553
mean_gpt2_seeds__semantic_strict,rq_train_entropy_l1,val_NDCG@20,18,18,18,0.4943240454076367,0.037044049807446154,0.27430071888761515,0.2706746883172838,0.3856209150326798,0.02643135752713797,0.4943240454076367
mean_gpt2_seeds__semantic_strict,rqvae_total_loss,val_NDCG@20,18,18,18,-0.48194014447884415,0.0428358312469992,-0.03753057014523128,0.8824621663643386,-0.4248366013071896,0.013730471770781806,0.48194014447884415
mean_gpt2_seeds__semantic_strict,rq_train_entropy_mean,val_NDCG@20,18,18,18,0.4282765737874097,0.07620095935240204,0.11301923822618735,0.6552277795496175,0.411764705882353,0.017207715883354357,0.4282765737874097
mean_gpt2_seeds__semantic_strict,rq_train_entropy_sum,val_NDCG@20,18,18,18,0.4282765737874097,0.07620095935240204,0.11301923822618741,0.6552277795496175,0.411764705882353,0.017207715883354357,0.4282765737874097
mean_gpt2_seeds__semantic_strict,rq_val_entropy_min,val_NDCG@20,18,16,18,0.4167537352148959,0.08534264648900035,0.10031197844053293,0.6920786810612354,0.40926098443035874,0.01854170437471134,0.4167537352148959
mean_gpt2_seeds__semantic_strict,rq_val_sids_num_std,val_NDCG@20,18,17,18,-0.41094481470193944,0.09024287393726614,-0.5884600408473788,0.010199499629755499,-0.23606684260939015,0.17238620178886022,0.41094481470193944
mean_gpt2_seeds__semantic_strict,rq_train_entropy_l0,val_NDCG@20,18,18,18,0.4097007223942208,0.09131835313137276,0.17347923751219557,0.49118871869271663,0.3856209150326798,0.02643135752713797,0.4097007223942208
mean_gpt2_seeds__semantic_strict,rq_train_entropy_min,val_NDCG@20,18,18,18,0.4097007223942208,0.09131835313137276,0.1744761760669704,0.48866263254315595,0.3856209150326798,0.02643135752713797,0.4097007223942208
mean_gpt2_seeds__semantic_strict,rq_val_entropy_l0,val_NDCG@20,18,16,18,0.40641245146266525,0.0942056596421678,0.09163557718538273,0.7176297729999517,0.38285704995098074,0.027615327345498673,0.40641245146266525
mean_gpt2_seeds__semantic_strict,rq_val_sids_num_l0,val_NDCG@20,18,15,18,0.4035191978347615,0.09680021075562546,0.3432568600749357,0.16314596879683338,0.36427036413680175,0.0365923940689254,0.4035191978347615
mean_gpt2_seeds__semantic_strict,rq_val_sids_num_min,val_NDCG@20,18,15,18,0.4035191978347615,0.09680021075562546,0.3432568600749357,0.16314596879683338,0.36427036413680175,0.0365923940689254,0.4035191978347615
mean_gpt2_seeds__semantic_strict,sid_path_avg_similarity,val_NDCG@20,18,18,18,0.40350877192982454,0.09680965248246652,-0.1776950086079553,0.4805499869725701,0.3856209150326798,0.02643135752713797,0.40350877192982454
mean_gpt2_seeds__semantic_strict,rqvae_best_val_loss,val_NDCG@20,18,15,18,-0.4020676666881898,0.09812112278537226,0.20120245034396933,0.42337222467088514,-0.39605901719066977,0.022752277945771813,0.4020676666881898
mean_gpt2_seeds__semantic_strict,rq_val_sids_num_mean,val_NDCG@20,18,18,18,0.40144478844169246,0.09869191321215517,0.2202800996958777,0.3797612329837661,0.39869281045751637,0.021404417849918617,0.40144478844169246
mean_gpt2_seeds__semantic_strict,rq_val_sids_num_sum,val_NDCG@20,18,18,18,0.40144478844169246,0.09869191321215517,0.2202800996958777,0.3797612329837661,0.39869281045751637,0.021404417849918617,0.40144478844169246
mean_gpt2_seeds__semantic_strict,rq_val_entropy_mean,val_NDCG@20,18,18,18,0.3973168214654283,0.10253523912493744,-0.0898909634692729,0.7228030950820878,0.3725490196078432,0.032408555395746705,0.3973168214654283
mean_gpt2_seeds__semantic_strict,rq_val_entropy_sum,val_NDCG@20,18,18,18,0.3973168214654283,0.10253523912493744,-0.08989096346927276,0.7228030950820878,0.3725490196078432,0.032408555395746705,0.3973168214654283
mean_gpt2_seeds__semantic_strict,rq_val_sids_num_l2,val_NDCG@20,18,17,18,0.3964894694611677,0.10331827685557116,0.21102391923243977,0.40059977814882686,0.3541002639140852,0.040671369157608335,0.3964894694611677
mean_gpt2_seeds__semantic_strict,rq_train_entropy_l2,val_NDCG@20,18,18,18,0.3952528379772961,0.10449665262201607,0.013962082628130349,0.9561498297126575,0.32026143790849676,0.06849691078121536,0.3952528379772961
mean_gpt2_seeds__semantic_strict,rq_val_entropy_l3,val_NDCG@20,18,18,18,0.3952528379772961,0.10449665262201607,-0.459022305503606,0.05534389055805996,0.3725490196078432,0.032408555395746705,0.3952528379772961
mean_gpt2_seeds__semantic_strict,sid_unique_total,val_NDCG@20,18,18,18,0.391124871001032,0.10849983794275489,0.1428452489939102,0.5717707138914113,0.35947712418300654,0.03946459230702182,0.391124871001032
mean_gpt2_seeds__semantic_strict,sid_collisions,val_NDCG@20,18,18,18,-0.391124871001032,0.10849983794275489,-0.1428452489939102,0.5717707138914113,-0.35947712418300654,0.03946459230702182,0.391124871001032
mean_gpt2_seeds__semantic_strict,sid_icr,val_NDCG@20,18,18,18,0.391124871001032,0.10849983794275489,0.14284524899391013,0.5717707138914117,0.35947712418300654,0.03946459230702182,0.391124871001032
mean_gpt2_seeds__semantic_strict,sid_cur_total,val_NDCG@20,18,18,18,0.391124871001032,0.10849983794275489,0.1428452489939102,0.5717707138914113,0.35947712418300654,0.03946459230702182,0.391124871001032
mean_gpt2_seeds__semantic_strict,rqvae_train_loss,val_NDCG@20,18,18,18,-0.38906088751289986,0.11054194705770316,0.15464650500959842,0.5400675281192193,-0.35947712418300654,0.03946459230702182,0.38906088751289986
mean_gpt2_seeds__semantic_strict,rq_val_entropy_max,val_NDCG@20,18,18,18,0.3869969040247678,0.11261128878276397,-0.40068542782373606,0.09939100213178519,0.35947712418300654,0.03946459230702182,0.3869969040247678
mean_gpt2_seeds__semantic_strict,rqvae_val_loss,val_NDCG@20,18,18,18,-0.38493292053663575,0.11470802686534463,0.21648242704543458,0.38823705459070845,-0.34640522875817,0.047735620701410846,0.38493292053663575
mean_gpt2_seeds__semantic_strict,rq_val_entropy_l2,val_NDCG@20,18,18,18,0.38080495356037153,0.11898433684768554,-0.20585463910878973,0.4125014761419543,0.32026143790849676,0.06849691078121536,0.38080495356037153
mean_gpt2_seeds__semantic_strict,rq_val_sids_num_l3,val_NDCG@20,18,18,18,0.3766769865841073,0.12337214538125069,-0.05901369259516427,0.8160710628172629,0.33333333333333337,0.057364051643502896,0.3766769865841073
mean_gpt2_seeds__semantic_strict,sid_max_cluster_size,val_NDCG@20,18,18,18,-0.3519091847265222,0.15210693918997698,0.773199441540777,0.00016786474353621574,-0.2679738562091504,0.1310556703971877,0.3519091847265222
mean_gpt2_seeds__semantic_strict,rq_val_sids_num_max,val_NDCG@20,18,16,18,0.35123985684462217,0.15294207687123032,-0.042539433332589645,0.8668998227109048,0.2960590387431259,0.08783184920745975,0.35123985684462217
mean_gpt2_seeds__semantic_strict,rq_val_entropy_l1,val_NDCG@20,18,18,18,0.3498452012383901,0.1546923218138582,0.12002679653531326,0.6352192474013906,0.2941176470588236,0.09587494421484961,0.3498452012383901
mean_gpt2_seeds__semantic_strict,rq_val_sids_num_l1,val_NDCG@20,18,15,18,0.3359177163847344,0.17292684550053472,0.33152989453664383,0.17895954576296527,0.26403934479377983,0.12891882306991465,0.3359177163847344
mean_gpt2_seeds__semantic_strict,rq_train_entropy_l3,val_NDCG@20,18,18,18,0.3312693498452013,0.179322144399268,-0.16149179829275176,0.5220506875127557,0.24183006535947715,0.17514287582080246,0.3312693498452013
mean_gpt2_seeds__semantic_strict,rq_train_entropy_max,val_NDCG@20,18,18,18,0.3312693498452013,0.179322144399268,-0.16149179829275176,0.5220506875127557,0.24183006535947715,0.17514287582080246,0.3312693498452013
mean_gpt2_seeds__semantic_strict,rq_train_sids_num_l2,val_NDCG@5,18,10,18,0.7993229323289166,6.89345604884321e-05,0.5640591423735115,0.014758164036727271,0.6651986518407978,0.0002964706003740469,0.7993229323289166
mean_gpt2_seeds__semantic_strict,rq_train_sids_num_mean,val_NDCG@5,18,16,18,0.7766304097925232,0.00015034885670822803,0.6193010636523787,0.006129806357068931,0.6336944275050717,0.0002664972582634049,0.7766304097925232
mean_gpt2_seeds__semantic_strict,rq_train_sids_num_sum,val_NDCG@5,18,16,18,0.7766304097925232,0.00015034885670822803,0.6193010636523787,0.006129806357068931,0.6336944275050717,0.0002664972582634049,0.7766304097925232
mean_gpt2_seeds__semantic_strict,rq_train_sids_num_l3,val_NDCG@5,18,10,18,0.7706575582040175,0.000181927236306357,0.2899103854352082,0.24322702558153472,0.6054055145966812,0.0009908277742078702,0.7706575582040175
mean_gpt2_seeds__semantic_strict,rq_train_sids_num_max,val_NDCG@5,18,10,18,0.7706575582040175,0.000181927236306357,0.2899103854352082,0.24322702558153472,0.6054055145966812,0.0009908277742078702,0.7706575582040175
mean_gpt2_seeds__semantic_strict,rq_train_sids_num_l1,val_NDCG@5,18,9,18,0.7644928358747023,0.0002202215630253678,0.6276527966293963,0.00529256469104342,0.6005031321480601,0.0011333096049093523,0.7644928358747023
mean_gpt2_seeds__semantic_strict,rq_train_sids_num_l0,val_NDCG@5,18,16,18,0.743538301785385,0.00040510106986751715,0.6842085182706417,0.0017376221121558903,0.5808865585463157,0.0008316510163258768,0.743538301785385
mean_gpt2_seeds__semantic_strict,rq_train_sids_num_min,val_NDCG@5,18,16,18,0.743538301785385,0.00040510106986751715,0.6842085182706417,0.0017376221121558903,0.5808865585463157,0.0008316510163258768,0.743538301785385
mean_gpt2_seeds__semantic_strict,rq_val_entropy_std,val_NDCG@5,18,18,18,-0.7151702786377709,0.0008492395538531108,-0.63398695917737,0.004721697684319505,-0.5686274509803922,0.0006468049116659813,0.7151702786377709
mean_gpt2_seeds__semantic_strict,rq_train_sids_num_std,val_NDCG@5,18,16,18,-0.7042414235269083,0.0011043874763150155,-0.6752463656994109,0.002105151957330038,-0.4752708206288037,0.006249477882326372,0.7042414235269083
mean_gpt2_seeds__semantic_strict,rq_train_entropy_std,val_NDCG@5,18,18,18,-0.653250773993808,0.0032856411027831485,-0.4144731622240278,0.08724275858393277,-0.47712418300653603,0.005139059506065925,0.653250773993808
mean_gpt2_seeds__semantic_strict,rq_val_sids_num_std,val_NDCG@5,18,17,18,-0.5214249533278378,0.02647383028440647,-0.6330217522902474,0.004805289852249865,-0.3409854393246746,0.04871759506415515,0.5214249533278378
mean_gpt2_seeds__semantic_strict,rq_train_entropy_l1,val_NDCG@5,18,18,18,0.3622291021671827,0.13962500641700293,0.16540720982316676,0.511872481495243,0.281045751633987,0.11241795436508836,0.3622291021671827
mean_gpt2_seeds__semantic_strict,rqvae_total_loss,val_NDCG@5,18,18,18,-0.3415892672858617,0.1653345412255698,0.061822118347243625,0.8074698019843438,-0.32026143790849676,0.06849691078121536,0.3415892672858617
mean_gpt2_seeds__semantic_strict,rq_train_entropy_mean,val_NDCG@5,18,18,18,0.30443756449948395,0.21933066080450497,0.002122171348569402,0.9933320170291378,0.30718954248366015,0.08128386643802595,0.30443756449948395
mean_gpt2_seeds__semantic_strict,rq_train_entropy_sum,val_NDCG@5,18,18,18,0.30443756449948395,0.21933066080450497,0.0021221713485693973,0.9933320170291386,0.30718954248366015,0.08128386643802595,0.30443756449948395
mean_gpt2_seeds__semantic_strict,rq_train_entropy_l2,val_NDCG@5,18,18,18,0.28792569659442724,0.2466148887955486,-0.0920256495870463,0.716474675441507,0.24183006535947715,0.17514287582080246,0.28792569659442724
mean_gpt2_seeds__semantic_strict,rq_val_entropy_min,val_NDCG@5,18,16,18,0.278180532935005,0.2636808297960866,-0.012512790152298284,0.9606980485185262,0.3036452465128468,0.08064160394475747,0.278180532935005
mean_gpt2_seeds__semantic_strict,rq_val_sids_num_l2,val_NDCG@5,18,17,18,0.27361903491460793,0.2719152440577196,0.1002274392394098,0.6923261708177662,0.301640965556443,0.08122441376507922,0.27361903491460793
mean_gpt2_seeds__semantic_strict,rq_train_entropy_l0,val_NDCG@5,18,18,18,0.2714138286893705,0.2759523846158901,0.061458544652776254,0.8085821436747005,0.25490196078431376,0.15192280938479866,0.2714138286893705
mean_gpt2_seeds__semantic_strict,rq_train_entropy_min,val_NDCG@5,18,18,18,0.2714138286893705,0.2759523846158901,0.06243778777375808,0.8055869839419415,0.25490196078431376,0.15192280938479866,0.2714138286893705
mean_gpt2_seeds__semantic_strict,rq_val_entropy_mean,val_NDCG@5,18,18,18,0.2714138286893705,0.2759523846158901,-0.20092218271947976,0.4240319158106822,0.2941176470588236,0.09587494421484961,0.2714138286893705
mean_gpt2_seeds__semantic_strict,rq_val_entropy_sum,val_NDCG@5,18,18,18,0.2714138286893705,0.2759523846158901,-0.20092218271947965,0.4240319158106826,0.2941176470588236,0.09587494421484961,0.2714138286893705
mean_gpt2_seeds__semantic_strict,rq_val_sids_num_mean,val_NDCG@5,18,18,18,0.2693498452012384,0.2797642200565713,0.10858548938040569,0.6680048432755537,0.2941176470588236,0.09587494421484961,0.2693498452012384
mean_gpt2_seeds__semantic_strict,rq_val_sids_num_sum,val_NDCG@5,18,18,18,0.2693498452012384,0.2797642200565713,0.10858548938040569,0.6680048432755537,0.2941176470588236,0.09587494421484961,0.2693498452012384
mean_gpt2_seeds__semantic_strict,rq_val_entropy_l0,val_NDCG@5,18,16,18,0.26577099243232816,0.28644989865432485,-0.021143798423217404,0.9336335317618796,0.2772413120334688,0.11069781228433255,0.26577099243232816
mean_gpt2_seeds__semantic_strict,rq_val_entropy_l3,val_NDCG@5,18,18,18,0.2631578947368421,0.29139239227836833,-0.5546982678816533,0.016885317463371467,0.2679738562091504,0.1310556703971877,0.2631578947368421
mean_gpt2_seeds__semantic_strict,sid_path_avg_similarity,val_NDCG@5,18,18,18,0.25902992776057787,0.2993048420526305,-0.28416607022306456,0.25311395432593065,0.281045751633987,0.11241795436508836,0.25902992776057787
mean_gpt2_seeds__semantic_strict,rq_val_entropy_max,val_NDCG@5,18,18,18,0.25902992776057787,0.2993048420526305,-0.4997919566402063,0.03468701868458088,0.25490196078431376,0.15192280938479866,0.25902992776057787
mean_gpt2_seeds__semantic_strict,rq_val_sids_num_l0,val_NDCG@5,18,15,18,0.256596823238515,0.30402856540529766,0.24041319948122314,0.3365743059898235,0.25830080366064123,0.1382869257310502,0.256596823238515
mean_gpt2_seeds__semantic_strict,rq_val_sids_num_min,val_NDCG@5,18,15,18,0.256596823238515,0.30402856540529766,0.24041319948122314,0.3365743059898235,0.25830080366064123,0.1382869257310502,0.256596823238515
mean_gpt2_seeds__semantic_strict,rqvae_best_val_loss,val_NDCG@5,18,15,18,-0.2532302785054152,0.31063771825636305,0.3103106909319274,0.21011809600443912,-0.26403934479377983,0.12891882306991465,0.2532302785054152
mean_gpt2_seeds__semantic_strict,sid_unique_total,val_NDCG@5,18,18,18,0.24871001031991744,0.31964521777772886,0.03399301835687844,0.8934782655873694,0.25490196078431376,0.15192280938479866,0.24871001031991744
mean_gpt2_seeds__semantic_strict,sid_collisions,val_NDCG@5,18,18,18,-0.24871001031991744,0.31964521777772886,-0.03399301835687844,0.8934782655873694,-0.25490196078431376,0.15192280938479866,0.24871001031991744
mean_gpt2_seeds__semantic_strict,sid_icr,val_NDCG@5,18,18,18,0.24871001031991744,0.31964521777772886,0.03399301835687837,0.8934782655873694,0.25490196078431376,0.15192280938479866,0.24871001031991744
mean_gpt2_seeds__semantic_strict,sid_cur_total,val_NDCG@5,18,18,18,0.24871001031991744,0.31964521777772886,0.03399301835687844,0.8934782655873694,0.25490196078431376,0.15192280938479866,0.24871001031991744
mean_gpt2_seeds__semantic_strict,rq_val_entropy_l2,val_NDCG@5,18,18,18,0.24871001031991744,0.31964521777772886,-0.3110807681819099,0.20892920261047054,0.2679738562091504,0.1310556703971877,0.24871001031991744
mean_gpt2_seeds__semantic_strict,rqvae_train_loss,val_NDCG@5,18,18,18,-0.24458204334365324,0.3280041243603068,0.261535433475146,0.29448702765977863,-0.25490196078431376,0.15192280938479866,0.24458204334365324
mean_gpt2_seeds__semantic_strict,rq_val_sids_num_l3,val_NDCG@5,18,18,18,0.23839009287925697,0.340779724454077,-0.17082225538189802,0.49795187110704064,0.22875816993464054,0.20082494101911527,0.23839009287925697
mean_gpt2_seeds__semantic_strict,rqvae_val_loss,val_NDCG@5,18,18,18,-0.2260061919504644,0.36717772555501726,0.3256846023093915,0.18721312032940032,-0.21568627450980396,0.22906043853787195,0.2260061919504644
mean_gpt2_seeds__semantic_strict,rq_val_entropy_l1,val_NDCG@5,18,18,18,0.2260061919504644,0.36717772555501726,0.007660285875596879,0.9759339887702974,0.21568627450980396,0.22906043853787195,0.2260061919504644
mean_gpt2_seeds__semantic_strict,rq_train_entropy_l3,val_NDCG@5,18,18,18,0.21568627450980388,0.3900270258208054,-0.2676466267201444,0.28293397453310765,0.18954248366013074,0.293450858549159,0.21568627450980388
mean_gpt2_seeds__semantic_strict,rq_train_entropy_max,val_NDCG@5,18,18,18,0.21568627450980388,0.3900270258208054,-0.2676466267201444,0.28293397453310765,0.18954248366013074,0.293450858549159,0.21568627450980388
mean_gpt2_seeds__semantic_strict,rq_val_sids_num_max,val_NDCG@5,18,16,18,0.21487614771671004,0.39185305353827127,-0.15448712450606433,0.5404903352657127,0.19079360274557003,0.27131787434398436,0.21487614771671004
mean_gpt2_seeds__semantic_strict,rq_val_sids_num_l1,val_NDCG@5,18,15,18,0.20361781577782362,0.4177094864944727,0.22482039808915363,0.36976412767054356,0.15842360687626791,0.3622808622895247,0.20361781577782362
mean_gpt2_seeds__semantic_strict,sid_max_cluster_size,val_NDCG@5,18,18,18,-0.20330237358101136,0.4184467334719628,0.8330542732084832,1.7713941672729984e-05,-0.16339869281045755,0.3685805408753014,0.20330237358101136
mean_gpt2_seeds__semantic_strict,rq_train_sids_num_std,val_Recall@1,18,16,16,-0.7122157025277087,0.0009127902671795551,-0.7118437395629312,0.000921064578823453,-0.4784079558132687,0.006176315361145184,0.7122157025277087
mean_gpt2_seeds__semantic_strict,rq_train_sids_num_l3,val_Recall@1,18,10,16,0.6908873661144127,0.0014997158861025342,0.2299370324124763,0.35867704331942585,0.5642607722077361,0.0022653194618084435,0.6908873661144127
mean_gpt2_seeds__semantic_strict,rq_train_sids_num_max,val_Recall@1,18,10,16,0.6908873661144127,0.0014997158861025342,0.2299370324124763,0.35867704331942585,0.5642607722077361,0.0022653194618084435,0.6908873661144127
mean_gpt2_seeds__semantic_strict,rq_train_sids_num_l2,val_Recall@1,18,10,16,0.6831617885380535,0.001777590933307917,0.5108303159307085,0.030281864954142926,0.5642607722077361,0.0022653194618084435,0.6831617885380535
mean_gpt2_seeds__semantic_strict,rq_train_sids_num_l1,val_Recall@1,18,9,16,0.6697606714253654,0.0023601811642679246,0.5896988130425928,0.010002467214786806,0.5440202030019322,0.003353550090832868,0.6697606714253654
mean_gpt2_seeds__semantic_strict,rq_train_sids_num_mean,val_Recall@1,18,16,16,0.6604558404254044,0.002850739302130016,0.5830752307095118,0.011092461568083363,0.5182752854643745,0.003012492762231534,0.6604558404254044
mean_gpt2_seeds__semantic_strict,rq_train_sids_num_sum,val_Recall@1,18,16,16,0.6604558404254044,0.002850739302130016,0.5830752307095118,0.011092461568083363,0.5182752854643745,0.003012492762231534,0.6604558404254044
mean_gpt2_seeds__semantic_strict,rq_train_sids_num_l0,val_Recall@1,18,16,16,0.6490686707628974,0.003562070083155004,0.6825598778598825,0.0018009168577045951,0.4916970656969706,0.004887839849885844,0.6490686707628974
mean_gpt2_seeds__semantic_strict,rq_train_sids_num_min,val_Recall@1,18,16,16,0.6490686707628974,0.003562070083155004,0.6825598778598825,0.0018009168577045951,0.4916970656969706,0.004887839849885844,0.6490686707628974
mean_gpt2_seeds__semantic_strict,rq_val_entropy_std,val_Recall@1,18,18,16,-0.6064052822582153,0.007630801747940799,-0.5313660828018785,0.02325009649140513,-0.4539571927394597,0.0088623427621502,0.6064052822582153
mean_gpt2_seeds__semantic_strict,rq_val_sids_num_std,val_Recall@1,18,17,16,-0.5142119549722558,0.02902305717966952,-0.6848165095519632,0.0017147496829361044,-0.35643758476051024,0.04038466777877038,0.5142119549722558
mean_gpt2_seeds__semantic_strict,rq_train_entropy_std,val_Recall@1,18,18,16,-0.5123969676321547,0.02969353076712031,-0.28433750341234093,0.25281528772311224,-0.33553357724220934,0.05304673622067761,0.5123969676321547
mean_gpt2_seeds__semantic_strict,rq_train_entropy_l1,val_Recall@1,18,18,16,0.2159092061191942,0.38952535805865585,0.03459008145798557,0.8916176279622217,0.21710996174495897,0.21065683788470735,0.2159092061191942
mean_gpt2_seeds__semantic_strict,rqvae_total_loss,val_Recall@1,18,18,16,-0.1332645339204596,0.598079334577192,0.20556260383818897,0.4131794444605345,-0.15131906424648656,0.3829685352947504,0.1332645339204596
mean_gpt2_seeds__semantic_strict,rq_train_entropy_l2,val_Recall@1,18,18,16,0.13016535871300705,0.6066943967218603,-0.22800126860224787,0.3628491920518403,0.15131906424648656,0.3829685352947504,0.13016535871300705
mean_gpt2_seeds__semantic_strict,rqvae_val_loss,val_Recall@1,18,18,16,-0.10640501545587085,0.6743207441576334,0.4540908346002661,0.05836094939659346,-0.17763542324587553,0.30575575267473,0.10640501545587085
mean_gpt2_seeds__semantic_strict,rq_train_entropy_mean,val_Recall@1,18,18,16,0.09917360663848156,0.6954137633709665,-0.13540380358591012,0.5921620529211401,0.13816088474679208,0.4256976668563025,0.09917360663848156
mean_gpt2_seeds__semantic_strict,rq_train_entropy_sum,val_Recall@1,18,18,16,0.09917360663848156,0.6954137633709665,-0.1354038035859101,0.5921620529211404,0.13816088474679208,0.4256976668563025,0.09917360663848156
mean_gpt2_seeds__semantic_strict,rq_val_entropy_l2,val_Recall@1,18,18,16,0.09917360663848156,0.6954137633709665,-0.4424357879594246,0.06597955065671829,0.15131906424648656,0.3829685352947504,0.09917360663848156
mean_gpt2_seeds__semantic_strict,rq_val_entropy_mean,val_Recall@1,18,18,16,0.09814054823599737,0.6984449222974807,-0.33725059056158935,0.17112182114950109,0.15131906424648656,0.3829685352947504,0.09814054823599737
mean_gpt2_seeds__semantic_strict,rq_val_entropy_sum,val_Recall@1,18,18,16,0.09814054823599737,0.6984449222974807,-0.3372505905615891,0.17112182114950164,0.15131906424648656,0.3829685352947504,0.09814054823599737
mean_gpt2_seeds__semantic_strict,rq_val_sids_num_l2,val_Recall@1,18,17,16,0.09715763571335086,0.7013329817131921,-0.03690929419792262,0.8843954191963725,0.1452153123098375,0.4036610041316777,0.09715763571335086
mean_gpt2_seeds__semantic_strict,sid_max_cluster_size,val_Recall@1,18,18,16,-0.0971074898335132,0.7014804285703236,0.8832692938862601,1.1945598222244403e-06,-0.12500270524709758,0.47108729407518657,0.0971074898335132
mean_gpt2_seeds__semantic_strict,sid_path_avg_similarity,val_Recall@1,18,18,16,0.0909091394186081,0.7197824811055318,-0.4208311506231804,0.08202093184805696,0.13816088474679208,0.4256976668563025,0.0909091394186081
mean_gpt2_seeds__semantic_strict,sid_unique_total,val_Recall@1,18,18,16,0.08367773060121882,0.7413189736549195,-0.10944051777398679,0.6655339442124804,0.13816088474679208,0.4256976668563025,0.08367773060121882
mean_gpt2_seeds__semantic_strict,sid_collisions,val_Recall@1,18,18,16,-0.08367773060121882,0.7413189736549195,0.10944051777398679,0.6655339442124804,-0.13816088474679208,0.4256976668563025,0.08367773060121882
mean_gpt2_seeds__semantic_strict,sid_icr,val_Recall@1,18,18,16,0.08367773060121882,0.7413189736549195,-0.10944051777398688,0.6655339442124804,0.13816088474679208,0.4256976668563025,0.08367773060121882
mean_gpt2_seeds__semantic_strict,sid_cur_total,val_Recall@1,18,18,16,0.08367773060121882,0.7413189736549195,-0.1094405177739868,0.6655339442124804,0.13816088474679208,0.4256976668563025,0.08367773060121882
mean_gpt2_seeds__semantic_strict,rq_val_entropy_l1,val_Recall@1,18,18,16,0.07954549699128208,0.7537093225228538,-0.12795297276737874,0.6128747878634802,0.12500270524709758,0.47108729407518657,0.07954549699128208
mean_gpt2_seeds__semantic_strict,rq_val_sids_num_mean,val_Recall@1,18,18,16,0.07747938018631373,0.7599262372529024,-0.026718730593536587,0.9161870120982708,0.12500270524709758,0.47108729407518657,0.07747938018631373
mean_gpt2_seeds__semantic_strict,rq_val_sids_num_sum,val_Recall@1,18,18,16,0.07747938018631373,0.7599262372529024,-0.026718730593536587,0.9161870120982708,0.12500270524709758,0.47108729407518657,0.07747938018631373
mean_gpt2_seeds__semantic_strict,rq_train_entropy_l0,val_Recall@1,18,18,16,0.07541326338134535,0.7661571848796842,-0.08021799591260555,0.7516888683180412,0.1118445257474031,0.5190264990586719,0.07541326338134535
mean_gpt2_seeds__semantic_strict,rq_train_entropy_min,val_Recall@1,18,18,16,0.07541326338134535,0.7661571848796842,-0.07937009592140587,0.75423654805092,0.1118445257474031,0.5190264990586719,0.07541326338134535
mean_gpt2_seeds__semantic_strict,rq_val_entropy_l3,val_Recall@1,18,18,16,0.07334714657637699,0.7724018172577216,-0.669679451806725,0.00236413993720211,0.12500270524709758,0.47108729407518657,0.07334714657637699
mean_gpt2_seeds__semantic_strict,rq_val_sids_num_l3,val_Recall@1,18,18,16,0.07128102977140861,0.7786597841668331,-0.3107261648724792,0.2094761138303774,0.1118445257474031,0.5190264990586719,0.07128102977140861
mean_gpt2_seeds__semantic_strict,rq_val_entropy_l0,val_Recall@1,18,16,16,0.070393412459134,0.7813522550317566,-0.16185853581742882,0.5210933762215517,0.10631287906961527,0.5428528085463015,0.070393412459134
mean_gpt2_seeds__semantic_strict,rqvae_best_val_loss,val_Recall@1,18,15,16,-0.06777031429375528,0.78932281192843,0.4421829324672251,0.06615263328067195,-0.10631287906961527,0.5430472059897138,0.06777031429375528
mean_gpt2_seeds__semantic_strict,rq_val_entropy_min,val_Recall@1,18,16,16,0.06728782073299573,0.7907911131062493,-0.15426651651651124,0.5410758140514114,0.10631287906961527,0.5428528085463015,0.06728782073299573
mean_gpt2_seeds__semantic_strict,rq_train_entropy_l3,val_Recall@1,18,18,16,0.06095044574656679,0.8101372402783894,-0.39500674438367417,0.10473229672887413,0.07236998724831965,0.6764927897184035,0.06095044574656679
mean_gpt2_seeds__semantic_strict,rq_train_entropy_max,val_Recall@1,18,18,16,0.06095044574656679,0.8101372402783894,-0.39500674438367417,0.10473229672887413,0.07236998724831965,0.6764927897184035,0.06095044574656679
mean_gpt2_seeds__semantic_strict,rq_val_sids_num_max,val_Recall@1,18,16,16,0.06049638055842811,0.8115275332256403,-0.2938673599482488,0.23656097817709215,0.08609271523178808,0.6214334131550268,0.06049638055842811
mean_gpt2_seeds__semantic_strict,rq_val_sids_num_l0,val_Recall@1,18,15,16,0.058518972746050564,0.8175883259576013,0.11193793439928248,0.6583356262496157,0.08666859265679251,0.6207672082783677,0.058518972746050564
mean_gpt2_seeds__semantic_strict,rq_val_sids_num_min,val_Recall@1,18,15,16,0.058518972746050564,0.8175883259576013,0.11193793439928248,0.6583356262496157,0.08666859265679251,0.6207672082783677,0.058518972746050564
mean_gpt2_seeds__semantic_strict,rq_val_sids_num_l1,val_Recall@1,18,15,16,0.053285056276769424,0.8336771207393835,0.10406699835656286,0.6811160614299655,0.06644554941850954,0.703847292154878,0.053285056276769424
mean_gpt2_seeds__semantic_strict,rq_val_entropy_max,val_Recall@1,18,18,16,0.05268597852669333,0.8355227940480966,-0.6209020434258301,0.0059615081106026546,0.08552816674801415,0.6219291373513764,0.05268597852669333
mean_gpt2_seeds__semantic_strict,rqvae_train_loss,val_Recall@1,18,18,16,-0.044421511306819865,0.8610639944840696,0.40028398925212744,0.0997620143509813,-0.05921180774862518,0.7328104096282637,0.044421511306819865
mean_gpt2_seeds__semantic_strict,rq_train_entropy_std,val_Recall@10,18,18,18,-0.8224974200206397,2.7926170666106315e-05,-0.584081489234354,0.01092101052421105,-0.6339869281045752,0.00010483725733996005,0.8224974200206397
mean_gpt2_seeds__semantic_strict,rq_val_entropy_std,val_Recall@10,18,18,18,-0.8059855521155831,5.3816356061133154e-05,-0.7688108163219524,0.00019275708020777653,-0.6209150326797386,0.0001549082772801415,0.8059855521155831
mean_gpt2_seeds__semantic_strict,rq_train_sids_num_l3,val_Recall@10,18,10,18,0.7089167523965426,0.0009883830993160075,0.3416778710575577,0.16521775759446422,0.5456123773525645,0.0029986913554804337,0.7089167523965426
mean_gpt2_seeds__semantic_strict,rq_train_sids_num_max,val_Recall@10,18,10,18,0.7089167523965426,0.0009883830993160075,0.3416778710575577,0.16521775759446422,0.5456123773525645,0.0029986913554804337,0.7089167523965426
mean_gpt2_seeds__semantic_strict,rq_train_sids_num_l2,val_Recall@10,18,10,18,0.7023016660600274,0.0011557312635021833,0.6115007499568973,0.007005812924547699,0.5456123773525645,0.0029986913554804337,0.7023016660600274
mean_gpt2_seeds__semantic_strict,rq_train_sids_num_l1,val_Recall@10,18,9,18,0.6817555159748426,0.0018324830225180475,0.676833030924526,0.002035785859788525,0.510427662325851,0.005659545142552907,0.6817555159748426
mean_gpt2_seeds__semantic_strict,rq_train_sids_num_mean,val_Recall@10,18,16,18,0.6277159237604015,0.005286610744164026,0.6514531181710291,0.0034022234786243587,0.5016747551081817,0.003897914905631962,0.6277159237604015
mean_gpt2_seeds__semantic_strict,rq_train_sids_num_sum,val_Recall@10,18,16,18,0.6277159237604015,0.005286610744164026,0.6514531181710291,0.0034022234786243587,0.5016747551081817,0.003897914905631962,0.6277159237604015
mean_gpt2_seeds__semantic_strict,rq_train_sids_num_l0,val_Recall@10,18,16,18,0.6173746400081708,0.006337401964935917,0.6686471742914378,0.0024149332794794038,0.5016747551081817,0.003897914905631962,0.6173746400081708
mean_gpt2_seeds__semantic_strict,rq_train_sids_num_min,val_Recall@10,18,16,18,0.6173746400081708,0.006337401964935917,0.6686471742914378,0.0024149332794794038,0.5016747551081817,0.003897914905631962,0.6173746400081708
mean_gpt2_seeds__semantic_strict,rq_train_sids_num_std,val_Recall@10,18,16,18,-0.5594634509956791,0.015774138032235853,-0.6168845694287726,0.006391111842002353,-0.42246295167004777,0.015074907310598044,0.5594634509956791
mean_gpt2_seeds__semantic_strict,rqvae_total_loss,val_Recall@10,18,18,18,-0.5211558307533539,0.026565697103864794,-0.11909976112122823,0.6378528018002003,-0.4248366013071896,0.013730471770781806,0.5211558307533539
mean_gpt2_seeds__semantic_strict,rq_train_entropy_l1,val_Recall@10,18,18,18,0.5087719298245614,0.031068538407296162,0.3425124543168878,0.16412048856717576,0.35947712418300654,0.03946459230702182,0.5087719298245614
mean_gpt2_seeds__semantic_strict,rq_val_entropy_min,val_Recall@10,18,16,18,0.4581188702238186,0.05588764309000029,0.1837813342464197,0.46539336978279333,0.4356649189097367,0.012192273376130233,0.4581188702238186
mean_gpt2_seeds__semantic_strict,rq_val_entropy_l0,val_Recall@10,18,16,18,0.45605061347337245,0.05714756615069881,0.1748050841587808,0.4878306200020106,0.4356649189097367,0.012192273376130233,0.45605061347337245
mean_gpt2_seeds__semantic_strict,rq_train_entropy_mean,val_Recall@10,18,18,18,0.45510835913312697,0.05772857159967152,0.18670165035622543,0.45820720064764564,0.411764705882353,0.017207715883354357,0.45510835913312697
mean_gpt2_seeds__semantic_strict,rq_train_entropy_sum,val_Recall@10,18,18,18,0.45510835913312697,0.05772857159967152,0.18670165035622543,0.45820720064764564,0.411764705882353,0.017207715883354357,0.45510835913312697
mean_gpt2_seeds__semantic_strict,rq_train_entropy_l0,val_Recall@10,18,18,18,0.45098039215686275,0.060326235785684724,0.25169059299784774,0.31368868795913807,0.411764705882353,0.017207715883354357,0.45098039215686275
mean_gpt2_seeds__semantic_strict,rq_train_entropy_min,val_Recall@10,18,18,18,0.45098039215686275,0.060326235785684724,0.2527285916588439,0.31162988989214924,0.411764705882353,0.017207715883354357,0.45098039215686275
mean_gpt2_seeds__semantic_strict,rq_val_sids_num_l0,val_Recall@10,18,15,18,0.445940446837903,0.06361508466726377,0.4187839418760455,0.08367667756171196,0.41725514437488204,0.01665103018731561,0.445940446837903
mean_gpt2_seeds__semantic_strict,rq_val_sids_num_min,val_Recall@10,18,15,18,0.445940446837903,0.06361508466726377,0.4187839418760455,0.08367667756171196,0.41725514437488204,0.01665103018731561,0.445940446837903
mean_gpt2_seeds__semantic_strict,rq_val_sids_num_mean,val_Recall@10,18,18,18,0.44272445820433437,0.06578236404039446,0.30109277571241383,0.2246923847026889,0.4248366013071896,0.013730471770781806,0.44272445820433437
mean_gpt2_seeds__semantic_strict,rq_val_sids_num_sum,val_Recall@10,18,18,18,0.44272445820433437,0.06578236404039446,0.30109277571241383,0.2246923847026889,0.4248366013071896,0.013730471770781806,0.44272445820433437
mean_gpt2_seeds__semantic_strict,sid_path_avg_similarity,val_Recall@10,18,18,18,0.4406604747162023,0.06720191241367013,-0.0961505355708868,0.7042961563364605,0.3856209150326798,0.02643135752713797,0.4406604747162023
mean_gpt2_seeds__semantic_strict,rqvae_train_loss,val_Recall@10,18,18,18,-0.43859649122807015,0.06864406996213139,0.060173979072435865,0.8125150138374957,-0.3856209150326798,0.02643135752713797,0.43859649122807015
mean_gpt2_seeds__semantic_strict,rq_val_entropy_mean,val_Recall@10,18,18,18,0.43653250773993807,0.07010903657780519,-0.0075612054989028805,0.9762451820069002,0.39869281045751637,0.021404417849918617,0.43653250773993807
mean_gpt2_seeds__semantic_strict,rq_val_entropy_sum,val_Recall@10,18,18,18,0.43653250773993807,0.07010903657780519,-0.007561205498902803,0.9762451820069009,0.39869281045751637,0.021404417849918617,0.43653250773993807
mean_gpt2_seeds__semantic_strict,rq_val_entropy_l3,val_Recall@10,18,18,18,0.43446852425180604,0.07159701126026873,-0.383344527411654,0.11634038339607317,0.39869281045751637,0.021404417849918617,0.43446852425180604
mean_gpt2_seeds__semantic_strict,rqvae_best_val_loss,val_Recall@10,18,15,18,-0.4320418629194429,0.07337614476050361,0.11583375214477033,0.6471637410377094,-0.38285704995098074,0.02769004876216052,0.4320418629194429
mean_gpt2_seeds__semantic_strict,rq_val_entropy_max,val_Recall@10,18,18,18,0.4303405572755417,0.07464277608599114,-0.3226776429570299,0.1915561338378926,0.3856209150326798,0.02643135752713797,0.4303405572755417
mean_gpt2_seeds__semantic_strict,sid_unique_total,val_Recall@10,18,18,18,0.4262125902992776,0.07778293683965698,0.21787008945604153,0.3851280279479823,0.35947712418300654,0.03946459230702182,0.4262125902992776
mean_gpt2_seeds__semantic_strict,sid_collisions,val_Recall@10,18,18,18,-0.4262125902992776,0.07778293683965698,-0.21787008945604153,0.3851280279479823,-0.35947712418300654,0.03946459230702182,0.4262125902992776
mean_gpt2_seeds__semantic_strict,sid_icr,val_Recall@10,18,18,18,0.4262125902992776,0.07778293683965698,0.21787008945604147,0.3851280279479823,0.35947712418300654,0.03946459230702182,0.4262125902992776
mean_gpt2_seeds__semantic_strict,sid_cur_total,val_Recall@10,18,18,18,0.4262125902992776,0.07778293683965698,0.21787008945604153,0.3851280279479823,0.35947712418300654,0.03946459230702182,0.4262125902992776
mean_gpt2_seeds__semantic_strict,rq_val_sids_num_l2,val_Recall@10,18,17,18,0.4254001599427112,0.07841220753841985,0.28968738832526647,0.24360620194756202,0.3803299130929063,0.027914610282471507,0.4254001599427112
mean_gpt2_seeds__semantic_strict,rq_val_sids_num_l3,val_Recall@10,18,18,18,0.42002063983488136,0.08267356720316324,0.02707419626324651,0.915075750787135,0.3856209150326798,0.02643135752713797,0.42002063983488136
mean_gpt2_seeds__semantic_strict,rq_train_entropy_l2,val_Recall@10,18,18,18,0.4097007223942208,0.09131835313137276,0.08338958391155296,0.742181047954325,0.2941176470588236,0.09587494421484961,0.4097007223942208
mean_gpt2_seeds__semantic_strict,rqvae_val_loss,val_Recall@10,18,18,18,-0.40763673890608876,0.09312305169960118,0.13308358919993923,0.5985809422511079,-0.32026143790849676,0.06849691078121536,0.40763673890608876
mean_gpt2_seeds__semantic_strict,rq_val_entropy_l2,val_Recall@10,18,18,18,0.40763673890608876,0.09312305169960118,-0.12688339783337965,0.6158716580628539,0.34640522875817,0.047735620701410846,0.40763673890608876
mean_gpt2_seeds__semantic_strict,rq_val_entropy_l1,val_Recall@10,18,18,18,0.39938080495356043,0.10060038374584017,0.19929574524177326,0.42787089882086904,0.32026143790849676,0.06849691078121536,0.39938080495356043
mean_gpt2_seeds__semantic_strict,rq_val_sids_num_max,val_Recall@10,18,16,18,0.3915291345415053,0.10810303400159908,0.043114407648566354,0.8651162700834912,0.32237539774251484,0.06307308547373909,0.3915291345415053
mean_gpt2_seeds__semantic_strict,rq_train_entropy_l3,val_Recall@10,18,18,18,0.3869969040247678,0.11261128878276397,-0.08942011658845145,0.7242012752553455,0.2941176470588236,0.09587494421484961,0.3869969040247678
mean_gpt2_seeds__semantic_strict,rq_train_entropy_max,val_Recall@10,18,18,18,0.3869969040247678,0.11261128878276397,-0.08942011658845145,0.7242012752553455,0.2941176470588236,0.09587494421484961,0.3869969040247678
mean_gpt2_seeds__semantic_strict,rq_val_sids_num_l1,val_Recall@10,18,15,18,0.38553017911232595,0.1140984636795122,0.40545659796134653,0.09505720185002768,0.29044327927315783,0.09487640616430282,0.38553017911232595
mean_gpt2_seeds__semantic_strict,sid_max_cluster_size,val_Recall@10,18,18,18,-0.3622291021671827,0.13962500641700293,0.7248770737839978,0.0006658075923233845,-0.24183006535947715,0.17514287582080246,0.3622291021671827
mean_gpt2_seeds__semantic_strict,rq_val_sids_num_std,val_Recall@10,18,17,18,-0.357253532379073,0.1455508401901357,-0.5527530377273749,0.017356326633847403,-0.209837193430569,0.22514631086465808,0.357253532379073
mean_gpt2_seeds__semantic_strict,rq_val_entropy_std,val_Recall@20,18,18,18,-0.8740970072239421,2.123130093783671e-06,-0.8003556169453196,6.637897936689915e-05,-0.7124183006535948,7.1861599239103575e-06,0.8740970072239421
mean_gpt2_seeds__semantic_strict,rq_train_entropy_std,val_Recall@20,18,18,18,-0.8431372549019607,1.1129003812786908e-05,-0.629928621626102,0.0050813319826996306,-0.6470588235294119,6.992118589945655e-05,0.8431372549019607
mean_gpt2_seeds__semantic_strict,rq_train_sids_num_l3,val_Recall@20,18,10,18,0.7706575582040175,0.000181927236306357,0.4057328235937844,0.0948105513139509,0.6203537989077104,0.0007396876399352303,0.7706575582040175
mean_gpt2_seeds__semantic_strict,rq_train_sids_num_max,val_Recall@20,18,10,18,0.7706575582040175,0.000181927236306357,0.4057328235937844,0.0948105513139509,0.6203537989077104,0.0007396876399352303,0.7706575582040175
mean_gpt2_seeds__semantic_strict,rq_train_sids_num_l2,val_Recall@20,18,10,18,0.7684525294251793,0.0001949199977069145,0.6736467560649487,0.002177046906975872,0.6203537989077104,0.0007396876399352303,0.7684525294251793
mean_gpt2_seeds__semantic_strict,rq_train_sids_num_l1,val_Recall@20,18,9,18,0.7611833430787078,0.00024344282447635854,0.728599255171144,0.0006048894176687831,0.6155157104517616,0.0008483045448943028,0.7611833430787078
mean_gpt2_seeds__semantic_strict,rq_train_sids_num_mean,val_Recall@20,18,16,18,0.7021731667764622,0.0011592014369965818,0.703538285417908,0.001122775097408495,0.5940885257860047,0.0006308418147116226,0.7021731667764622
mean_gpt2_seeds__semantic_strict,rq_train_sids_num_sum,val_Recall@20,18,16,18,0.7021731667764622,0.0011592014369965818,0.703538285417908,0.001122775097408495,0.5940885257860047,0.0006308418147116226,0.7021731667764622
mean_gpt2_seeds__semantic_strict,rq_train_sids_num_l0,val_Recall@20,18,16,18,0.6959683965251239,0.0013373879279971596,0.6967116104277218,0.0013149160883681576,0.5676845913066266,0.0010904572057621894,0.6959683965251239
mean_gpt2_seeds__semantic_strict,rq_train_sids_num_min,val_Recall@20,18,16,18,0.6959683965251239,0.0013373879279971596,0.6967116104277218,0.0013149160883681576,0.5676845913066266,0.0010904572057621894,0.6959683965251239
mean_gpt2_seeds__semantic_strict,rq_train_sids_num_std,val_Recall@20,18,16,18,-0.5780777617496944,0.011976142275815577,-0.6129699745581232,0.006833511560874959,-0.38285704995098074,0.027615327345498673,0.5780777617496944
mean_gpt2_seeds__semantic_strict,rq_train_entropy_l1,val_Recall@20,18,18,18,0.5314757481940144,0.023216334307843867,0.4084035027385973,0.0924496237844332,0.4248366013071896,0.013730471770781806,0.5314757481940144
mean_gpt2_seeds__semantic_strict,rqvae_total_loss,val_Recall@20,18,18,18,-0.5252837977296182,0.02518359155961345,-0.1705211715602272,0.4987210674774468,-0.46405228758169936,0.006652816887103086,0.5252837977296182
mean_gpt2_seeds__semantic_strict,rq_train_entropy_mean,val_Recall@20,18,18,18,0.4633642930856553,0.05278586195356671,0.2546879186871912,0.30776567553799655,0.4509803921568628,0.008539551386647026,0.4633642930856553
mean_gpt2_seeds__semantic_strict,rq_train_entropy_sum,val_Recall@20,18,18,18,0.4633642930856553,0.05278586195356671,0.2546879186871912,0.30776567553799655,0.4509803921568628,0.008539551386647026,0.4633642930856553
mean_gpt2_seeds__semantic_strict,rq_val_entropy_min,val_Recall@20,18,16,18,0.45605061347337245,0.05714756615069881,0.24373180227688546,0.3297415580197154,0.4488668861494257,0.009809151645794335,0.45605061347337245
mean_gpt2_seeds__semantic_strict,rq_train_entropy_l0,val_Recall@20,18,18,18,0.45098039215686275,0.060326235785684724,0.3148435850994273,0.2031832382711343,0.4248366013071896,0.013730471770781806,0.45098039215686275
mean_gpt2_seeds__semantic_strict,rq_train_entropy_min,val_Recall@20,18,18,18,0.45098039215686275,0.060326235785684724,0.31586926680612404,0.20163518031859778,0.4248366013071896,0.013730471770781806,0.45098039215686275
mean_gpt2_seeds__semantic_strict,rq_val_entropy_l0,val_Recall@20,18,16,18,0.449845843222034,0.061055255398366336,0.23493823093400237,0.3480248028938372,0.42246295167004777,0.015074907310598044,0.449845843222034
mean_gpt2_seeds__semantic_strict,rq_val_sids_num_l0,val_Recall@20,18,15,18,0.4480097760575685,0.062248957709383115,0.46564222358903123,0.05148001238104616,0.40400894931536196,0.020432274784409506,0.4480097760575685
mean_gpt2_seeds__semantic_strict,rq_val_sids_num_min,val_Recall@20,18,15,18,0.4480097760575685,0.062248957709383115,0.46564222358903123,0.05148001238104616,0.40400894931536196,0.020432274784409506,0.4480097760575685
mean_gpt2_seeds__semantic_strict,sid_path_avg_similarity,val_Recall@20,18,18,18,0.44272445820433437,0.06578236404039446,-0.03306148685040301,0.896382266483114,0.4248366013071896,0.013730471770781806,0.44272445820433437
mean_gpt2_seeds__semantic_strict,rqvae_best_val_loss,val_Recall@20,18,15,18,-0.44031060670737493,0.06744477713190666,0.05536151803083942,0.8272862956007185,-0.4356649189097367,0.01223386661615337,0.44031060670737493
mean_gpt2_seeds__semantic_strict,rq_train_entropy_l2,val_Recall@20,18,18,18,0.43653250773993807,0.07010903657780519,0.1539179712555696,0.5420014121723964,0.35947712418300654,0.03946459230702182,0.43653250773993807
mean_gpt2_seeds__semantic_strict,rq_val_sids_num_mean,val_Recall@20,18,18,18,0.43653250773993807,0.07010903657780519,0.358561908765704,0.14397603943434234,0.4379084967320262,0.010871540899275188,0.43653250773993807
mean_gpt2_seeds__semantic_strict,rq_val_sids_num_sum,val_Recall@20,18,18,18,0.43653250773993807,0.07010903657780519,0.358561908765704,0.14397603943434234,0.4379084967320262,0.010871540899275188,0.43653250773993807
mean_gpt2_seeds__semantic_strict,rqvae_train_loss,val_Recall@20,18,18,18,-0.43446852425180604,0.07159701126026873,0.011659846062465042,0.9633753350755814,-0.39869281045751637,0.021404417849918617,0.43446852425180604
mean_gpt2_seeds__semantic_strict,rq_val_entropy_mean,val_Recall@20,18,18,18,0.4324045407636739,0.0731081920707255,0.05651600892624432,0.8237374992565507,0.411764705882353,0.017207715883354357,0.4324045407636739
mean_gpt2_seeds__semantic_strict,rq_val_entropy_sum,val_Recall@20,18,18,18,0.4324045407636739,0.0731081920707255,0.05651600892624436,0.8237374992565507,0.411764705882353,0.017207715883354357,0.4324045407636739
mean_gpt2_seeds__semantic_strict,rq_val_entropy_l3,val_Recall@20,18,18,18,0.4303405572755417,0.07464277608599114,-0.32298735909912735,0.19110574337314423,0.411764705882353,0.017207715883354357,0.4303405572755417
mean_gpt2_seeds__semantic_strict,sid_unique_total,val_Recall@20,18,18,18,0.4282765737874097,0.07620095935240204,0.28299566330697173,0.25515893106423676,0.39869281045751637,0.021404417849918617,0.4282765737874097
mean_gpt2_seeds__semantic_strict,sid_collisions,val_Recall@20,18,18,18,-0.4282765737874097,0.07620095935240204,-0.28299566330697173,0.25515893106423676,-0.39869281045751637,0.021404417849918617,0.4282765737874097
mean_gpt2_seeds__semantic_strict,sid_icr,val_Recall@20,18,18,18,0.4282765737874097,0.07620095935240204,0.2829956633069717,0.25515893106423676,0.39869281045751637,0.021404417849918617,0.4282765737874097
mean_gpt2_seeds__semantic_strict,sid_cur_total,val_Recall@20,18,18,18,0.4282765737874097,0.07620095935240204,0.28299566330697173,0.25515893106423676,0.39869281045751637,0.021404417849918617,0.4282765737874097
mean_gpt2_seeds__semantic_strict,rq_val_sids_num_l2,val_Recall@20,18,17,18,0.42746520926282144,0.0768199952710795,0.3498587300984451,0.15467527792932806,0.3934447376823169,0.022948307822874665,0.42746520926282144
mean_gpt2_seeds__semantic_strict,rq_val_entropy_max,val_Recall@20,18,18,18,0.4262125902992776,0.07778293683965698,-0.26132339847419755,0.2948929200223934,0.39869281045751637,0.021404417849918617,0.4262125902992776
mean_gpt2_seeds__semantic_strict,rqvae_val_loss,val_Recall@20,18,18,18,-0.4220846233230134,0.08101904869498933,0.07090618051844369,0.7797965496253184,-0.3856209150326798,0.02643135752713797,0.4220846233230134
mean_gpt2_seeds__semantic_strict,rq_val_sids_num_l3,val_Recall@20,18,18,18,0.4179566563467492,0.08435264811978456,0.08776843510098513,0.7291124892405544,0.3725490196078432,0.032408555395746705,0.4179566563467492
mean_gpt2_seeds__semantic_strict,rq_val_entropy_l2,val_Recall@20,18,18,18,0.4117647058823529,0.08953914742899156,-0.06288105111661743,0.8042320410899293,0.35947712418300654,0.03946459230702182,0.4117647058823529
mean_gpt2_seeds__semantic_strict,rq_val_sids_num_max,val_Recall@20,18,16,18,0.4018597185663471,0.09831141623689006,0.10402517565903836,0.6812378315553593,0.33553357724220934,0.05304673622067761,0.4018597185663471
mean_gpt2_seeds__semantic_strict,sid_max_cluster_size,val_Recall@20,18,18,18,-0.3931888544891641,0.106484795695208,0.6793448112162741,0.0019298400545550711,-0.30718954248366015,0.08128386643802595,0.3931888544891641
mean_gpt2_seeds__semantic_strict,rq_val_entropy_l1,val_Recall@20,18,18,18,0.3931888544891641,0.106484795695208,0.26246985781231735,0.2927023154095956,0.33333333333333337,0.057364051643502896,0.3931888544891641
mean_gpt2_seeds__semantic_strict,rq_val_sids_num_l1,val_Recall@20,18,15,18,0.38139580721836,0.11836544201085852,0.4592313762698917,0.055218625115658684,0.3036452465128468,0.08078730146468166,0.38139580721836
mean_gpt2_seeds__semantic_strict,rq_train_entropy_l3,val_Recall@20,18,18,18,0.38080495356037153,0.11898433684768554,-0.020172045651231846,0.9366777552092611,0.281045751633987,0.11241795436508836,0.38080495356037153
mean_gpt2_seeds__semantic_strict,rq_train_entropy_max,val_Recall@20,18,18,18,0.38080495356037153,0.11898433684768554,-0.020172045651231846,0.9366777552092611,0.281045751633987,0.11241795436508836,0.38080495356037153
mean_gpt2_seeds__semantic_strict,rq_val_sids_num_std,val_Recall@20,18,17,18,-0.3551884830589627,0.14806053448875514,-0.5119201163462805,0.029871659523837465,-0.19672236884115846,0.25547681145450307,0.3551884830589627
mean_gpt2_seeds__semantic_strict,rq_train_entropy_std,val_Recall@5,18,18,17,-0.755808051160351,0.0002855490997717785,-0.4832074779269853,0.042213295906243745,-0.5639374573446543,0.0011148231701320558,0.755808051160351
mean_gpt2_seeds__semantic_strict,rq_val_entropy_std,val_Recall@5,18,18,17,-0.755808051160351,0.0002855490997717785,-0.6845330565086046,0.0017253818927829897,-0.603281931112886,0.0004880131158213636,0.755808051160351
mean_gpt2_seeds__semantic_strict,rq_train_sids_num_l2,val_Recall@5,18,10,17,0.7467876804652919,0.00036996182118358796,0.5894119607607216,0.010047818401665298,0.6073937153988942,0.0009835113615338658,0.7467876804652919
mean_gpt2_seeds__semantic_strict,rq_train_sids_num_l3,val_Recall@5,18,10,17,0.7291383408974269,0.0005964663718891894,0.3214938765177811,0.19328406113643945,0.577398964021171,0.0017333890407543837,0.7291383408974269
mean_gpt2_seeds__semantic_strict,rq_train_sids_num_max,val_Recall@5,18,10,17,0.7291383408974269,0.0005964663718891894,0.3214938765177811,0.19328406113643945,0.577398964021171,0.0017333890407543837,0.7291383408974269
mean_gpt2_seeds__semantic_strict,rq_train_sids_num_l1,val_Recall@5,18,9,17,0.7152195895539856,0.0008482110875848195,0.6465483977947271,0.0037376547135120897,0.5723514714723391,0.0019725207002430785,0.7152195895539856
mean_gpt2_seeds__semantic_strict,rq_train_sids_num_mean,val_Recall@5,18,16,17,0.6952931291436868,0.0013580808092709972,0.6349514080658544,0.004639358655037555,0.5894168988939446,0.0007185284547077803,0.6952931291436868
mean_gpt2_seeds__semantic_strict,rq_train_sids_num_sum,val_Recall@5,18,16,17,0.6952931291436868,0.0013580808092709972,0.6349514080658544,0.004639358655037555,0.5894168988939446,0.0007185284547077803,0.6952931291436868
mean_gpt2_seeds__semantic_strict,rq_train_sids_num_l0,val_Recall@5,18,16,17,0.6704612316742695,0.0023262609469457646,0.6774947797077912,0.0020074186399729865,0.5364356046113428,0.0020813418844611996,0.6704612316742695
mean_gpt2_seeds__semantic_strict,rq_train_sids_num_min,val_Recall@5,18,16,17,0.6704612316742695,0.0023262609469457646,0.6774947797077912,0.0020074186399729865,0.5364356046113428,0.0020813418844611996,0.6704612316742695
mean_gpt2_seeds__semantic_strict,rq_train_sids_num_std,val_Recall@5,18,16,17,-0.6021735136333717,0.008183394889768554,-0.6458562100697843,0.0037870984765412032,-0.43047301604613925,0.013500002568949234,0.6021735136333717
mean_gpt2_seeds__semantic_strict,rqvae_total_loss,val_Recall@5,18,18,17,-0.44605065314381365,0.06354177073413395,-0.020149390066231135,0.936748738802793,-0.4065595622717275,0.018768169593676172,0.44605065314381365
mean_gpt2_seeds__semantic_strict,rq_train_entropy_l1,val_Recall@5,18,18,17,0.4336603572231522,0.07218594934532181,0.23929300629852376,0.33889910684214497,0.3672150885034958,0.03378113542110883,0.4336603572231522
mean_gpt2_seeds__semantic_strict,rq_val_sids_num_std,val_Recall@5,18,17,17,-0.4318181818181819,0.07354176497563891,-0.591051211138751,0.00979086076533439,-0.2697368421052632,0.11989574610572974,0.4318181818181819
mean_gpt2_seeds__semantic_strict,rq_train_entropy_mean,val_Recall@5,18,18,17,0.390294321500837,0.10931832136261085,0.08080154574088946,0.7499368962242916,0.3934447376823169,0.022948307822874665,0.390294321500837
mean_gpt2_seeds__semantic_strict,rq_train_entropy_sum,val_Recall@5,18,18,17,0.390294321500837,0.10931832136261085,0.08080154574088949,0.7499368962242916,0.3934447376823169,0.022948307822874665,0.390294321500837
mean_gpt2_seeds__semantic_strict,rq_val_entropy_min,val_Recall@5,18,16,17,0.3828250859868514,0.11687775560475511,0.06783749793300171,0.7891184153548192,0.39073704533418796,0.024943815879112635,0.3828250859868514
mean_gpt2_seeds__semantic_strict,rq_val_entropy_l0,val_Recall@5,18,16,17,0.37247846204126084,0.12795059884275134,0.05904207067294378,0.8159840485196339,0.3642463981928871,0.03659505146482859,0.37247846204126084
mean_gpt2_seeds__semantic_strict,rq_train_entropy_l0,val_Recall@5,18,18,17,0.3696438282997345,0.13110832494310126,0.14128926020107735,0.57600947615172,0.3409854393246747,0.04871759506415515,0.3696438282997345
mean_gpt2_seeds__semantic_strict,rq_train_entropy_min,val_Recall@5,18,18,17,0.3696438282997345,0.13110832494310126,0.1422957590158679,0.5732660826747852,0.3409854393246747,0.04871759506415515,0.3696438282997345
mean_gpt2_seeds__semantic_strict,rq_val_entropy_mean,val_Recall@5,18,18,17,0.3696438282997345,0.13110832494310126,-0.12040565479189848,0.634144169403458,0.3672150885034958,0.03378113542110883,0.3696438282997345
mean_gpt2_seeds__semantic_strict,rq_val_entropy_sum,val_Recall@5,18,18,17,0.3696438282997345,0.13110832494310126,-0.12040565479189835,0.6341441694034586,0.3672150885034958,0.03378113542110883,0.3696438282997345
mean_gpt2_seeds__semantic_strict,rq_val_sids_num_mean,val_Recall@5,18,18,17,0.3696438282997345,0.13110832494310126,0.1852501026081649,0.4617720528145771,0.3672150885034958,0.03378113542110883,0.3696438282997345
mean_gpt2_seeds__semantic_strict,rq_val_sids_num_sum,val_Recall@5,18,18,17,0.3696438282997345,0.13110832494310126,0.1852501026081649,0.4617720528145771,0.3672150885034958,0.03378113542110883,0.3696438282997345
mean_gpt2_seeds__semantic_strict,rq_train_entropy_l2,val_Recall@5,18,18,17,0.36757877897962427,0.1334427966356343,-0.01356380539947524,0.9573995940754445,0.301640965556443,0.08122441376507922,0.36757877897962427
mean_gpt2_seeds__semantic_strict,rq_val_sids_num_l2,val_Recall@5,18,17,17,0.36518595041322316,0.13618391732081456,0.1778841210241959,0.4800754244448538,0.375,0.030608691034860077,0.36518595041322316
mean_gpt2_seeds__semantic_strict,rq_val_entropy_l3,val_Recall@5,18,18,17,0.3644812049994589,0.1369986621034383,-0.4820780277559115,0.042767763516776296,0.3409854393246747,0.04871759506415515,0.3644812049994589
mean_gpt2_seeds__semantic_strict,rq_val_entropy_max,val_Recall@5,18,18,17,0.3644812049994589,0.1369986621034383,-0.42452643218934344,0.07909311771795957,0.3409854393246747,0.04871759506415515,0.3644812049994589
mean_gpt2_seeds__semantic_strict,rq_val_sids_num_l0,val_Recall@5,18,15,17,0.36024921931511,0.14196259474349524,0.3089102020868977,0.21229156173311003,0.34553211259393496,0.047967202190259864,0.36024921931511
mean_gpt2_seeds__semantic_strict,rq_val_sids_num_min,val_Recall@5,18,15,17,0.36024921931511,0.14196259474349524,0.3089102020868977,0.21229156173311003,0.34553211259393496,0.047967202190259864,0.36024921931511
mean_gpt2_seeds__semantic_strict,sid_path_avg_similarity,val_Recall@5,18,18,17,0.35931858169918324,0.1430706841465066,-0.20322458836481752,0.41862863815532625,0.3541002639140852,0.040671369157608335,0.35931858169918324
mean_gpt2_seeds__semantic_strict,rqvae_train_loss,val_Recall@5,18,18,17,-0.3541559583989076,0.14932649848787932,0.1796665047339595,0.47561403126939394,-0.3409854393246747,0.04871759506415515,0.3541559583989076
mean_gpt2_seeds__semantic_strict,rqvae_best_val_loss,val_Recall@5,18,15,17,-0.35263721027479983,0.15120212482719497,0.23086626191730883,0.3566839907774575,-0.3443784128369114,0.04823539324002919,0.35263721027479983
mean_gpt2_seeds__semantic_strict,rq_val_entropy_l2,val_Recall@5,18,18,17,0.34589576111846665,0.15972305417747465,-0.23248435264621192,0.35322851045347436,0.3409854393246747,0.04871759506415515,0.34589576111846665
mean_gpt2_seeds__semantic_strict,sid_unique_total,val_Recall@5,18,18,17,0.34486323645841155,0.16105645303342564,0.11449641117896658,0.6509908450716021,0.3278706147352641,0.05805993653705121,0.34486323645841155
mean_gpt2_seeds__semantic_strict,sid_collisions,val_Recall@5,18,18,17,-0.34486323645841155,0.16105645303342564,-0.11449641117896658,0.6509908450716021,-0.3278706147352641,0.05805993653705121,0.34486323645841155
mean_gpt2_seeds__semantic_strict,sid_icr,val_Recall@5,18,18,17,0.34486323645841155,0.16105645303342564,0.11449641117896653,0.6509908450716021,0.3278706147352641,0.05805993653705121,0.34486323645841155
mean_gpt2_seeds__semantic_strict,sid_cur_total,val_Recall@5,18,18,17,0.34486323645841155,0.16105645303342564,0.11449641117896658,0.6509908450716021,0.3278706147352641,0.05805993653705121,0.34486323645841155
mean_gpt2_seeds__semantic_strict,rq_val_sids_num_l3,val_Recall@5,18,18,17,0.33453798985786026,0.17480880070237928,-0.08850874472745976,0.7269099522366826,0.301640965556443,0.08122441376507922,0.33453798985786026
mean_gpt2_seeds__semantic_strict,rq_val_entropy_l1,val_Recall@5,18,18,17,0.3262777925774193,0.18636417777786327,0.08627371129645217,0.7335656671876122,0.301640965556443,0.08122441376507922,0.3262777925774193
mean_gpt2_seeds__semantic_strict,rqvae_val_loss,val_Recall@5,18,18,17,-0.32421274325730903,0.18933068180456677,0.24753652692960573,0.3220085476170497,-0.2885261409670324,0.09535231907456679,0.32421274325730903
mean_gpt2_seeds__semantic_strict,rq_val_sids_num_max,val_Recall@5,18,16,17,0.31937988761090863,0.1963954471898559,-0.07229696092243623,0.7755810323884247,0.27722923259150795,0.11087262252332561,0.31937988761090863
mean_gpt2_seeds__semantic_strict,rq_train_entropy_l3,val_Recall@5,18,18,17,0.3025297253961514,0.22237868844244335,-0.19169511632958072,0.4460509548280431,0.24918166719880072,0.14975814235817383,0.3025297253961514
mean_gpt2_seeds__semantic_strict,rq_train_entropy_max,val_Recall@5,18,18,17,0.3025297253961514,0.22237868844244335,-0.19169511632958072,0.4460509548280431,0.24918166719880072,0.14975814235817383,0.3025297253961514
mean_gpt2_seeds__semantic_strict,rq_val_sids_num_l1,val_Recall@5,18,15,17,0.2983455576665095,0.2291588551005764,0.2938827614816588,0.23653526239080558,0.2450384860570331,0.15987446408393047,0.2983455576665095
mean_gpt2_seeds__semantic_strict,sid_max_cluster_size,val_Recall@5,18,18,17,-0.2808467075349938,0.2589405711597229,0.791215648847824,9.206434280024754e-05,-0.209837193430569,0.22514631086465808,0.2808467075349938
raw_gpt2_runs,rq_train_sids_num_std,gpt2_best_val_loss,159,16,159,0.41913593766296614,3.825434933550117e-08,0.394486398353565,2.671606799648938e-07,0.2826410156683275,2.89436545582985e-07,0.41913593766296614
raw_gpt2_runs,rq_val_sids_num_std,gpt2_best_val_loss,159,17,159,0.38939351289868895,3.915835007025592e-07,0.46255168095874594,8.342229446846043e-10,0.24774899256832528,6.392579903002696e-06,0.38939351289868895
raw_gpt2_runs,rq_train_sids_num_l0,gpt2_best_val_loss,159,16,159,-0.2618740531975829,0.0008547212766434872,-0.2566142629987031,0.0010942402254173675,-0.18977207722560294,0.0005720306915151794,0.2618740531975829
raw_gpt2_runs,rq_train_sids_num_min,gpt2_best_val_loss,159,16,159,-0.2618740531975829,0.0008547212766434872,-0.2566142629987031,0.0010942402254173675,-0.18977207722560294,0.0005720306915151794,0.2618740531975829
raw_gpt2_runs,sid_max_cluster_size,gpt2_best_val_loss,159,18,159,-0.24722757573552526,0.0016794604752088985,-0.5982186037454588,8.323547322524899e-17,-0.17397004623157833,0.0014828737951160062,0.24722757573552526
raw_gpt2_runs,rq_train_sids_num_mean,gpt2_best_val_loss,159,16,159,-0.24672732156612695,0.001717484303654738,-0.09651836065621693,0.22617328865060402,-0.17626985567896566,0.0013768401667103402,0.24672732156612695
raw_gpt2_runs,rq_train_sids_num_sum,gpt2_best_val_loss,159,16,159,-0.24672732156612695,0.001717484303654738,-0.09651836065621693,0.22617328865060402,-0.17626985567896566,0.0013768401667103402,0.24672732156612695
raw_gpt2_runs,rq_train_entropy_l3,gpt2_best_val_loss,159,18,159,0.24084976628202362,0.002226811890144743,0.5465456703158776,9.169329353042004e-14,0.1671092556759668,0.002268044348662596,0.24084976628202362
raw_gpt2_runs,rq_train_entropy_max,gpt2_best_val_loss,159,18,159,0.24084976628202362,0.002226811890144743,0.5465456703158776,9.169329353042004e-14,0.1671092556759668,0.002268044348662596,0.24084976628202362
raw_gpt2_runs,rq_val_sids_num_l1,gpt2_best_val_loss,159,15,159,0.2378487946384712,0.002536593033939923,0.31700179994831523,4.677017845771335e-05,0.16611384728037432,0.0026244954848654817,0.2378487946384712
raw_gpt2_runs,sid_path_avg_similarity,gpt2_best_val_loss,159,18,159,0.2298971567985841,0.003554942749700666,0.5715299151903079,3.6131545883218806e-15,0.14571012322870225,0.00777301469418054,0.2298971567985841
raw_gpt2_runs,rq_val_entropy_l1,gpt2_best_val_loss,159,18,159,0.2292243920882991,0.0036560824147533655,0.4466055725767544,3.6202478639938085e-09,0.14848710988216404,0.006677728933762679,0.2292243920882991
raw_gpt2_runs,rqvae_best_val_loss,gpt2_best_val_loss,159,15,159,-0.22895372412275322,0.003697498867141443,-0.5730715036200285,2.932947582634512e-15,-0.14317313712441598,0.009511229746771209,0.22895372412275322
raw_gpt2_runs,rqvae_val_loss,gpt2_best_val_loss,159,18,159,-0.22868618032007115,0.003738851946134308,-0.5774957866821474,1.6021089278442768e-15,-0.14097291070220855,0.010017168489053822,0.22868618032007115
raw_gpt2_runs,sid_unique_total,gpt2_best_val_loss,159,18,159,0.22798650502137477,0.003848972941760622,0.4500263205530248,2.6591381315764157e-09,0.14080955854612257,0.010103930473412442,0.22798650502137477
raw_gpt2_runs,sid_collisions,gpt2_best_val_loss,159,18,159,-0.22798650502137477,0.003848972941760622,-0.4500263205530248,2.6591381315764157e-09,-0.14080955854612257,0.010103930473412442,0.22798650502137477
raw_gpt2_runs,sid_icr,gpt2_best_val_loss,159,18,159,0.22798650502137477,0.003848972941760622,0.4500263205530249,2.6591381315764157e-09,0.14080955854612257,0.010103930473412442,0.22798650502137477
raw_gpt2_runs,sid_cur_total,gpt2_best_val_loss,159,18,159,0.22798650502137477,0.003848972941760622,0.4500263205530248,2.6591381315764157e-09,0.14080955854612257,0.010103930473412442,0.22798650502137477
raw_gpt2_runs,rq_val_sids_num_l2,gpt2_best_val_loss,159,17,159,0.22650898404509895,0.004091159444158919,0.40682801465382523,1.0295675771379887e-07,0.145797372735379,0.007911339829912212,0.22650898404509895
raw_gpt2_runs,rqvae_train_loss,gpt2_best_val_loss,159,18,159,-0.22612967442098822,0.004155503380625391,-0.554486110299572,3.3777866831481174e-14,-0.14701694047739017,0.007238974407400214,0.22612967442098822
raw_gpt2_runs,rq_val_entropy_max,gpt2_best_val_loss,159,18,159,0.22427284382060167,0.004483795237333672,0.6261567724478119,1.0835629376616507e-18,0.13950274129743465,0.010822462719816786,0.22427284382060167
raw_gpt2_runs,rq_val_entropy_l3,gpt2_best_val_loss,159,18,159,0.2229811355768545,0.0047257069992807715,0.6371518388107935,1.7359445682137207e-19,0.1373791632683168,0.012087244779117483,0.2229811355768545
raw_gpt2_runs,rq_val_entropy_l2,gpt2_best_val_loss,159,18,159,0.2223891026318037,0.004840443366856037,0.5742603210235911,2.4953226297773302e-15,0.13541893739528493,0.013369261112825888,0.2223891026318037
raw_gpt2_runs,rq_val_entropy_l0,gpt2_best_val_loss,159,16,159,0.2201935897313078,0.005288042123872815,0.4659359966964204,6.049552155940428e-10,0.13279928874832864,0.015933674444168763,0.2201935897313078
raw_gpt2_runs,rq_val_entropy_mean,gpt2_best_val_loss,159,18,159,0.2194020273181384,0.00545828134879172,0.536781608771186,3.0215694058404234e-13,0.12953825977618932,0.01796433022036449,0.2194020273181384
raw_gpt2_runs,rq_val_entropy_sum,gpt2_best_val_loss,159,18,159,0.2194020273181384,0.00545828134879172,0.5367816087711857,3.0215694058404234e-13,0.12953825977618932,0.01796433022036449,0.2194020273181384
raw_gpt2_runs,rq_val_entropy_min,gpt2_best_val_loss,159,16,159,0.2193850453381696,0.005461986697840207,0.46238856287830443,8.471693494243777e-10,0.1324699662715814,0.016196656457176974,0.2193850453381696
raw_gpt2_runs,rq_val_sids_num_mean,gpt2_best_val_loss,159,18,159,0.2192674743760814,0.005487701594816343,0.39610849246330027,2.3620929137461762e-07,0.1285581468396734,0.01885182073669821,0.2192674743760814
raw_gpt2_runs,rq_val_sids_num_sum,gpt2_best_val_loss,159,18,159,0.2192674743760814,0.005487701594816343,0.39610849246330027,2.3620929137461762e-07,0.1285581468396734,0.01885182073669821,0.2192674743760814
raw_gpt2_runs,rq_val_sids_num_max,gpt2_best_val_loss,159,16,159,0.21754059209166807,0.005878071667227348,0.5198688050704321,2.181969584803419e-12,0.14473562248538,0.00856441714417778,0.21754059209166807
raw_gpt2_runs,rq_train_entropy_l0,gpt2_best_val_loss,159,18,159,0.21570630650963954,0.006319696129455276,0.43217919558082785,1.2818437497370654e-08,0.13215189427356513,0.015774247862084773,0.21570630650963954
raw_gpt2_runs,rq_train_entropy_min,gpt2_best_val_loss,159,18,159,0.21570630650963954,0.006319696129455276,0.43183587215079317,1.3200580751584676e-08,0.13215189427356513,0.015774247862084773,0.21570630650963954
raw_gpt2_runs,rq_train_entropy_l2,gpt2_best_val_loss,159,18,159,0.2141993135586012,0.006704401550471216,0.48789424030177064,6.890752572584539e-11,0.14440330598001433,0.008342089109814823,0.2141993135586012
raw_gpt2_runs,rq_val_sids_num_l3,gpt2_best_val_loss,159,18,159,0.212163079035472,0.007257285197643524,0.5262110254413408,1.0530221082973773e-12,0.13394876799051103,0.014408205844106582,0.212163079035472
raw_gpt2_runs,rq_train_entropy_mean,gpt2_best_val_loss,159,18,159,0.21207337707410065,0.007282547222496533,0.4539602080277486,1.856961933904054e-09,0.1311717813370492,0.016566363539697107,0.21207337707410065
raw_gpt2_runs,rq_train_entropy_sum,gpt2_best_val_loss,159,18,159,0.21207337707410065,0.007282547222496533,0.4539602080277486,1.856961933904054e-09,0.1311717813370492,0.016566363539697107,0.21207337707410065
raw_gpt2_runs,rq_val_sids_num_l0,gpt2_best_val_loss,159,15,159,0.21037717096159692,0.007775172804437672,0.2993884737226326,0.00012624456851343936,0.12888095189690954,0.019670950171077672,0.21037717096159692
raw_gpt2_runs,rq_val_sids_num_min,gpt2_best_val_loss,159,15,159,0.21037717096159692,0.007775172804437672,0.2993884737226326,0.00012624456851343936,0.12888095189690954,0.019670950171077672,0.21037717096159692
raw_gpt2_runs,rqvae_total_loss,gpt2_best_val_loss,159,18,159,-0.1876116522081387,0.01787997392150957,-0.4729229794374157,3.081333155799964e-10,-0.1148365657284503,0.03592388434770928,0.1876116522081387
raw_gpt2_runs,rq_train_entropy_l1,gpt2_best_val_loss,159,18,159,0.17823779724483463,0.024589580952174457,0.3721231216410893,1.3662037623911457e-06,0.12186070844014783,0.026007342369062374,0.17823779724483463
raw_gpt2_runs,rq_train_sids_num_l3,gpt2_best_val_loss,159,10,159,-0.17585321751666722,0.02660691820009433,0.10149791618681367,0.20300666510174548,-0.13259317329825976,0.02329757552033255,0.17585321751666722
raw_gpt2_runs,rq_train_sids_num_max,gpt2_best_val_loss,159,10,159,-0.17585321751666722,0.02660691820009433,0.10149791618681367,0.20300666510174548,-0.13259317329825976,0.02329757552033255,0.17585321751666722
raw_gpt2_runs,rq_train_sids_num_l1,gpt2_best_val_loss,159,9,159,-0.1742284116518033,0.028061200564184253,-0.07868513444190517,0.324190630922807,-0.12357255869784549,0.03518199610123753,0.1742284116518033
raw_gpt2_runs,rq_train_sids_num_l2,gpt2_best_val_loss,159,10,159,-0.16499990725386623,0.03767057545849834,-0.01962107911826812,0.8060817805796651,-0.12479357486895036,0.0327547238482135,0.16499990725386623
raw_gpt2_runs,rq_val_entropy_std,gpt2_best_val_loss,159,18,159,0.07402205852362231,0.35377549149098453,-0.08767862102549152,0.2717767927096753,0.07138489220957722,0.19222324239834732,0.07402205852362231
raw_gpt2_runs,rq_train_entropy_std,gpt2_best_val_loss,159,18,159,-0.00692499141786675,0.9309633334820788,-0.23835845303464584,0.002481374634929421,0.01012783367733132,0.85322027625708,0.00692499141786675
raw_gpt2_runs,rq_val_entropy_mean,test_NDCG@1,159,18,31,0.5451628121818191,1.0881942054693423e-13,0.5436578213657952,1.309957387490131e-13,0.40773077016370296,2.846415253031711e-13,0.5451628121818191
raw_gpt2_runs,rq_val_entropy_sum,test_NDCG@1,159,18,31,0.5451628121818191,1.0881942054693423e-13,0.5436578213657951,1.3099573874901684e-13,0.40773077016370296,2.846415253031711e-13,0.5451628121818191
raw_gpt2_runs,rq_val_entropy_min,test_NDCG@1,159,16,31,0.542298135964345,1.5476993905463368e-13,0.5638770622347774,1.0014841237690571e-14,0.401829458735736,8.691131189838949e-13,0.542298135964345
raw_gpt2_runs,rq_val_sids_num_mean,test_NDCG@1,159,18,31,0.5419828810488364,1.6085462106271768e-13,0.5749360806299382,2.27567019443159e-15,0.4018893551183777,6.161318036318905e-13,0.5419828810488364
raw_gpt2_runs,rq_val_sids_num_sum,test_NDCG@1,159,18,31,0.5419828810488364,1.6085462106271768e-13,0.5749360806299382,2.27567019443159e-15,0.4018893551183777,6.161318036318905e-13,0.5419828810488364
raw_gpt2_runs,rq_val_sids_num_max,test_NDCG@1,159,16,31,0.5393246110701966,2.2230753181530202e-13,0.5434547077656866,1.343066738986414e-13,0.4060735573504675,4.812662961407705e-13,0.5393246110701966
raw_gpt2_runs,rq_val_sids_num_l2,test_NDCG@1,159,17,31,0.5391242249162403,2.2777025764929313e-13,0.5747959799394812,2.319601596074472e-15,0.40292528160804486,6.247248922513962e-13,0.5391242249162403
raw_gpt2_runs,rq_val_entropy_l1,test_NDCG@1,159,18,31,0.5362428358681136,3.2234907866432747e-13,0.5716784064099598,3.541456441588472e-15,0.3992189939548005,8.738415213287193e-13,0.5362428358681136
raw_gpt2_runs,rq_val_entropy_max,test_NDCG@1,159,18,31,0.5360137730322632,3.3132608036811205e-13,0.45132636180587543,2.36279765324294e-09,0.3975500182275647,1.085891971562396e-12,0.5360137730322632
raw_gpt2_runs,rq_val_sids_num_l0,test_NDCG@1,159,15,31,0.5342036706053476,4.113455116529976e-13,0.5499492074763636,5.995679928017206e-14,0.3954566484980872,2.2816232559083318e-12,0.5342036706053476
raw_gpt2_runs,rq_val_sids_num_min,test_NDCG@1,159,15,31,0.5342036706053476,4.113455116529976e-13,0.5499492074763636,5.995679928017206e-14,0.3954566484980872,2.2816232559083318e-12,0.5342036706053476
raw_gpt2_runs,rq_val_entropy_l0,test_NDCG@1,159,16,31,0.5338639115906384,4.2833072975629404e-13,0.5603447550019254,1.5892495196911573e-14,0.39577299630555535,1.8946457301950575e-12,0.5338639115906384
raw_gpt2_runs,rq_val_entropy_l3,test_NDCG@1,159,18,31,0.5337500932426824,4.3417176032166364e-13,0.4311546737468911,1.399150741844913e-08,0.3952134522094346,1.4697449413417842e-12,0.5337500932426824
raw_gpt2_runs,rq_val_sids_num_l3,test_NDCG@1,159,18,31,0.5329551104594367,4.771845596555972e-13,0.5390839791334398,2.2888303711078564e-13,0.39321068133675163,1.902495520473876e-12,0.5329551104594367
raw_gpt2_runs,rqvae_total_loss,test_NDCG@1,159,18,31,-0.5327529961925099,4.887641368560854e-13,-0.49569892685051026,3.065397671949988e-11,-0.38553339299146705,5.056957784287662e-12,0.5327529961925099
raw_gpt2_runs,rq_val_entropy_l2,test_NDCG@1,159,18,31,0.5306375335320087,6.275873272704948e-13,0.5123600942606281,5.070872335986489e-12,0.3963817352184996,1.2635942742247677e-12,0.5306375335320087
raw_gpt2_runs,rqvae_train_loss,test_NDCG@1,159,18,31,-0.5294787450682947,7.191662319479405e-13,-0.5107014749932259,6.09228495134742e-12,-0.3890382420186622,3.2438850201316667e-12,0.5294787450682947
raw_gpt2_runs,rqvae_best_val_loss,test_NDCG@1,159,15,31,-0.5271221854903686,9.47192113666046e-13,-0.5170008906039008,3.0184864432418504e-12,-0.3912900277622302,3.726123080075977e-12,0.5271221854903686
raw_gpt2_runs,rq_train_entropy_mean,test_NDCG@1,159,18,31,0.5263572025013132,1.0353020296529923e-12,0.5568295532314603,2.5027992277557106e-14,0.3850327002732963,5.386399264716916e-12,0.5263572025013132
raw_gpt2_runs,rq_train_entropy_sum,test_NDCG@1,159,18,31,0.5263572025013132,1.0353020296529923e-12,0.5568295532314604,2.5027992277556112e-14,0.3850327002732963,5.386399264716916e-12,0.5263572025013132
raw_gpt2_runs,sid_unique_total,test_NDCG@1,159,18,31,0.5260293282460764,1.0754592591184745e-12,0.5638225374531844,1.0086902944667709e-14,0.38803685658232073,3.6840822763063055e-12,0.5260293282460764
raw_gpt2_runs,sid_collisions,test_NDCG@1,159,18,31,-0.5260293282460764,1.0754592591184745e-12,-0.5638225374531844,1.0086902944667709e-14,-0.38803685658232073,3.6840822763063055e-12,0.5260293282460764
raw_gpt2_runs,sid_icr,test_NDCG@1,159,18,31,0.5260293282460764,1.0754592591184745e-12,0.5638225374531846,1.0086902944667297e-14,0.38803685658232073,3.6840822763063055e-12,0.5260293282460764
raw_gpt2_runs,sid_cur_total,test_NDCG@1,159,18,31,0.5260293282460764,1.0754592591184745e-12,0.5638225374531844,1.0086902944667709e-14,0.38803685658232073,3.6840822763063055e-12,0.5260293282460764
raw_gpt2_runs,sid_path_avg_similarity,test_NDCG@1,159,18,31,0.5246145283775883,1.2667925872225439e-12,0.5246534026190879,1.2611187702763995e-12,0.3858671881369142,4.8483893131244916e-12,0.5246145283775883
raw_gpt2_runs,rqvae_val_loss,test_NDCG@1,159,18,31,-0.5242237741281963,1.325219664508315e-12,-0.5119916543602218,5.282306418413899e-12,-0.3878699590095971,3.762934325781999e-12,0.5242237741281963
raw_gpt2_runs,rq_train_entropy_l0,test_NDCG@1,159,18,31,0.52038809448474,2.0567778704553215e-12,0.5657265506188001,7.846673819925109e-15,0.381194056100654,8.715610333985823e-12,0.52038809448474
raw_gpt2_runs,rq_train_entropy_min,test_NDCG@1,159,18,31,0.52038809448474,2.0567778704553215e-12,0.5661853670452776,7.384097845755029e-15,0.381194056100654,8.715610333985823e-12,0.52038809448474
raw_gpt2_runs,rq_train_entropy_std,test_NDCG@1,159,18,31,-0.5193999802908754,2.3013298787030022e-12,-0.5525375820357372,4.326371622603234e-14,-0.3666739672737026,5.1601020518768036e-11,0.5193999802908754
raw_gpt2_runs,rq_val_sids_num_l1,test_NDCG@1,159,15,31,0.51747225877841,2.8622978900254188e-12,0.5598632161141185,1.691796289555811e-14,0.38252162377876286,1.1095928012091527e-11,0.51747225877841
raw_gpt2_runs,rq_train_entropy_l2,test_NDCG@1,159,18,31,0.5145267807438609,3.9840239511653295e-12,0.5332634331597014,4.600321961693148e-13,0.3803595682370361,9.670880950873606e-12,0.5145267807438609
raw_gpt2_runs,rq_train_entropy_l3,test_NDCG@1,159,18,31,0.5053732501661513,1.0912280764302298e-11,0.49680039038970536,2.7297416171091508e-11,0.3700119187281742,3.448669668739029e-11,0.5053732501661513
raw_gpt2_runs,rq_train_entropy_max,test_NDCG@1,159,18,31,0.5053732501661513,1.0912280764302298e-11,0.49680039038970536,2.7297416171091508e-11,0.3700119187281742,3.448669668739029e-11,0.5053732501661513
raw_gpt2_runs,rq_train_entropy_l1,test_NDCG@1,159,18,31,0.5018250219245464,1.5998266815544282e-11,0.5639004147033867,9.984131528012166e-15,0.35398975174671066,2.3111391047726697e-10,0.5018250219245464
raw_gpt2_runs,sid_max_cluster_size,test_NDCG@1,159,18,31,-0.5011288505606872,1.7236521263484656e-11,-0.20173562188138044,0.01077255459126051,-0.3660063769828083,5.590841972136514e-11,0.5011288505606872
raw_gpt2_runs,rq_val_entropy_std,test_NDCG@1,159,18,31,-0.48957689734877874,5.796599607099642e-11,-0.5006421478487778,1.815688020880821e-11,-0.34414279495601946,7.148642782510881e-10,0.48957689734877874
raw_gpt2_runs,rq_train_sids_num_l3,test_NDCG@1,159,10,31,0.37471913732751116,1.1374137747426182e-06,0.2788950294507749,0.000371016108842962,0.2895360437258431,1.1996832918972745e-06,0.37471913732751116
raw_gpt2_runs,rq_train_sids_num_max,test_NDCG@1,159,10,31,0.37471913732751116,1.1374137747426182e-06,0.2788950294507749,0.000371016108842962,0.2895360437258431,1.1996832918972745e-06,0.37471913732751116
raw_gpt2_runs,rq_train_sids_num_l2,test_NDCG@1,159,10,31,0.3723389364322534,1.3456267687924482e-06,0.33652423068668497,1.4436860152675049e-05,0.2866900144624829,1.5247803642288132e-06,0.3723389364322534
raw_gpt2_runs,rq_train_sids_num_l1,test_NDCG@1,159,9,31,0.3669235593428273,1.962798820844571e-06,0.3275909753201498,2.496907110233357e-05,0.284906592648469,1.934832598798134e-06,0.3669235593428273
raw_gpt2_runs,rq_train_sids_num_mean,test_NDCG@1,159,16,31,0.24499285135443324,0.0018554711080565763,0.291893524282737,0.00018903936054728734,0.1884232756056204,0.000800467843315236,0.24499285135443324
raw_gpt2_runs,rq_train_sids_num_sum,test_NDCG@1,159,16,31,0.24499285135443324,0.0018554711080565763,0.291893524282737,0.00018903936054728734,0.1884232756056204,0.000800467843315236,0.24499285135443324
raw_gpt2_runs,rq_train_sids_num_l0,test_NDCG@1,159,16,31,0.23723336493062308,0.0026047533654653078,0.15891758224408703,0.045414279269853815,0.1830397534454598,0.0011265855069919626,0.23723336493062308
raw_gpt2_runs,rq_train_sids_num_min,test_NDCG@1,159,16,31,0.23723336493062308,0.0026047533654653078,0.15891758224408703,0.045414279269853815,0.1830397534454598,0.0011265855069919626,0.23723336493062308
raw_gpt2_runs,rq_train_sids_num_std,test_NDCG@1,159,16,31,-0.11708952557204572,0.14160126500304282,-0.006194228675144189,0.9382331755049294,-0.08546341429254925,0.12834555330944258,0.11708952557204572
raw_gpt2_runs,rq_val_sids_num_std,test_NDCG@1,159,17,31,0.05360301874909594,0.5021836083650949,0.10977201568211521,0.16838326421365207,0.0472256564478257,0.39905999065783826,0.05360301874909594
raw_gpt2_runs,rq_val_entropy_min,test_NDCG@10,159,16,157,0.7319774243794545,5.9358554183183425e-28,0.6781388978187394,9.328151618206976e-23,0.5509399686403474,1.5406816693808923e-23,0.7319774243794545
raw_gpt2_runs,rqvae_total_loss,test_NDCG@10,159,18,157,-0.731813211138839,6.183399728711712e-28,-0.6058815251708588,2.6395783869928557e-17,-0.5353689515961931,1.388830247013802e-22,0.731813211138839
raw_gpt2_runs,rq_val_entropy_mean,test_NDCG@10,159,18,157,0.7278304321636221,1.6505162021628744e-27,0.659634423751697,3.230175288329524e-21,0.5454979949281931,2.1954042637512332e-23,0.7278304321636221
raw_gpt2_runs,rq_val_entropy_sum,test_NDCG@10,159,18,157,0.7278304321636221,1.6505162021628744e-27,0.6596344237516969,3.230175288329524e-21,0.5454979949281931,2.1954042637512332e-23,0.7278304321636221
raw_gpt2_runs,rq_val_sids_num_mean,test_NDCG@10,159,18,157,0.7277227894886164,1.6944910422899367e-27,0.679331854855809,7.356720880190902e-23,0.5445177649283222,2.628373621999234e-23,0.7277227894886164
raw_gpt2_runs,rq_val_sids_num_sum,test_NDCG@10,159,18,157,0.7277227894886164,1.6944910422899367e-27,0.679331854855809,7.356720880190902e-23,0.5445177649283222,2.628373621999234e-23,0.7277227894886164
raw_gpt2_runs,rq_val_sids_num_l2,test_NDCG@10,159,17,157,0.7275548626333789,1.7654004934495426e-27,0.6808311960765141,5.450030038338191e-23,0.5484242478775417,1.7048491710977407e-23,0.7275548626333789
raw_gpt2_runs,rq_val_sids_num_l0,test_NDCG@10,159,15,157,0.7268234079704418,2.1097901718972217e-27,0.638440293623488,1.3938948016549905e-19,0.5436781742477084,7.671029153171174e-23,0.7268234079704418
raw_gpt2_runs,rq_val_sids_num_min,test_NDCG@10,159,15,157,0.7268234079704418,2.1097901718972217e-27,0.638440293623488,1.3938948016549905e-19,0.5436781742477084,7.671029153171174e-23,0.7268234079704418
raw_gpt2_runs,rqvae_best_val_loss,test_NDCG@10,159,15,157,-0.7266665361122812,2.191822745361765e-27,-0.6355741722242887,2.2678940553017457e-19,-0.5439578418177753,6.795488811989084e-23,0.7266665361122812
raw_gpt2_runs,rq_val_entropy_l0,test_NDCG@10,159,16,157,0.7258863717667016,2.6486392553741353e-27,0.676491851417737,1.2922905021139491e-22,0.5459995414817134,3.7945769566481753e-23,0.7258863717667016
raw_gpt2_runs,rq_val_sids_num_max,test_NDCG@10,159,16,157,0.7245313197571855,3.67412248357686e-27,0.659518928448902,3.2998474454033297e-21,0.5456197736913435,3.78691063188445e-23,0.7245313197571855
raw_gpt2_runs,rq_train_entropy_mean,test_NDCG@10,159,18,157,0.7237310402904821,4.45345826466839e-27,0.6728845489776697,2.619559600345785e-22,0.5340619782630318,1.75771765952233e-22,0.7237310402904821
raw_gpt2_runs,rq_train_entropy_sum,test_NDCG@10,159,18,157,0.7237310402904821,4.45345826466839e-27,0.6728845489776698,2.619559600345785e-22,0.5340619782630318,1.75771765952233e-22,0.7237310402904821
raw_gpt2_runs,rqvae_val_loss,test_NDCG@10,159,18,157,-0.7235785465008904,4.619377222152235e-27,-0.6309954643039434,4.883893067284234e-19,-0.5347154649296124,1.5625350698063372e-22,0.7235785465008904
raw_gpt2_runs,sid_path_avg_similarity,test_NDCG@10,159,18,157,0.7229865117883582,5.323019529129356e-27,0.6430463197552356,6.306744352313763e-20,0.532264889929935,2.427791707933774e-22,0.7229865117883582
raw_gpt2_runs,rq_val_entropy_l3,test_NDCG@10,159,18,157,0.7219369957070509,6.837881552804423e-27,0.5402387770962649,1.98961455917377e-13,0.5405968449288383,5.3826806501596e-23,0.7219369957070509
raw_gpt2_runs,rqvae_train_loss,test_NDCG@10,159,18,157,-0.7217486210257907,7.151390026538667e-27,-0.6247622535924148,1.3598121691092626e-18,-0.5338986065963867,1.8101700675056248e-22,0.7217486210257907
raw_gpt2_runs,rq_val_sids_num_l3,test_NDCG@10,159,18,157,0.7213449609945187,7.871466414272683e-27,0.6551468419660408,7.351104346067798e-21,0.5361858099294189,1.1983598552197562e-22,0.7213449609945187
raw_gpt2_runs,rq_train_entropy_l0,test_NDCG@10,159,18,157,0.7211476160903413,8.248948746900836e-27,0.681654483473254,4.618798661918192e-23,0.5350422082629028,1.4731505359091252e-22,0.7211476160903413
raw_gpt2_runs,rq_train_entropy_min,test_NDCG@10,159,18,157,0.7211476160903413,8.248948746900836e-27,0.6819201552762122,4.378109986485219e-23,0.5350422082629028,1.4731505359091252e-22,0.7211476160903413
raw_gpt2_runs,rq_val_entropy_max,test_NDCG@10,159,18,157,0.7209682116319982,8.607499844429967e-27,0.5636081170117715,1.0375220180235095e-14,0.5394532432623221,6.627996300601125e-23,0.7209682116319982
raw_gpt2_runs,sid_unique_total,test_NDCG@10,159,18,157,0.7194881248506675,1.2211660023981081e-26,0.6814827602534386,4.78122545972279e-23,0.5289974565970318,4.355589307634565e-22,0.7194881248506675
raw_gpt2_runs,sid_collisions,test_NDCG@10,159,18,157,-0.7194881248506675,1.2211660023981081e-26,-0.6814827602534386,4.78122545972279e-23,-0.5289974565970318,4.355589307634565e-22,0.7194881248506675
raw_gpt2_runs,sid_icr,test_NDCG@10,159,18,157,0.7194881248506675,1.2211660023981081e-26,0.6814827602534387,4.781225459722619e-23,0.5289974565970318,4.355589307634565e-22,0.7194881248506675
raw_gpt2_runs,sid_cur_total,test_NDCG@10,159,18,157,0.7194881248506675,1.2211660023981081e-26,0.6814827602534386,4.78122545972279e-23,0.5289974565970318,4.355589307634565e-22,0.7194881248506675
raw_gpt2_runs,rq_train_entropy_std,test_NDCG@10,159,18,157,-0.7190844648193955,1.3428642490119735e-26,-0.6453600264427104,4.212761604726407e-20,-0.5165812099319996,3.887388166305169e-21,0.7190844648193955
raw_gpt2_runs,rq_val_entropy_l1,test_NDCG@10,159,18,157,0.7158820952379709,2.836617026893328e-26,0.6812777202349912,4.982510236649138e-23,0.5265468815973544,6.736256567056279e-22,0.7158820952379709
raw_gpt2_runs,rq_val_entropy_l2,test_NDCG@10,159,18,157,0.7148325791566638,3.616315306294783e-26,0.625926990043718,1.1249655403318196e-18,0.5291608282636769,4.230498233022459e-22,0.7148325791566638
raw_gpt2_runs,sid_max_cluster_size,test_NDCG@10,159,18,157,-0.7100963014564057,1.067505381097825e-25,-0.2739516008114189,0.000475424747380567,-0.5164178382653545,3.999618838707057e-21,0.7100963014564057
raw_gpt2_runs,rq_val_sids_num_l1,test_NDCG@10,159,15,157,0.7089032968089777,1.3973268258923527e-25,0.654460516221347,8.326029328056639e-21,0.5191987229366749,5.328714605039021e-21,0.7089032968089777
raw_gpt2_runs,rq_train_entropy_l1,test_NDCG@10,159,18,157,0.7078537457271167,1.7688028381663676e-25,0.6729180326908426,2.6025540170864017e-22,0.49730335326787056,1.0515085250200141e-19,0.7078537457271167
raw_gpt2_runs,rq_train_entropy_l2,test_NDCG@10,159,18,157,0.7074769963645964,1.924509675572465e-25,0.647014910484297,3.1499233957255587e-20,0.5146207499322577,5.466806875077419e-21,0.7074769963645964
raw_gpt2_runs,rq_train_entropy_l3,test_NDCG@10,159,18,157,0.6993589446245706,1.148055315988992e-24,0.616166927113244,5.377629264674117e-18,0.5059620516000641,2.4274219105964144e-20,0.6993589446245706
raw_gpt2_runs,rq_train_entropy_max,test_NDCG@10,159,18,157,0.6993589446245706,1.148055315988992e-24,0.616166927113244,5.377629264674117e-18,0.5059620516000641,2.4274219105964144e-20,0.6993589446245706
raw_gpt2_runs,rq_val_entropy_std,test_NDCG@10,159,18,157,-0.671300087339708,3.5616715174654006e-22,-0.5743560515174396,2.4629935723047892e-15,-0.4749214349374835,4.147497296108178e-18,0.671300087339708
raw_gpt2_runs,rq_train_sids_num_l3,test_NDCG@10,159,10,157,0.5259050666421,1.0910706727632183e-12,0.3399959513848578,1.1614464205591173e-05,0.4048846525226098,4.319417632629513e-12,0.5259050666421
raw_gpt2_runs,rq_train_sids_num_max,test_NDCG@10,159,10,157,0.5259050666421,1.0910706727632183e-12,0.3399959513848578,1.1614464205591173e-05,0.4048846525226098,4.319417632629513e-12,0.5259050666421
raw_gpt2_runs,rq_train_sids_num_l2,test_NDCG@10,159,10,157,0.5213518173447486,1.842673447663886e-12,0.3874270013703273,4.5310469158170795e-07,0.3993128453778032,8.432503100182708e-12,0.5213518173447486
raw_gpt2_runs,rq_train_sids_num_l1,test_NDCG@10,159,9,157,0.515742854094048,3.476956232324487e-12,0.37042210561547795,1.539207927024072e-06,0.39445340979204996,1.785573817455743e-11,0.515742854094048
raw_gpt2_runs,rq_train_sids_num_mean,test_NDCG@10,159,16,157,0.3425678063468852,9.8691584895775e-06,0.3295817585049723,2.2131893776225097e-05,0.2696649824087786,9.875363325259435e-07,0.3425678063468852
raw_gpt2_runs,rq_train_sids_num_sum,test_NDCG@10,159,16,157,0.3425678063468852,9.8691584895775e-06,0.3295817585049723,2.2131893776225097e-05,0.2696649824087786,9.875363325259435e-07,0.3425678063468852
raw_gpt2_runs,rq_train_sids_num_l0,test_NDCG@10,159,16,157,0.3391449581972409,1.2253539608029812e-05,0.1607317587704997,0.042976568811011695,0.2680181733559006,1.1491005094987686e-06,0.3391449581972409
raw_gpt2_runs,rq_train_sids_num_min,test_NDCG@10,159,16,157,0.3391449581972409,1.2253539608029812e-05,0.1607317587704997,0.042976568811011695,0.2680181733559006,1.1491005094987686e-06,0.3391449581972409
raw_gpt2_runs,rq_train_sids_num_std,test_NDCG@10,159,16,157,-0.1528557738638417,0.05441108373620527,0.03204965542933818,0.6883868778832961,-0.11124195152191145,0.04349635634225922,0.1528557738638417
raw_gpt2_runs,rq_val_sids_num_std,test_NDCG@10,159,17,157,0.10759825902755571,0.17702243115761604,0.18330362667673603,0.02073555376204089,0.08598072575452717,0.11734033852702727,0.10759825902755571
raw_gpt2_runs,rq_val_entropy_min,test_NDCG@20,159,16,157,0.7800275643489368,8.787290040916353e-34,0.7070148134667733,2.1339795534278405e-25,0.5954038130680545,3.2282160291247366e-27,0.7800275643489368
raw_gpt2_runs,rq_val_entropy_mean,test_NDCG@20,159,18,157,0.7782475700694946,1.5327741559037243e-33,0.6911561995738847,6.572186512219088e-24,0.5927124065886448,2.587256401385389e-27,0.7782475700694946
raw_gpt2_runs,rq_val_entropy_sum,test_NDCG@20,159,18,157,0.7782475700694946,1.5327741559037243e-33,0.6911561995738847,6.572186512219088e-24,0.5927124065886448,2.587256401385389e-27,0.7782475700694946
raw_gpt2_runs,rqvae_total_loss,test_NDCG@20,159,18,157,-0.778211689177826,1.549978750059765e-33,-0.6357221194556497,2.2118979060530293e-19,-0.5793159299237415,3.631501083522081e-26,0.778211689177826
raw_gpt2_runs,rq_val_sids_num_mean,test_NDCG@20,159,18,157,0.7767674832881639,2.424890956344628e-33,0.7049908587853077,3.3470251503446034e-25,0.5904252032556124,4.078837954714629e-27,0.7767674832881639
raw_gpt2_runs,rq_val_sids_num_sum,test_NDCG@20,159,18,157,0.7767674832881639,2.424890956344628e-33,0.7049908587853077,3.3470251503446034e-25,0.5904252032556124,4.078837954714629e-27,0.7767674832881639
raw_gpt2_runs,rq_val_sids_num_l2,test_NDCG@20,159,17,157,0.775778197141871,3.288494532347284e-33,0.7065094509537074,2.388650829703308e-25,0.5921932731901419,4.0047936491418896e-27,0.775778197141871
raw_gpt2_runs,rq_val_entropy_l0,test_NDCG@20,159,16,157,0.7751493319466878,3.987949013324409e-33,0.7059351845347097,2.7143436898912044e-25,0.5921101949622984,6.1812722853785716e-27,0.7751493319466878
raw_gpt2_runs,rqvae_best_val_loss,test_NDCG@20,159,15,157,-0.7749022215952277,4.301160733023033e-33,-0.66825473331173,6.394427113795314e-22,-0.5872037694634306,2.0696089195523666e-26,0.7749022215952277
raw_gpt2_runs,rq_val_sids_num_l0,test_NDCG@20,159,15,157,0.7740908845755514,5.509390145366278e-33,0.6602210177875446,2.897961367422584e-21,0.5884613916401489,1.7605765704017446e-26,0.7740908845755514
raw_gpt2_runs,rq_val_sids_num_min,test_NDCG@20,159,15,157,0.7740908845755514,5.509390145366278e-33,0.6602210177875446,2.897961367422584e-21,0.5884613916401489,1.7605765704017446e-26,0.7740908845755514
raw_gpt2_runs,sid_path_avg_similarity,test_NDCG@20,159,18,157,0.7733498283567277,6.901089359057321e-33,0.6760980671999305,1.3965946450551548e-22,0.577845584923935,4.835408093421636e-26,0.7733498283567277
raw_gpt2_runs,rq_train_entropy_mean,test_NDCG@20,159,18,157,0.7726860318608583,8.437616726693868e-33,0.7016457303527077,6.984221672917592e-25,0.5773554699239996,5.318793150145863e-26,0.7726860318608583
raw_gpt2_runs,rq_train_entropy_sum,test_NDCG@20,159,18,157,0.7726860318608583,8.437616726693868e-33,0.7016457303527077,6.984221672917592e-25,0.5773554699239996,5.318793150145863e-26,0.7726860318608583
raw_gpt2_runs,rq_val_entropy_l3,test_NDCG@20,159,18,157,0.7712238855253619,1.310634491647563e-32,0.5739309909884736,2.609731734656282e-15,0.5842170799230963,1.391083252582926e-26,0.7712238855253619
raw_gpt2_runs,rq_val_entropy_max,test_NDCG@20,159,18,157,0.7707394934878355,1.5154151752821066e-32,0.597151653485666,9.743255154587274e-17,0.5834002215898705,1.633233587270842e-26,0.7707394934878355
raw_gpt2_runs,rqvae_train_loss,test_NDCG@20,159,18,157,-0.7705780294753267,1.590427690373168e-32,-0.6570021896727057,5.241297373273785e-21,-0.5781723282572253,4.5376115714508714e-26,0.7705780294753267
raw_gpt2_runs,rqvae_val_loss,test_NDCG@20,159,18,157,-0.7702281907815577,1.7656993693533994e-32,-0.6636851332655002,1.5190885277261935e-21,-0.5753950099242575,7.7801487048529e-26,0.7702281907815577
raw_gpt2_runs,sid_unique_total,test_NDCG@20,159,18,157,0.7700936374378001,1.838052877887077e-32,0.7099213443724498,1.1105927192292662e-25,0.5739246649244512,1.0339670090722478e-25,0.7700936374378001
raw_gpt2_runs,sid_collisions,test_NDCG@20,159,18,157,-0.7700936374378001,1.838052877887077e-32,-0.7099213443724498,1.1105927192292662e-25,-0.5739246649244512,1.0339670090722478e-25,0.7700936374378001
raw_gpt2_runs,sid_icr,test_NDCG@20,159,18,157,0.7700936374378001,1.838052877887077e-32,0.70992134437245,1.1105927192291798e-25,0.5739246649244512,1.0339670090722478e-25,0.7700936374378001
raw_gpt2_runs,sid_cur_total,test_NDCG@20,159,18,157,0.7700936374378001,1.838052877887077e-32,0.7099213443724498,1.1105927192292662e-25,0.5739246649244512,1.0339670090722478e-25,0.7700936374378001
raw_gpt2_runs,rq_train_entropy_l0,test_NDCG@20,159,18,157,0.7696451262919426,2.100921732358671e-32,0.7100449486152943,1.0799792378453829e-25,0.5783356999238705,4.3956049829598405e-26,0.7696451262919426
raw_gpt2_runs,rq_train_entropy_min,test_NDCG@20,159,18,157,0.7696451262919426,2.100921732358671e-32,0.7102515096399455,1.0306576757343461e-25,0.5783356999238705,4.3956049829598405e-26,0.7696451262919426
raw_gpt2_runs,rq_val_sids_num_max,test_NDCG@20,159,16,157,0.7694000427041291,2.2598318410511593e-32,0.6900766237628054,8.233108150502849e-24,0.5850978399216488,2.24487889336312e-26,0.7694000427041291
raw_gpt2_runs,rq_val_sids_num_l3,test_NDCG@20,159,18,157,0.7676985879189199,3.7397281087240155e-32,0.6861557055860648,1.8509423003904717e-23,0.5765386115907738,6.23308471832396e-26,0.7676985879189199
raw_gpt2_runs,rq_val_entropy_l2,test_NDCG@20,159,18,157,0.7654919130812994,7.141641792068421e-32,0.6590668778830415,3.586979621467415e-21,0.5753950099242575,7.7801487048529e-26,0.7654919130812994
raw_gpt2_runs,rq_val_entropy_l1,test_NDCG@20,159,18,157,0.7652766277312878,7.60402253790541e-32,0.7084663885088753,1.5416030859662103e-25,0.5682066565918705,3.1038847094245136e-25,0.7652766277312878
raw_gpt2_runs,rq_train_entropy_l2,test_NDCG@20,159,18,157,0.7572662186662679,7.49052363312529e-31,0.6770831196311757,1.149862669302326e-22,0.5572607549266447,2.4699386359821177e-24,0.7572662186662679
raw_gpt2_runs,rq_val_sids_num_l1,test_NDCG@20,159,15,157,0.7551038919013332,1.368064017082789e-30,0.6762294770324554,1.3609016117915651e-22,0.5543566717478374,1.0251630898399748e-23,0.7551038919013332
raw_gpt2_runs,sid_max_cluster_size,test_NDCG@20,159,18,157,-0.7547276455807129,1.518260365208104e-30,-0.3029474108854175,0.00010381586700955141,-0.5505625165941931,8.618384982437648e-24,0.7547276455807129
raw_gpt2_runs,rq_train_entropy_std,test_NDCG@20,159,18,157,-0.7520634893743178,3.1576298799498076e-30,-0.6649154524975739,1.2051952796655515e-21,-0.5526863482605803,5.808112347976828e-24,0.7520634893743178
raw_gpt2_runs,rq_train_entropy_l1,test_NDCG@20,159,18,157,0.7502335638992179,5.193586853302431e-30,0.6975819058614166,1.6838000972640733e-24,0.531121288263419,2.980080841846242e-22,0.7502335638992179
raw_gpt2_runs,rq_train_entropy_l3,test_NDCG@20,159,18,157,0.7500990105554606,5.386214304176948e-30,0.6480217285198983,2.636929335725156e-20,0.5479485699278706,1.3979115894533522e-23,0.7500990105554606
raw_gpt2_runs,rq_train_entropy_max,test_NDCG@20,159,18,157,0.7500990105554606,5.386214304176948e-30,0.6480217285198983,2.636929335725156e-20,0.5479485699278706,1.3979115894533522e-23,0.7500990105554606
raw_gpt2_runs,rq_val_entropy_std,test_NDCG@20,159,18,157,-0.6943311346795048,3.3684532221333896e-24,-0.5863176012270431,4.667525757696198e-16,-0.4966498666012899,1.1733491237362666e-19,0.6943311346795048
raw_gpt2_runs,rq_train_sids_num_l3,test_NDCG@20,159,10,157,0.5377606968880341,2.6856596942772096e-13,0.34642210480398006,7.71117016162219e-06,0.424014523719779,4.0593253451573603e-13,0.5377606968880341
raw_gpt2_runs,rq_train_sids_num_max,test_NDCG@20,159,10,157,0.5377606968880341,2.6856596942772096e-13,0.34642210480398006,7.71117016162219e-06,0.424014523719779,4.0593253451573603e-13,0.5377606968880341
raw_gpt2_runs,rq_train_sids_num_l2,test_NDCG@20,159,10,157,0.5337801833513557,4.326200816840171e-13,0.39021804108459923,3.68239028255765e-07,0.4173283551460111,9.388332851990415e-13,0.5337801833513557
raw_gpt2_runs,rq_train_sids_num_l1,test_NDCG@20,159,9,157,0.5293394159283111,7.310158208869978e-13,0.37113909447241444,1.4638846853701497e-06,0.412175364831182,2.1469284938155894e-12,0.5293394159283111
raw_gpt2_runs,rq_train_sids_num_mean,test_NDCG@20,159,16,157,0.3429181766299197,9.651556699870358e-06,0.32821172669024,2.4049581414484106e-05,0.2805339221577737,3.5549575743056595e-07,0.3429181766299197
raw_gpt2_runs,rq_train_sids_num_sum,test_NDCG@20,159,16,157,0.3429181766299197,9.651556699870358e-06,0.32821172669024,2.4049581414484106e-05,0.2805339221577737,3.5549575743056595e-07,0.3429181766299197
raw_gpt2_runs,rq_train_sids_num_l0,test_NDCG@20,159,16,157,0.33669236621599963,1.4286421635662628e-05,0.14997607482900174,0.05917493347530584,0.27756966586259324,4.7148714168820813e-07,0.33669236621599963
raw_gpt2_runs,rq_train_sids_num_min,test_NDCG@20,159,16,157,0.33669236621599963,1.4286421635662628e-05,0.14997607482900174,0.05917493347530584,0.27756966586259324,4.7148714168820813e-07,0.33669236621599963
raw_gpt2_runs,rq_train_sids_num_std,test_NDCG@20,159,16,157,-0.13493298630861736,0.0899276126910308,0.04996202181019704,0.5316973598504953,-0.09510322280370666,0.08434508562556478,0.13493298630861736
raw_gpt2_runs,rq_val_sids_num_std,test_NDCG@20,159,17,157,0.1257728825860326,0.11417514159466648,0.2048059581783808,0.009607671399529723,0.10434076633509351,0.05737521966693494,0.1257728825860326
raw_gpt2_runs,rq_val_sids_num_max,test_NDCG@5,159,16,156,0.6722927384605095,2.9387349369130893e-22,0.6275261846050505,8.660059468565257e-19,0.5039411311807921,5.581496504362592e-20,0.6722927384605095
raw_gpt2_runs,rq_val_entropy_min,test_NDCG@5,159,16,156,0.671422261586069,3.478524075767108e-22,0.6463081276679564,3.567158109088204e-20,0.5009792609007326,9.737811207898748e-20,0.671422261586069
raw_gpt2_runs,rq_val_sids_num_l2,test_NDCG@5,159,17,156,0.6697376217776119,4.813085384708953e-22,0.6513963485852635,1.44613124414811e-20,0.5006588979475891,7.61393977829094e-20,0.6697376217776119
raw_gpt2_runs,rq_val_entropy_mean,test_NDCG@5,159,18,156,0.6696814619282977,4.865293784112941e-22,0.6271954152836553,9.142710767823762e-19,0.49773160014069434,9.817124353328721e-20,0.6696814619282977
raw_gpt2_runs,rq_val_entropy_sum,test_NDCG@5,159,18,156,0.6696814619282977,4.865293784112941e-22,0.6271954152836552,9.142710767824108e-19,0.49773160014069434,9.817124353328721e-20,0.6696814619282977
raw_gpt2_runs,rq_val_sids_num_mean,test_NDCG@5,159,18,156,0.6684704809306509,6.136139488690386e-22,0.6508624674410025,1.5911159224591064e-20,0.49609781842350836,1.2912239213281623e-19,0.6684704809306509
raw_gpt2_runs,rq_val_sids_num_sum,test_NDCG@5,159,18,156,0.6684704809306509,6.136139488690386e-22,0.6508624674410025,1.5911159224591064e-20,0.49609781842350836,1.2912239213281623e-19,0.6684704809306509
raw_gpt2_runs,rqvae_total_loss,test_NDCG@5,159,18,156,-0.6684435702418142,6.167789569461107e-22,-0.5718379770077751,3.4659549143173866e-15,-0.48498810274664406,8.13169547161278e-19,0.6684435702418142
raw_gpt2_runs,rq_train_entropy_std,test_NDCG@5,159,18,156,-0.6680354247944592,6.667887809008351e-22,-0.6234059634371698,1.6940496950382542e-18,-0.47273473986774955,5.903879135799167e-18,0.6680354247944592
raw_gpt2_runs,rqvae_val_loss,test_NDCG@5,159,18,156,-0.6676766156099713,7.140194986124074e-22,-0.5994089590000806,6.977532150810639e-17,-0.49250349864569937,2.3523059492989416e-19,0.6676766156099713
raw_gpt2_runs,rq_val_entropy_l0,test_NDCG@5,159,16,156,0.6666114044937601,8.743874411467031e-22,0.6444784717965036,4.9148763119977427e-20,0.4957092621009879,2.336696222820471e-19,0.6666114044937601
raw_gpt2_runs,rq_val_sids_num_l0,test_NDCG@5,159,15,156,0.6664777602702145,8.968469262389169e-22,0.6156666097990425,5.81816836553249e-18,0.494039701686153,3.8899287093940313e-19,0.6664777602702145
raw_gpt2_runs,rq_val_sids_num_min,test_NDCG@5,159,15,156,0.6664777602702145,8.968469262389169e-22,0.6156666097990425,5.81816836553249e-18,0.494039701686153,3.8899287093940313e-19,0.6664777602702145
raw_gpt2_runs,rqvae_best_val_loss,test_NDCG@5,159,15,156,-0.665827713823646,1.0144055625263888e-21,-0.6035783942961288,3.7398233169558444e-17,-0.49553222934304236,2.871076364566396e-19,0.665827713823646
raw_gpt2_runs,rq_val_sids_num_l3,test_NDCG@5,159,18,156,0.6628865129970573,1.7643399990699316e-21,0.6229274952709691,1.8301506373801806e-18,0.48613174994867425,6.7410669066261015e-19,0.6628865129970573
raw_gpt2_runs,rq_val_entropy_l3,test_NDCG@5,159,18,156,0.6628730576526389,1.7687876535478103e-21,0.511334819055507,5.680655373743572e-12,0.4915232296153878,2.768318339070639e-19,0.6628730576526389
raw_gpt2_runs,rq_val_entropy_max,test_NDCG@5,159,18,156,0.6621195583652143,2.0361851340885865e-21,0.5332494624747026,4.607962666394961e-13,0.49234012047398074,2.417076525866319e-19,0.6621195583652143
raw_gpt2_runs,sid_path_avg_similarity,test_NDCG@5,159,18,156,0.660841300645476,2.583076884231942e-21,0.6116548059498303,1.0884230215333325e-17,0.4838444555446139,9.804971316647805e-19,0.660841300645476
raw_gpt2_runs,rq_train_entropy_l0,test_NDCG@5,159,18,156,0.6605004319202125,2.7517201011017716e-21,0.6505797307678439,1.6735663638460365e-20,0.48466134640320685,8.578647981418808e-19,0.6605004319202125
raw_gpt2_runs,rq_train_entropy_min,test_NDCG@5,159,18,156,0.6605004319202125,2.7517201011017716e-21,0.6508618459431905,1.59129272461802e-20,0.48466134640320685,8.578647981418808e-19,0.6605004319202125
raw_gpt2_runs,rq_train_entropy_mean,test_NDCG@5,159,18,156,0.6599487627990621,3.0477665252774835e-21,0.6396872676617779,1.1260603663819154e-19,0.483027564686021,1.1204133596138603e-18,0.6599487627990621
raw_gpt2_runs,rq_train_entropy_sum,test_NDCG@5,159,18,156,0.6599487627990621,3.0477665252774835e-21,0.6396872676617779,1.1260603663819154e-19,0.483027564686021,1.1204133596138603e-18,0.6599487627990621
raw_gpt2_runs,rqvae_train_loss,test_NDCG@5,159,18,156,-0.6597379624031755,3.16894205068742e-21,-0.5928088450515742,1.8386378269708312e-16,-0.4844979682314883,8.811137646713646e-19,0.6597379624031755
raw_gpt2_runs,rq_val_entropy_l2,test_NDCG@5,159,18,156,0.6589710077713326,3.650947317564538e-21,0.592956356635255,1.7996841778720035e-16,0.4843345900597697,9.049848378586859e-19,0.6589710077713326
raw_gpt2_runs,rq_val_entropy_l1,test_NDCG@5,159,18,156,0.6583520619280908,4.09165886505612e-21,0.6500008576974755,1.8556349585662847e-20,0.4823740519991465,1.2463931713421924e-18,0.6583520619280908
raw_gpt2_runs,sid_unique_total,test_NDCG@5,159,18,156,0.6573967324743918,4.876003197119479e-21,0.6496733554930003,1.9670868536659726e-20,0.48057689211024207,1.6695560100257864e-18,0.6573967324743918
raw_gpt2_runs,sid_collisions,test_NDCG@5,159,18,156,-0.6573967324743918,4.876003197119479e-21,-0.6496733554930003,1.9670868536659726e-20,-0.48057689211024207,1.6695560100257864e-18,0.6573967324743918
raw_gpt2_runs,sid_icr,test_NDCG@5,159,18,156,0.6573967324743918,4.876003197119479e-21,0.6496733554930003,1.9670868536659726e-20,0.48057689211024207,1.6695560100257864e-18,0.6573967324743918
raw_gpt2_runs,sid_cur_total,test_NDCG@5,159,18,156,0.6573967324743918,4.876003197119479e-21,0.6496733554930003,1.9670868536659726e-20,0.48057689211024207,1.6695560100257864e-18,0.6573967324743918
raw_gpt2_runs,sid_max_cluster_size,test_NDCG@5,159,18,156,-0.6508439797426806,1.596383488944735e-20,-0.2584348898442054,0.0010051343668882012,-0.470937579978845,7.863290144591431e-18,0.6508439797426806
raw_gpt2_runs,rq_train_entropy_l2,test_NDCG@5,159,18,156,0.6488884696872214,2.26154433817315e-20,0.6127496642843347,9.182198718086593e-18,0.4720812271808752,6.553172405170196e-18,0.6488884696872214
raw_gpt2_runs,rq_val_sids_num_l1,test_NDCG@5,159,15,156,0.647983596683331,2.6547747489526896e-20,0.6286261297000632,7.227544128025327e-19,0.47011185515289294,1.6917609319330146e-17,0.647983596683331
raw_gpt2_runs,rq_train_entropy_l1,test_NDCG@5,159,18,156,0.6432865612944033,6.048941490272225e-20,0.6414475451271511,8.31803473653402e-20,0.4475745014230862,2.962376289697431e-16,0.6432865612944033
raw_gpt2_runs,rq_train_entropy_l3,test_NDCG@5,159,18,156,0.6353434229728016,2.358009058283057e-19,0.5809488923433833,9.930288944259987e-16,0.45231246840292544,1.4399001384378727e-16,0.6353434229728016
raw_gpt2_runs,rq_train_entropy_max,test_NDCG@5,159,18,156,0.6353434229728016,2.358009058283057e-19,0.5809488923433833,9.930288944259987e-16,0.45231246840292544,1.4399001384378727e-16,0.6353434229728016
raw_gpt2_runs,rq_val_entropy_std,test_NDCG@5,159,18,156,-0.6236372733288823,1.631852556271042e-18,-0.5534420895875475,3.8575626768683235e-14,-0.4382619456351263,1.1970296718889822e-15,0.6236372733288823
raw_gpt2_runs,rq_train_sids_num_l3,test_NDCG@5,159,10,156,0.4909327556697996,5.0392559512344256e-11,0.3177336304131907,4.48184994429338e-05,0.37323307591638805,1.7183758749659494e-10,0.4909327556697996
raw_gpt2_runs,rq_train_sids_num_max,test_NDCG@5,159,10,156,0.4909327556697996,5.0392559512344256e-11,0.3177336304131907,4.48184994429338e-05,0.37323307591638805,1.7183758749659494e-10,0.4909327556697996
raw_gpt2_runs,rq_train_sids_num_l2,test_NDCG@5,159,10,156,0.48171170304071415,1.2903307417415626e-10,0.3710139325794079,1.4767755864564624e-06,0.36468929811486833,4.419114755758767e-10,0.48171170304071415
raw_gpt2_runs,rq_train_sids_num_l1,test_NDCG@5,159,9,156,0.47875741123606735,1.733702914902335e-10,0.35879762377208957,3.414743860721674e-06,0.3641540385057326,5.437224209122935e-10,0.47875741123606735
raw_gpt2_runs,rq_train_sids_num_l0,test_NDCG@5,159,16,156,0.319111203263037,4.135053450913779e-05,0.1608494572424896,0.04282227573845428,0.2490074432879381,6.212640818603153e-06,0.319111203263037
raw_gpt2_runs,rq_train_sids_num_min,test_NDCG@5,159,16,156,0.319111203263037,4.135053450913779e-05,0.1608494572424896,0.04282227573845428,0.2490074432879381,6.212640818603153e-06,0.319111203263037
raw_gpt2_runs,rq_train_sids_num_mean,test_NDCG@5,159,16,156,0.31745368107156924,4.555586768526211e-05,0.3180488182702762,4.40017364033623e-05,0.24736056866301792,7.15137389886347e-06,0.31745368107156924
raw_gpt2_runs,rq_train_sids_num_sum,test_NDCG@5,159,16,156,0.31745368107156924,4.555586768526211e-05,0.3180488182702762,4.40017364033623e-05,0.24736056866301792,7.15137389886347e-06,0.31745368107156924
raw_gpt2_runs,rq_train_sids_num_std,test_NDCG@5,159,16,156,-0.1521596387907281,0.05553262229858618,0.017970569546702952,0.8221111456423086,-0.1129755992695275,0.040335526005392384,0.1521596387907281
raw_gpt2_runs,rq_val_sids_num_std,test_NDCG@5,159,17,156,0.09129277291821289,0.25243008383476817,0.16105119335620594,0.04255889503917087,0.07278734469179095,0.18494491091222076,0.09129277291821289
raw_gpt2_runs,rq_val_entropy_mean,test_Recall@1,159,18,31,0.5451628121818191,1.0881942054693423e-13,0.5436578213657952,1.309957387490131e-13,0.40773077016370296,2.846415253031711e-13,0.5451628121818191
raw_gpt2_runs,rq_val_entropy_sum,test_Recall@1,159,18,31,0.5451628121818191,1.0881942054693423e-13,0.5436578213657951,1.3099573874901684e-13,0.40773077016370296,2.846415253031711e-13,0.5451628121818191
raw_gpt2_runs,rq_val_entropy_min,test_Recall@1,159,16,31,0.542298135964345,1.5476993905463368e-13,0.5638770622347774,1.0014841237690571e-14,0.401829458735736,8.691131189838949e-13,0.542298135964345
raw_gpt2_runs,rq_val_sids_num_mean,test_Recall@1,159,18,31,0.5419828810488364,1.6085462106271768e-13,0.5749360806299382,2.27567019443159e-15,0.4018893551183777,6.161318036318905e-13,0.5419828810488364
raw_gpt2_runs,rq_val_sids_num_sum,test_Recall@1,159,18,31,0.5419828810488364,1.6085462106271768e-13,0.5749360806299382,2.27567019443159e-15,0.4018893551183777,6.161318036318905e-13,0.5419828810488364
raw_gpt2_runs,rq_val_sids_num_max,test_Recall@1,159,16,31,0.5393246110701966,2.2230753181530202e-13,0.5434547077656866,1.343066738986414e-13,0.4060735573504675,4.812662961407705e-13,0.5393246110701966
raw_gpt2_runs,rq_val_sids_num_l2,test_Recall@1,159,17,31,0.5391242249162403,2.2777025764929313e-13,0.5747959799394812,2.319601596074472e-15,0.40292528160804486,6.247248922513962e-13,0.5391242249162403
raw_gpt2_runs,rq_val_entropy_l1,test_Recall@1,159,18,31,0.5362428358681136,3.2234907866432747e-13,0.5716784064099598,3.541456441588472e-15,0.3992189939548005,8.738415213287193e-13,0.5362428358681136
raw_gpt2_runs,rq_val_entropy_max,test_Recall@1,159,18,31,0.5360137730322632,3.3132608036811205e-13,0.45132636180587543,2.36279765324294e-09,0.3975500182275647,1.085891971562396e-12,0.5360137730322632
raw_gpt2_runs,rq_val_sids_num_l0,test_Recall@1,159,15,31,0.5342036706053476,4.113455116529976e-13,0.5499492074763636,5.995679928017206e-14,0.3954566484980872,2.2816232559083318e-12,0.5342036706053476
raw_gpt2_runs,rq_val_sids_num_min,test_Recall@1,159,15,31,0.5342036706053476,4.113455116529976e-13,0.5499492074763636,5.995679928017206e-14,0.3954566484980872,2.2816232559083318e-12,0.5342036706053476
raw_gpt2_runs,rq_val_entropy_l0,test_Recall@1,159,16,31,0.5338639115906384,4.2833072975629404e-13,0.5603447550019254,1.5892495196911573e-14,0.39577299630555535,1.8946457301950575e-12,0.5338639115906384
raw_gpt2_runs,rq_val_entropy_l3,test_Recall@1,159,18,31,0.5337500932426824,4.3417176032166364e-13,0.4311546737468911,1.399150741844913e-08,0.3952134522094346,1.4697449413417842e-12,0.5337500932426824
raw_gpt2_runs,rq_val_sids_num_l3,test_Recall@1,159,18,31,0.5329551104594367,4.771845596555972e-13,0.5390839791334398,2.2888303711078564e-13,0.39321068133675163,1.902495520473876e-12,0.5329551104594367
raw_gpt2_runs,rqvae_total_loss,test_Recall@1,159,18,31,-0.5327529961925099,4.887641368560854e-13,-0.49569892685051026,3.065397671949988e-11,-0.38553339299146705,5.056957784287662e-12,0.5327529961925099
raw_gpt2_runs,rq_val_entropy_l2,test_Recall@1,159,18,31,0.5306375335320087,6.275873272704948e-13,0.5123600942606281,5.070872335986489e-12,0.3963817352184996,1.2635942742247677e-12,0.5306375335320087
raw_gpt2_runs,rqvae_train_loss,test_Recall@1,159,18,31,-0.5294787450682947,7.191662319479405e-13,-0.5107014749932259,6.09228495134742e-12,-0.3890382420186622,3.2438850201316667e-12,0.5294787450682947
raw_gpt2_runs,rqvae_best_val_loss,test_Recall@1,159,15,31,-0.5271221854903686,9.47192113666046e-13,-0.5170008906039008,3.0184864432418504e-12,-0.3912900277622302,3.726123080075977e-12,0.5271221854903686
raw_gpt2_runs,rq_train_entropy_mean,test_Recall@1,159,18,31,0.5263572025013132,1.0353020296529923e-12,0.5568295532314603,2.5027992277557106e-14,0.3850327002732963,5.386399264716916e-12,0.5263572025013132
raw_gpt2_runs,rq_train_entropy_sum,test_Recall@1,159,18,31,0.5263572025013132,1.0353020296529923e-12,0.5568295532314604,2.5027992277556112e-14,0.3850327002732963,5.386399264716916e-12,0.5263572025013132
raw_gpt2_runs,sid_unique_total,test_Recall@1,159,18,31,0.5260293282460764,1.0754592591184745e-12,0.5638225374531844,1.0086902944667709e-14,0.38803685658232073,3.6840822763063055e-12,0.5260293282460764
raw_gpt2_runs,sid_collisions,test_Recall@1,159,18,31,-0.5260293282460764,1.0754592591184745e-12,-0.5638225374531844,1.0086902944667709e-14,-0.38803685658232073,3.6840822763063055e-12,0.5260293282460764
raw_gpt2_runs,sid_icr,test_Recall@1,159,18,31,0.5260293282460764,1.0754592591184745e-12,0.5638225374531846,1.0086902944667297e-14,0.38803685658232073,3.6840822763063055e-12,0.5260293282460764
raw_gpt2_runs,sid_cur_total,test_Recall@1,159,18,31,0.5260293282460764,1.0754592591184745e-12,0.5638225374531844,1.0086902944667709e-14,0.38803685658232073,3.6840822763063055e-12,0.5260293282460764
raw_gpt2_runs,sid_path_avg_similarity,test_Recall@1,159,18,31,0.5246145283775883,1.2667925872225439e-12,0.5246534026190879,1.2611187702763995e-12,0.3858671881369142,4.8483893131244916e-12,0.5246145283775883
raw_gpt2_runs,rqvae_val_loss,test_Recall@1,159,18,31,-0.5242237741281963,1.325219664508315e-12,-0.5119916543602218,5.282306418413899e-12,-0.3878699590095971,3.762934325781999e-12,0.5242237741281963
raw_gpt2_runs,rq_train_entropy_l0,test_Recall@1,159,18,31,0.52038809448474,2.0567778704553215e-12,0.5657265506188001,7.846673819925109e-15,0.381194056100654,8.715610333985823e-12,0.52038809448474
raw_gpt2_runs,rq_train_entropy_min,test_Recall@1,159,18,31,0.52038809448474,2.0567778704553215e-12,0.5661853670452776,7.384097845755029e-15,0.381194056100654,8.715610333985823e-12,0.52038809448474
raw_gpt2_runs,rq_train_entropy_std,test_Recall@1,159,18,31,-0.5193999802908754,2.3013298787030022e-12,-0.5525375820357372,4.326371622603234e-14,-0.3666739672737026,5.1601020518768036e-11,0.5193999802908754
raw_gpt2_runs,rq_val_sids_num_l1,test_Recall@1,159,15,31,0.51747225877841,2.8622978900254188e-12,0.5598632161141185,1.691796289555811e-14,0.38252162377876286,1.1095928012091527e-11,0.51747225877841
raw_gpt2_runs,rq_train_entropy_l2,test_Recall@1,159,18,31,0.5145267807438609,3.9840239511653295e-12,0.5332634331597014,4.600321961693148e-13,0.3803595682370361,9.670880950873606e-12,0.5145267807438609
raw_gpt2_runs,rq_train_entropy_l3,test_Recall@1,159,18,31,0.5053732501661513,1.0912280764302298e-11,0.49680039038970536,2.7297416171091508e-11,0.3700119187281742,3.448669668739029e-11,0.5053732501661513
raw_gpt2_runs,rq_train_entropy_max,test_Recall@1,159,18,31,0.5053732501661513,1.0912280764302298e-11,0.49680039038970536,2.7297416171091508e-11,0.3700119187281742,3.448669668739029e-11,0.5053732501661513
raw_gpt2_runs,rq_train_entropy_l1,test_Recall@1,159,18,31,0.5018250219245464,1.5998266815544282e-11,0.5639004147033867,9.984131528012166e-15,0.35398975174671066,2.3111391047726697e-10,0.5018250219245464
raw_gpt2_runs,sid_max_cluster_size,test_Recall@1,159,18,31,-0.5011288505606872,1.7236521263484656e-11,-0.20173562188138044,0.01077255459126051,-0.3660063769828083,5.590841972136514e-11,0.5011288505606872
raw_gpt2_runs,rq_val_entropy_std,test_Recall@1,159,18,31,-0.48957689734877874,5.796599607099642e-11,-0.5006421478487778,1.815688020880821e-11,-0.34414279495601946,7.148642782510881e-10,0.48957689734877874
raw_gpt2_runs,rq_train_sids_num_l3,test_Recall@1,159,10,31,0.37471913732751116,1.1374137747426182e-06,0.2788950294507749,0.000371016108842962,0.2895360437258431,1.1996832918972745e-06,0.37471913732751116
raw_gpt2_runs,rq_train_sids_num_max,test_Recall@1,159,10,31,0.37471913732751116,1.1374137747426182e-06,0.2788950294507749,0.000371016108842962,0.2895360437258431,1.1996832918972745e-06,0.37471913732751116
raw_gpt2_runs,rq_train_sids_num_l2,test_Recall@1,159,10,31,0.3723389364322534,1.3456267687924482e-06,0.33652423068668497,1.4436860152675049e-05,0.2866900144624829,1.5247803642288132e-06,0.3723389364322534
raw_gpt2_runs,rq_train_sids_num_l1,test_Recall@1,159,9,31,0.3669235593428273,1.962798820844571e-06,0.3275909753201498,2.496907110233357e-05,0.284906592648469,1.934832598798134e-06,0.3669235593428273
raw_gpt2_runs,rq_train_sids_num_mean,test_Recall@1,159,16,31,0.24499285135443324,0.0018554711080565763,0.291893524282737,0.00018903936054728734,0.1884232756056204,0.000800467843315236,0.24499285135443324
raw_gpt2_runs,rq_train_sids_num_sum,test_Recall@1,159,16,31,0.24499285135443324,0.0018554711080565763,0.291893524282737,0.00018903936054728734,0.1884232756056204,0.000800467843315236,0.24499285135443324
raw_gpt2_runs,rq_train_sids_num_l0,test_Recall@1,159,16,31,0.23723336493062308,0.0026047533654653078,0.15891758224408703,0.045414279269853815,0.1830397534454598,0.0011265855069919626,0.23723336493062308
raw_gpt2_runs,rq_train_sids_num_min,test_Recall@1,159,16,31,0.23723336493062308,0.0026047533654653078,0.15891758224408703,0.045414279269853815,0.1830397534454598,0.0011265855069919626,0.23723336493062308
raw_gpt2_runs,rq_train_sids_num_std,test_Recall@1,159,16,31,-0.11708952557204572,0.14160126500304282,-0.006194228675144189,0.9382331755049294,-0.08546341429254925,0.12834555330944258,0.11708952557204572
raw_gpt2_runs,rq_val_sids_num_std,test_Recall@1,159,17,31,0.05360301874909594,0.5021836083650949,0.10977201568211521,0.16838326421365207,0.0472256564478257,0.39905999065783826,0.05360301874909594
raw_gpt2_runs,rqvae_total_loss,test_Recall@10,159,18,84,-0.7600691570367987,3.398696214059925e-31,-0.6286588256823905,7.188721321972905e-19,-0.5674072007839989,6.124844669264033e-25,0.7600691570367987
raw_gpt2_runs,rq_val_entropy_min,test_Recall@10,159,16,84,0.7586363412740464,5.0972400029617656e-31,0.6981509496933099,1.4899153304380263e-24,0.579319965614212,1.2809895895168127e-25,0.7586363412740464
raw_gpt2_runs,rq_val_entropy_mean,test_Recall@10,159,18,84,0.7554622151213087,1.2386411035747337e-30,0.6814881817717732,4.7760128801679504e-23,0.5767668333826642,1.0276028923617983e-25,0.7554622151213087
raw_gpt2_runs,rq_val_entropy_sum,test_Recall@10,159,18,84,0.7554622151213087,1.2386411035747337e-30,0.6814881817717732,4.7760128801679504e-23,0.5767668333826642,1.0276028923617983e-25,0.7554622151213087
raw_gpt2_runs,rqvae_best_val_loss,test_Recall@10,159,15,84,-0.7553070872641338,1.2931239756119249e-30,-0.6582177729107498,4.193942192205359e-21,-0.5774212602725074,2.3303338831280985e-25,0.7553070872641338
raw_gpt2_runs,rq_val_sids_num_mean,test_Recall@10,159,18,84,0.7548027988977672,1.4870184646325934e-30,0.6954254097942185,2.669982250327595e-24,0.5764384252213075,1.0945577751205013e-25,0.7548027988977672
raw_gpt2_runs,rq_val_sids_num_sum,test_Recall@10,159,18,84,0.7548027988977672,1.4870184646325934e-30,0.6954254097942185,2.669982250327595e-24,0.5764384252213075,1.0945577751205013e-25,0.7548027988977672
raw_gpt2_runs,rq_val_sids_num_l0,test_Recall@10,159,15,84,0.7541703132017843,1.7709643194328712e-30,0.6492538860806325,2.119446687610698e-20,0.5746012175302405,4.291503449959508e-25,0.7541703132017843
raw_gpt2_runs,rq_val_sids_num_min,test_Recall@10,159,15,84,0.7541703132017843,1.7709643194328712e-30,0.6492538860806325,2.119446687610698e-20,0.5746012175302405,4.291503449959508e-25,0.7541703132017843
raw_gpt2_runs,rq_train_entropy_mean,test_Recall@10,159,18,84,0.7537845167022305,1.969652095311124e-30,0.694784657960741,3.0595534721166187e-24,0.5654367518158587,8.88632618450612e-25,0.7537845167022305
raw_gpt2_runs,rq_train_entropy_sum,test_Recall@10,159,18,84,0.7537845167022305,1.969652095311124e-30,0.694784657960741,3.0595534721166187e-24,0.5654367518158587,8.88632618450612e-25,0.7537845167022305
raw_gpt2_runs,rq_val_sids_num_l2,test_Recall@10,159,17,84,0.7533771481647389,2.2032251239618736e-30,0.6976344291469605,1.664914329525429e-24,0.5758508342111592,1.6747507466786832e-25,0.7533771481647389
raw_gpt2_runs,rq_val_entropy_l0,test_Recall@10,159,16,84,0.7530160474072569,2.4328833164479354e-30,0.6971641743785906,1.8416751521360308e-24,0.5750164458696492,2.9012304167831285e-25,0.7530160474072569
raw_gpt2_runs,rqvae_val_loss,test_Recall@10,159,18,84,-0.7527303479094942,2.6311114231796017e-30,-0.653689179586278,9.573164636897452e-21,-0.5695418538328173,4.0867295912877926e-25,0.7527303479094942
raw_gpt2_runs,sid_path_avg_similarity,test_Recall@10,159,18,84,0.7526496030657953,2.6899551719153683e-30,0.665456922115564,1.0880896092039118e-21,0.5664219762999289,7.3786630772545465e-25,0.7526496030657953
raw_gpt2_runs,sid_unique_total,test_Recall@10,159,18,84,0.7503080025985257,5.089944930998229e-30,0.7027094771427415,5.533667289415317e-25,0.5651083436545021,9.453800528212824e-25,0.7503080025985257
raw_gpt2_runs,sid_collisions,test_Recall@10,159,18,84,-0.7503080025985257,5.089944930998229e-30,-0.7027094771427415,5.533667289415317e-25,-0.5651083436545021,9.453800528212824e-25,0.7503080025985257
raw_gpt2_runs,sid_icr,test_Recall@10,159,18,84,0.7503080025985257,5.089944930998229e-30,0.7027094771427416,5.53366728941498e-25,0.5651083436545021,9.453800528212824e-25,0.7503080025985257
raw_gpt2_runs,sid_cur_total,test_Recall@10,159,18,84,0.7503080025985257,5.089944930998229e-30,0.7027094771427415,5.533667289415317e-25,0.5651083436545021,9.453800528212824e-25,0.7503080025985257
raw_gpt2_runs,rq_train_entropy_l0,test_Recall@10,159,18,84,0.749828019360982,5.795715350078708e-30,0.7017172717316694,6.875943558841345e-25,0.5670787926226422,6.517353581684077e-25,0.749828019360982
raw_gpt2_runs,rq_train_entropy_min,test_Recall@10,159,18,84,0.749828019360982,5.795715350078708e-30,0.7019126820185362,6.588511702649845e-25,0.5670787926226422,6.517353581684077e-25,0.749828019360982
raw_gpt2_runs,rqvae_train_loss,test_Recall@10,159,18,84,-0.7489891701514431,7.267046436441506e-30,-0.6460524548795156,3.731036613461472e-20,-0.5639589150897537,1.1737627094297785e-24,0.7489891701514431
raw_gpt2_runs,rq_val_entropy_l3,test_Recall@10,159,18,84,0.7488949678337942,7.453618713686757e-30,0.5626709208831889,1.1732503379225821e-14,0.5710196905589223,3.0856349686994986e-25,0.7488949678337942
raw_gpt2_runs,rq_val_sids_num_max,test_Recall@10,159,16,84,0.7486494776932703,7.962219533905291e-30,0.680874245789897,5.403145194913596e-23,0.5716286987288131,5.090386492299125e-25,0.7486494776932703
raw_gpt2_runs,rq_val_sids_num_l3,test_Recall@10,159,18,84,0.7481009768707546,9.224978142921939e-30,0.676700930179377,1.2400539009626915e-22,0.5682282211873905,5.243091883238976e-25,0.7481009768707546
raw_gpt2_runs,rq_val_entropy_max,test_Recall@10,159,18,84,0.747306985907715,1.140822896341424e-29,0.5865347775536304,4.525807254119563e-16,0.5672429967033206,6.3180796740944105e-25,0.747306985907715
raw_gpt2_runs,rq_val_entropy_l1,test_Recall@10,159,18,84,0.7444674589043018,2.4229591845903992e-29,0.7005630686790727,8.842255399021669e-25,0.5549276906524451,6.330094482261184e-24,0.7444674589043018
raw_gpt2_runs,rq_val_entropy_l2,test_Recall@10,159,18,84,0.7426372424471257,3.916647103297118e-29,0.6488489007469459,2.2774798177057292e-20,0.5588685885887252,3.044333621801757e-24,0.7426372424471257
raw_gpt2_runs,rq_train_entropy_l1,test_Recall@10,159,18,84,0.7404795607905038,6.863448792283625e-29,0.6924064644705026,5.056471911979952e-24,0.5294760581473026,6.330998096888681e-22,0.7404795607905038
raw_gpt2_runs,sid_max_cluster_size,test_Recall@10,159,18,84,-0.7401072373445587,7.556795867738436e-29,-0.2909550903496333,0.00019868689142053564,-0.5480311192639549,2.2514094891789397e-23,0.7401072373445587
raw_gpt2_runs,rq_val_sids_num_l1,test_Recall@10,159,15,84,0.7384711132130232,1.1512176454695798e-28,0.6678727280587156,6.878128765415456e-22,0.5493838538693889,4.1365055957187775e-23,0.7384711132130232
raw_gpt2_runs,rq_train_entropy_l2,test_Recall@10,159,18,84,0.7368146420515017,1.7573683105608097e-28,0.6701859489695676,4.415524261504707e-22,0.5414629560368214,7.429749405762441e-23,0.7368146420515017
raw_gpt2_runs,rq_train_entropy_std,test_Recall@10,159,18,84,-0.7347287335892788,2.9801162681251626e-28,-0.6563487391315073,5.906080523688515e-21,-0.5381788744232545,1.3425647948706407e-22,0.7347287335892788
raw_gpt2_runs,rq_train_entropy_l3,test_Recall@10,159,18,84,0.7312791344334737,7.060679902140254e-28,0.6417865915016729,7.84488155533019e-20,0.5386714866652896,1.2288214333750482e-22,0.7312791344334737
raw_gpt2_runs,rq_train_entropy_max,test_Recall@10,159,18,84,0.7312791344334737,7.060679902140254e-28,0.6417865915016729,7.84488155533019e-20,0.5386714866652896,1.2288214333750482e-22,0.7312791344334737
raw_gpt2_runs,rq_val_entropy_std,test_Recall@10,159,18,84,-0.6868470412758025,1.6060574061481868e-23,-0.5829440664282796,7.513055282217864e-16,-0.4943363848821382,2.5802926516085953e-19,0.6868470412758025
raw_gpt2_runs,rq_train_sids_num_l3,test_Recall@10,159,10,84,0.5377841516296905,2.6780757885652035e-13,0.35575478526418014,4.185276942085359e-06,0.42533494006709094,4.467483268033988e-13,0.5377841516296905
raw_gpt2_runs,rq_train_sids_num_max,test_Recall@10,159,10,84,0.5377841516296905,2.6780757885652035e-13,0.35575478526418014,4.185276942085359e-06,0.42533494006709094,4.467483268033988e-13,0.5377841516296905
raw_gpt2_runs,rq_train_sids_num_l2,test_Recall@10,159,10,84,0.5336311570893711,4.4035816822608474e-13,0.3961444254947229,2.3556411844064354e-07,0.4167479717795833,1.2990599511101175e-12,0.5336311570893711
raw_gpt2_runs,rq_train_sids_num_l1,test_Recall@10,159,9,84,0.5276992677197136,8.855911515953331e-13,0.37522516755963214,1.097292631723212e-06,0.4117442728137085,2.8907704159388027e-12,0.5276992677197136
raw_gpt2_runs,rq_train_sids_num_mean,test_Recall@10,159,16,84,0.34780903311925415,7.050377375825231e-06,0.3346918306752002,1.617637160495327e-05,0.28312194319517414,3.1659612943220195e-07,0.34780903311925415
raw_gpt2_runs,rq_train_sids_num_sum,test_Recall@10,159,16,84,0.34780903311925415,7.050377375825231e-06,0.3346918306752002,1.617637160495327e-05,0.28312194319517414,3.1659612943220195e-07,0.34780903311925415
raw_gpt2_runs,rq_train_sids_num_l0,test_Recall@10,159,16,84,0.34284915747661965,9.694059634616922e-06,0.15709988604686848,0.04797140767878978,0.2817977832737702,3.592457558264096e-07,0.34284915747661965
raw_gpt2_runs,rq_train_sids_num_min,test_Recall@10,159,16,84,0.34284915747661965,9.694059634616922e-06,0.15709988604686848,0.04797140767878978,0.2817977832737702,3.592457558264096e-07,0.34284915747661965
raw_gpt2_runs,rq_train_sids_num_std,test_Recall@10,159,16,84,-0.1388607937503338,0.08087706896639299,0.04615729626772251,0.5634416021502314,-0.09873267413967925,0.07456196035679002,0.1388607937503338
raw_gpt2_runs,rq_val_sids_num_std,test_Recall@10,159,17,84,0.1283265133300098,0.1069531002911738,0.2054885875089355,0.009364329220450277,0.10487240514317679,0.05732607473329611,0.1283265133300098
raw_gpt2_runs,rq_val_entropy_mean,test_Recall@20,159,18,95,0.8121067755731534,1.451230751982404e-38,0.7213550113662025,7.85270265366511e-27,0.634602534849381,7.397684451778411e-31,0.8121067755731534
raw_gpt2_runs,rq_val_entropy_sum,test_Recall@20,159,18,95,0.8121067755731534,1.451230751982404e-38,0.7213550113662024,7.852702653665618e-27,0.634602534849381,7.397684451778411e-31,0.8121067755731534
raw_gpt2_runs,rq_val_entropy_min,test_Recall@20,159,16,95,0.8104948712359817,2.6513504637261164e-38,0.7339617569001132,3.6143318889790085e-28,0.6304316850995716,4.151566567490166e-30,0.8104948712359817
raw_gpt2_runs,rq_val_sids_num_mean,test_Recall@20,159,18,95,0.8090521068692925,4.5250062678117943e-38,0.7272044080441128,1.9228992188846468e-27,0.6280433355227723,2.94611728588175e-30,0.8090521068692925
raw_gpt2_runs,rq_val_sids_num_sum,test_Recall@20,159,18,95,0.8090521068692925,4.5250062678117943e-38,0.7272044080441128,1.9228992188846468e-27,0.6280433355227723,2.94611728588175e-30,0.8090521068692925
raw_gpt2_runs,rq_val_entropy_l0,test_Recall@20,159,16,95,0.8080824635112923,6.464508244551318e-38,0.7337058211448343,3.854121176219165e-28,0.6286134500350473,6.0535828743270585e-30,0.8080824635112923
raw_gpt2_runs,rqvae_total_loss,test_Recall@20,159,18,95,-0.8069842621226259,9.65893816514684e-38,-0.6658393269341049,1.0121785677203458e-21,-0.6144329969200595,4.9541633008937856e-29,0.8069842621226259
raw_gpt2_runs,sid_path_avg_similarity,test_Recall@20,159,18,95,0.8066299026107243,1.098911889332952e-37,0.7078150935142137,1.7841904774267035e-25,0.6177125965833639,2.5236825787182054e-29,0.8066299026107243
raw_gpt2_runs,rqvae_best_val_loss,test_Recall@20,159,15,95,-0.8056692426928096,1.5569955541553178e-37,-0.6999382227688934,1.0126961361267275e-24,-0.6224424723256995,2.8457871967288187e-29,0.8056692426928096
raw_gpt2_runs,rq_val_sids_num_l2,test_Recall@20,159,17,95,0.8050374399603609,1.9559161223074078e-37,0.729177953632134,1.1863211644215813e-27,0.6236040427597426,1.0746931972870267e-29,0.8050374399603609
raw_gpt2_runs,rq_train_entropy_mean,test_Recall@20,159,18,95,0.8049343596297265,2.0299165977321407e-37,0.7297309760249526,1.0353671567460824e-27,0.6164007567180421,3.306688080910439e-29,0.8049343596297265
raw_gpt2_runs,rq_train_entropy_sum,test_Recall@20,159,18,95,0.8049343596297265,2.0299165977321407e-37,0.7297309760249526,1.0353671567460824e-27,0.6164007567180421,3.306688080910439e-29,0.8049343596297265
raw_gpt2_runs,rq_val_sids_num_l0,test_Recall@20,159,15,95,0.8045944698054636,2.2939781999227852e-37,0.6766154489569774,1.261155721707254e-22,0.6234112759886961,2.560089615065315e-29,0.8045944698054636
raw_gpt2_runs,rq_val_sids_num_min,test_Recall@20,159,15,95,0.8045944698054636,2.2939781999227852e-37,0.6766154489569774,1.261155721707254e-22,0.6234112759886961,2.560089615065315e-29,0.8045944698054636
raw_gpt2_runs,sid_unique_total,test_Recall@20,159,18,95,0.8044768321586637,2.3930237149754133e-37,0.7371960852746785,1.5947146676380658e-28,0.6152528968358856,4.18678227147453e-29,0.8044768321586637
raw_gpt2_runs,sid_collisions,test_Recall@20,159,18,95,-0.8044768321586637,2.3930237149754133e-37,-0.7371960852746785,1.5947146676380658e-28,-0.6152528968358856,4.18678227147453e-29,0.8044768321586637
raw_gpt2_runs,sid_icr,test_Recall@20,159,18,95,0.8044768321586637,2.3930237149754133e-37,0.7371960852746786,1.5947146676379728e-28,0.6152528968358856,4.18678227147453e-29,0.8044768321586637
raw_gpt2_runs,sid_cur_total,test_Recall@20,159,18,95,0.8044768321586637,2.3930237149754133e-37,0.7371960852746784,1.5947146676380658e-28,0.6152528968358856,4.18678227147453e-29,0.8044768321586637
raw_gpt2_runs,rq_val_entropy_l3,test_Recall@20,159,18,95,0.8044095487070368,2.4515524081984712e-37,0.6071348858470894,2.1810866532470458e-17,0.6213201562129985,1.1968286140571802e-29,0.8044095487070368
raw_gpt2_runs,rq_val_entropy_max,test_Recall@20,159,18,95,0.8032522733390542,3.70941112456752e-37,0.6303754279826779,5.413199864526919e-19,0.6206642362803377,1.3711335842119507e-29,0.8032522733390542
raw_gpt2_runs,rq_train_entropy_l0,test_Recall@20,159,18,95,0.8018931476161911,6.011992621968688e-37,0.7365829586941117,1.8640025431468726e-28,0.6149249368695552,4.4784514374163243e-29,0.8018931476161911
raw_gpt2_runs,rq_train_entropy_min,test_Recall@20,159,18,95,0.8018931476161911,6.011992621968688e-37,0.7367019661298155,1.8084580278554569e-28,0.6149249368695552,4.4784514374163243e-29,0.8018931476161911
raw_gpt2_runs,rqvae_train_loss,test_Recall@20,159,18,95,-0.8015971004290326,6.675481415524313e-37,-0.6877216241762545,1.3413656790547876e-23,-0.6119732971725814,8.197177614827527e-29,0.8015971004290326
raw_gpt2_runs,rqvae_val_loss,test_Recall@20,159,18,95,-0.8011261162676445,7.882315134179125e-37,-0.6954548498437837,2.6533036089864745e-24,-0.612465237122077,7.413010818338733e-29,0.8011261162676445
raw_gpt2_runs,rq_val_sids_num_l3,test_Recall@20,159,18,95,0.7997669905447812,1.270100631838486e-36,0.715846716832562,2.859984125200463e-26,0.6132851370379031,6.268086931397863e-29,0.7997669905447812
raw_gpt2_runs,rq_val_entropy_l1,test_Recall@20,159,18,95,0.7993229197640437,1.4831551344077152e-36,0.7337812528135002,3.7818696964817356e-28,0.6080377775766161,1.8271676981867518e-28,0.7993229197640437
raw_gpt2_runs,rq_val_sids_num_max,test_Recall@20,159,16,95,0.7980414438921708,2.315222993722442e-36,0.7193326222704927,1.2667091735603784e-26,0.6145186903525386,9.936092033257591e-29,0.7980414438921708
raw_gpt2_runs,rq_val_entropy_l2,test_Recall@20,159,18,95,0.79741206973784,2.877870316006029e-36,0.6914350565384684,6.199608982448801e-24,0.6114813572230856,9.063574537573827e-29,0.79741206973784
raw_gpt2_runs,rq_train_entropy_l2,test_Recall@20,159,18,95,0.7901992837234372,3.3001925525452407e-35,0.7071914639546439,2.0514020248943322e-25,0.5916397792600947,4.8804510447368615e-27,0.7901992837234372
raw_gpt2_runs,rq_train_entropy_l3,test_Recall@20,159,18,95,0.7882346069359317,6.308605125892177e-35,0.6812141450302218,5.046591340284403e-23,0.5880322196304599,9.935295024703597e-27,0.7882346069359317
raw_gpt2_runs,rq_train_entropy_max,test_Recall@20,159,18,95,0.7882346069359317,6.308605125892177e-35,0.6812141450302218,5.046591340284403e-23,0.5880322196304599,9.935295024703597e-27,0.7882346069359317
raw_gpt2_runs,rq_val_sids_num_l1,test_Recall@20,159,15,95,0.7875605044759767,7.866743068312175e-35,0.6942679846928191,3.413822302985281e-24,0.5900529319105613,1.7939542964474365e-26,0.7875605044759767
raw_gpt2_runs,sid_max_cluster_size,test_Recall@20,159,18,95,-0.7855567255611815,1.5090365636744653e-34,-0.33173905478326066,1.9401757347400328e-05,-0.5806531203880253,4.196356795939893e-26,0.7855567255611815
raw_gpt2_runs,rq_train_entropy_l1,test_Recall@20,159,18,95,0.7803803853493525,7.864913396201427e-34,0.7212145356023203,8.118995193759763e-27,0.5676987017179733,5.041089397755351e-25,0.7803803853493525
raw_gpt2_runs,rq_train_entropy_std,test_Recall@20,159,18,95,-0.7680540570113058,3.3673650397330714e-32,-0.6796767750437259,6.86721909762686e-23,-0.5736019811119211,1.634929632937919e-25,0.7680540570113058
raw_gpt2_runs,rq_val_entropy_std,test_Recall@20,159,18,95,-0.7041078645851069,4.0683508395892843e-25,-0.5948791386180085,1.3600001116208465e-16,-0.5111256075259742,1.3714548047622468e-20,0.7041078645851069
raw_gpt2_runs,rq_train_sids_num_l3,test_Recall@20,159,10,95,0.5412158505289815,1.7664722455825178e-13,0.35769708284351376,3.6764084569864917e-06,0.4359395719051077,1.0796212587035307e-13,0.5412158505289815
raw_gpt2_runs,rq_train_sids_num_max,test_Recall@20,159,10,95,0.5412158505289815,1.7664722455825178e-13,0.35769708284351376,3.6764084569864917e-06,0.4359395719051077,1.0796212587035307e-13,0.5412158505289815
raw_gpt2_runs,rq_train_sids_num_l2,test_Recall@20,159,10,95,0.5357170331438065,3.4331749755127494e-13,0.39389900049703636,2.792974491833054e-07,0.4281099965277228,2.935606616617913e-13,0.5357170331438065
raw_gpt2_runs,rq_train_sids_num_l1,test_Recall@20,159,9,95,0.5313199691914291,5.790698917658928e-13,0.37105375507789895,1.4726624364307938e-06,0.42204235211848706,7.67112988376702e-13,0.5313199691914291
raw_gpt2_runs,rq_train_sids_num_mean,test_Recall@20,159,16,95,0.33582332784253344,1.5080257619518018e-05,0.32714297043270085,2.565314761985764e-05,0.2911655514690339,1.398934758259913e-07,0.33582332784253344
raw_gpt2_runs,rq_train_sids_num_sum,test_Recall@20,159,16,95,0.33582332784253344,1.5080257619518018e-05,0.32714297043270085,2.565314761985764e-05,0.2911655514690339,1.398934758259913e-07,0.33582332784253344
raw_gpt2_runs,rq_train_sids_num_l0,test_Recall@20,159,16,95,0.3291790987460421,2.2680009364004577e-05,0.1381266628254418,0.08251060640084021,0.2847190816948117,2.6214245932750033e-07,0.3291790987460421
raw_gpt2_runs,rq_train_sids_num_min,test_Recall@20,159,16,95,0.3291790987460421,2.2680009364004577e-05,0.1381266628254418,0.08251060640084021,0.2847190816948117,2.6214245932750033e-07,0.3291790987460421
raw_gpt2_runs,rq_val_sids_num_std,test_Recall@20,159,17,95,0.15592930060076826,0.04968077801820598,0.23262758201784275,0.003169841067434452,0.12077186474555437,0.028391327925363207,0.15592930060076826
raw_gpt2_runs,rq_train_sids_num_std,test_Recall@20,159,16,95,-0.10346398939911426,0.19434802953667463,0.0718009208754974,0.36844333041854993,-0.07396910830677982,0.18101227550511034,0.10346398939911426
raw_gpt2_runs,rq_val_sids_num_max,test_Recall@5,159,16,70,0.6918215539751872,5.717256757430191e-24,0.639848535161273,1.095332719358142e-19,0.5186088588659546,8.245970365606521e-21,0.6918215539751872
raw_gpt2_runs,rqvae_val_loss,test_Recall@5,159,18,70,-0.690776611966105,7.114836529366264e-24,-0.6137079879862603,7.908057258719813e-18,-0.5133495201044546,1.2260002499504448e-20,0.690776611966105
raw_gpt2_runs,rq_val_sids_num_l2,test_Recall@5,159,17,70,0.6889320746466463,1.0443382753901684e-23,0.6602434645859744,2.885937166211624e-21,0.5196399971161871,5.359497342043028e-21,0.6889320746466463
raw_gpt2_runs,rq_val_entropy_min,test_Recall@5,159,16,70,0.6887575626224373,1.0827949455136682e-23,0.6570738525512065,5.173012363278198e-21,0.5143127196531881,1.8217878988459705e-20,0.6887575626224373
raw_gpt2_runs,rq_val_entropy_mean,test_Recall@5,159,18,70,0.6883137103462829,1.1869719124037693e-23,0.6399528648614092,1.0758926221375264e-19,0.5135140288434722,1.1920044843933363e-20,0.6883137103462829
raw_gpt2_runs,rq_val_entropy_sum,test_Recall@5,159,18,70,0.6883137103462829,1.1869719124037693e-23,0.6399528648614091,1.0758926221375264e-19,0.5135140288434722,1.1920044843933363e-20,0.6883137103462829
raw_gpt2_runs,rq_val_sids_num_mean,test_Recall@5,159,18,70,0.6869274870302081,1.5797133568372432e-23,0.6593626770304363,3.3964526982676395e-21,0.5113754152362433,1.7168962080159244e-20,0.6869274870302081
raw_gpt2_runs,rq_val_sids_num_sum,test_Recall@5,159,18,70,0.6869274870302081,1.5797133568372432e-23,0.6593626770304363,3.3964526982676395e-21,0.5113754152362433,1.7168962080159244e-20,0.6869274870302081
raw_gpt2_runs,rqvae_best_val_loss,test_Recall@5,159,15,70,-0.6865047363463299,1.7230526952447254e-23,-0.6175402985909624,4.329230899747451e-18,-0.5120918431851471,3.192126937115672e-20,0.6865047363463299
raw_gpt2_runs,rq_train_entropy_std,test_Recall@5,159,18,70,-0.6862769938883607,1.8054793802862655e-23,-0.6294415750039671,6.317862561398014e-19,-0.4901537879029715,5.9179361460748e-19,0.6862769938883607
raw_gpt2_runs,rqvae_total_loss,test_Recall@5,159,18,70,-0.6862500769307671,1.8154732681885788e-23,-0.5831843547515987,7.263913036129224e-16,-0.49920176854894005,1.3318752179633397e-19,0.6862500769307671
raw_gpt2_runs,rq_val_sids_num_l0,test_Recall@5,159,15,70,0.6849676584559823,2.3599757411252544e-23,0.6206586767228075,2.635385179917193e-18,0.5072761383011735,7.577648648669837e-20,0.6849676584559823
raw_gpt2_runs,rq_val_sids_num_min,test_Recall@5,159,15,70,0.6849676584559823,2.3599757411252544e-23,0.6206586767228075,2.635385179917193e-18,0.5072761383011735,7.577648648669837e-20,0.6849676584559823
raw_gpt2_runs,rq_val_entropy_l0,test_Recall@5,159,16,70,0.684619531322471,2.533558523090717e-23,0.6559018963253817,6.407503514580607e-21,0.5100012153130357,3.7650647491258414e-20,0.684619531322471
raw_gpt2_runs,rq_val_sids_num_l3,test_Recall@5,159,18,70,0.6835897842885914,3.123594732747257e-23,0.6353116936320561,2.3706711849896463e-19,0.5039725219804508,6.001866993979648e-20,0.6835897842885914
raw_gpt2_runs,rq_val_entropy_l3,test_Recall@5,159,18,70,0.6828091925183746,3.658727768678742e-23,0.5265006700174405,1.018192344072831e-12,0.5085787666729439,2.7605336161781514e-20,0.6828091925183746
raw_gpt2_runs,sid_path_avg_similarity,test_Recall@5,159,18,70,0.6824996475060471,3.894971963216335e-23,0.6259137287317549,1.1274016333959674e-18,0.5031499782853628,6.889721071774185e-20,0.6824996475060471
raw_gpt2_runs,rq_val_entropy_max,test_Recall@5,159,18,70,0.6804405002501304,5.894175525187963e-23,0.5481317237938175,7.526968167977368e-14,0.5046305569365213,5.3738467475578415e-20,0.6804405002501304
raw_gpt2_runs,rq_train_entropy_l0,test_Recall@5,159,18,70,0.6801847891529903,6.203880402489717e-23,0.6620567630980446,2.0601779410871065e-21,0.4990372598099225,1.3688104018781453e-19,0.6801847891529903
raw_gpt2_runs,rq_train_entropy_min,test_Recall@5,159,18,70,0.6801847891529903,6.203880402489717e-23,0.6622679686928232,1.980563063418869e-21,0.4990372598099225,1.3688104018781453e-19,0.6801847891529903
raw_gpt2_runs,rqvae_train_loss,test_Recall@5,159,18,70,-0.6795791576071325,7.002419689954655e-23,-0.6046962840044067,3.1590604699716665e-17,-0.4977211898977816,1.703113747333537e-19,0.6795791576071325
raw_gpt2_runs,rq_train_entropy_mean,test_Recall@5,159,18,70,0.6795791576071325,7.002419689954655e-23,0.6517924226580649,1.3470087163157736e-20,0.49689864620269353,1.9517853725800687e-19,0.6795791576071325
raw_gpt2_runs,rq_train_entropy_sum,test_Recall@5,159,18,70,0.6795791576071325,7.002419689954655e-23,0.651792422658065,1.3470087163157736e-20,0.49689864620269353,1.9517853725800687e-19,0.6795791576071325
raw_gpt2_runs,rq_val_entropy_l2,test_Recall@5,159,18,70,0.6786236056125567,8.471479641189915e-23,0.6064090905068563,2.4361322539473443e-17,0.5023274345902746,7.907173375318073e-20,0.6786236056125567
raw_gpt2_runs,sid_unique_total,test_Recall@5,159,18,70,0.6780987249394799,9.402848212537546e-23,0.6621025924149495,2.0426403638125355e-21,0.49870824233188726,1.4457437985628992e-19,0.6780987249394799
raw_gpt2_runs,sid_collisions,test_Recall@5,159,18,70,-0.6780987249394799,9.402848212537546e-23,-0.6621025924149495,2.0426403638125355e-21,-0.49870824233188726,1.4457437985628992e-19,0.6780987249394799
raw_gpt2_runs,sid_icr,test_Recall@5,159,18,70,0.6780987249394799,9.402848212537546e-23,0.6621025924149497,2.0426403638124524e-21,0.49870824233188726,1.4457437985628992e-19,0.6780987249394799
raw_gpt2_runs,sid_cur_total,test_Recall@5,159,18,70,0.6780987249394799,9.402848212537546e-23,0.6621025924149495,2.0426403638125355e-21,0.49870824233188726,1.4457437985628992e-19,0.6780987249394799
raw_gpt2_runs,rq_val_entropy_l1,test_Recall@5,159,18,70,0.6773988840420441,1.080224115104761e-22,0.6603947587005341,2.8061576500104144e-21,0.4960761025076055,2.2362730872987293e-19,0.6773988840420441
raw_gpt2_runs,sid_max_cluster_size,test_Recall@5,159,18,70,-0.6764029566110777,1.3151479962392123e-22,-0.27408489313149453,0.0004722852583557124,-0.4960761025076055,2.2362730872987293e-19,0.6764029566110777
raw_gpt2_runs,rq_train_entropy_l2,test_Recall@5,159,18,70,0.6702255148433274,4.382025153202073e-22,0.6254331184885075,1.2192565936619358e-18,0.4875216480786897,9.087028156667869e-19,0.6702255148433274
raw_gpt2_runs,rq_val_sids_num_l1,test_Recall@5,159,15,70,0.669236126960862,5.299414974061621e-22,0.6354899576657447,2.300385132257806e-19,0.48566451340051925,2.3962912190028803e-18,0.669236126960862
raw_gpt2_runs,rq_train_entropy_l1,test_Recall@5,159,18,70,0.6657797306807706,1.0236580769720044e-21,0.6516544906573541,1.3807486949092188e-20,0.46597100326738267,2.7961079617606356e-17,0.6657797306807706
raw_gpt2_runs,rq_train_entropy_l3,test_Recall@5,159,18,70,0.6567535775676887,5.4851035563820556e-21,0.5955690015348244,1.2293976007928323e-16,0.46827412561362924,1.9527482888634032e-17,0.6567535775676887
raw_gpt2_runs,rq_train_entropy_max,test_Recall@5,159,18,70,0.6567535775676887,5.4851035563820556e-21,0.5955690015348244,1.2293976007928323e-16,0.46827412561362924,1.9527482888634032e-17,0.6567535775676887
raw_gpt2_runs,rq_val_entropy_std,test_Recall@5,159,18,70,-0.6375573006437931,1.6202901844580987e-19,-0.5553161102929264,3.0383113486184676e-14,-0.45116521675579774,2.6974084581821986e-16,0.6375573006437931
raw_gpt2_runs,rq_train_sids_num_l3,test_Recall@5,159,10,70,0.5039557786218558,1.2721046042650659e-11,0.3243776689310744,3.028228631533923e-05,0.38750454990944383,4.5513339609489347e-11,0.5039557786218558
raw_gpt2_runs,rq_train_sids_num_max,test_Recall@5,159,10,70,0.5039557786218558,1.2721046042650659e-11,0.3243776689310744,3.028228631533923e-05,0.38750454990944383,4.5513339609489347e-11,0.5039557786218558
raw_gpt2_runs,rq_train_sids_num_l2,test_Recall@5,159,10,70,0.493329047446013,3.928660876950529e-11,0.3747480615558556,1.135083311659154e-06,0.3766574148251061,1.5477552023282237e-10,0.493329047446013
raw_gpt2_runs,rq_train_sids_num_l1,test_Recall@5,159,9,70,0.4915706245468769,4.717014873180681e-11,0.36117267400332936,2.909042899082809e-06,0.3762540716079046,1.8933595533470223e-10,0.4915706245468769
raw_gpt2_runs,rq_train_sids_num_l0,test_Recall@5,159,16,70,0.3246512450133614,2.9791469455230847e-05,0.15753313591716905,0.047351285223506234,0.25330087998395767,4.956037793397373e-06,0.3246512450133614
raw_gpt2_runs,rq_train_sids_num_min,test_Recall@5,159,16,70,0.3246512450133614,2.9791469455230847e-05,0.15753313591716905,0.047351285223506234,0.25330087998395767,4.956037793397373e-06,0.3246512450133614
raw_gpt2_runs,rq_train_sids_num_mean,test_Recall@5,159,16,70,0.3213354284016622,3.627840019749031e-05,0.3197991566461539,3.971461040356878e-05,0.25081347363386974,6.131717710973395e-06,0.3213354284016622
raw_gpt2_runs,rq_train_sids_num_sum,test_Recall@5,159,16,70,0.3213354284016622,3.627840019749031e-05,0.3197991566461539,3.971461040356878e-05,0.25081347363386974,6.131717710973395e-06,0.3213354284016622
raw_gpt2_runs,rq_train_sids_num_std,test_Recall@5,159,16,70,-0.14689112519592196,0.06465334664609831,0.02638183966250345,0.7413281585842254,-0.10588059696874434,0.056278796704232685,0.14689112519592196
raw_gpt2_runs,rq_val_sids_num_std,test_Recall@5,159,17,70,0.11015049149476788,0.16691168527112796,0.17634838662422006,0.02617674021554357,0.08674422442330251,0.1165385990668036,0.11015049149476788
raw_gpt2_runs,rq_train_entropy_std,val_NDCG@1,159,18,61,-0.5689305145663573,5.1234097201689884e-15,-0.5329473534862266,4.776240099836889e-13,-0.3930708633835039,1.0694724579311629e-12,0.5689305145663573
raw_gpt2_runs,rq_val_entropy_std,val_NDCG@1,159,18,61,-0.566557119915366,7.02888920412053e-15,-0.555134945111685,3.109450271513301e-14,-0.39751978952534195,5.939753823714594e-13,0.566557119915366
raw_gpt2_runs,rq_train_sids_num_l3,val_NDCG@1,159,10,61,0.5124833244548389,5.002006083296298e-12,0.2898499633955777,0.00021063495522518927,0.40499084232922994,6.347799460190658e-12,0.5124833244548389
raw_gpt2_runs,rq_train_sids_num_max,val_NDCG@1,159,10,61,0.5124833244548389,5.002006083296298e-12,0.2898499633955777,0.00021063495522518927,0.40499084232922994,6.347799460190658e-12,0.5124833244548389
raw_gpt2_runs,rq_train_sids_num_l1,val_NDCG@1,159,9,61,0.5053979279572313,1.0883114551715234e-11,0.46478100045441884,6.753408653960132e-10,0.3934202863646616,2.9259517266396983e-11,0.5053979279572313
raw_gpt2_runs,rq_train_sids_num_l2,val_NDCG@1,159,10,61,0.5042046044447338,1.238376233829513e-11,0.43613543037647756,9.115763324145013e-09,0.38981773491541516,3.7364171829772226e-11,0.5042046044447338
raw_gpt2_runs,rq_train_entropy_l1,val_NDCG@1,159,18,61,0.5038124617034265,1.2919338474117976e-11,0.4780770001273257,1.855004101995063e-10,0.3764285841121839,9.1199680185803e-12,0.5038124617034265
raw_gpt2_runs,rqvae_total_loss,val_NDCG@1,159,18,61,-0.4865032810540406,7.943915806370713e-11,-0.32822001084638613,2.4037529028219103e-05,-0.3719796579703459,1.593181197027769e-11,0.4865032810540406
raw_gpt2_runs,rq_train_entropy_l2,val_NDCG@1,159,18,61,0.485682239048121,8.637028974985698e-11,0.37308096865837176,1.2771063519174443e-06,0.37692290923905475,8.568472610842098e-12,0.485682239048121
raw_gpt2_runs,rq_val_entropy_mean,val_NDCG@1,159,18,61,0.48533228671772904,8.949935880945622e-11,0.35235155984801764,5.241811789519298e-06,0.386479861691892,2.526083454078827e-12,0.48533228671772904
raw_gpt2_runs,rq_val_entropy_sum,val_NDCG@1,159,18,61,0.48533228671772904,8.949935880945622e-11,0.3523515598480175,5.241811789519298e-06,0.386479861691892,2.526083454078827e-12,0.48533228671772904
raw_gpt2_runs,rq_val_entropy_l1,val_NDCG@1,159,18,61,0.48218271574420163,1.2306559583047772e-10,0.43692011743286346,8.515382937943284e-09,0.3838434610152473,3.548595655313572e-12,0.48218271574420163
raw_gpt2_runs,rqvae_val_loss,val_NDCG@1,159,18,61,-0.4820077395790056,1.2525058351771132e-10,-0.29292002104688536,0.00017898688321238906,-0.38680941177647266,2.4206288392490618e-12,0.4820077395790056
raw_gpt2_runs,rq_val_sids_num_mean,val_NDCG@1,159,18,61,0.48188660223387,1.267852133257692e-10,0.46931868259072834,4.3722147705441753e-10,0.38087751025402194,5.187451413463417e-12,0.48188660223387
raw_gpt2_runs,rq_val_sids_num_sum,val_NDCG@1,159,18,61,0.48188660223387,1.267852133257692e-10,0.46931868259072834,4.3722147705441753e-10,0.38087751025402194,5.187451413463417e-12,0.48188660223387
raw_gpt2_runs,rq_train_entropy_mean,val_NDCG@1,159,18,61,0.4811059393429956,1.371206072951566e-10,0.4220561517084192,3.006831783397619e-08,0.3737921834355391,1.270269333611588e-11,0.4811059393429956
raw_gpt2_runs,rq_train_entropy_sum,val_NDCG@1,159,18,61,0.4811059393429956,1.371206072951566e-10,0.4220561517084193,3.006831783397564e-08,0.3737921834355391,1.270269333611588e-11,0.4811059393429956
raw_gpt2_runs,rq_val_entropy_l2,val_NDCG@1,159,18,61,0.4806617690774982,1.4336024222472321e-10,0.2927868418435228,0.00018026240274341806,0.3802184100848607,5.641970683264632e-12,0.4806617690774982
raw_gpt2_runs,rq_val_sids_num_l2,val_NDCG@1,159,17,61,0.4805405110544833,1.4511085169947035e-10,0.4628176427617713,8.135227875939552e-10,0.37605922569153577,1.092415787241939e-11,0.4805405110544833
raw_gpt2_runs,rq_val_sids_num_l3,val_NDCG@1,159,18,61,0.4797195897264429,1.575185368599888e-10,0.35005636058361767,6.092205150555288e-06,0.3752751588161518,1.0545574014344927e-11,0.4797195897264429
raw_gpt2_runs,rq_val_entropy_l0,val_NDCG@1,159,16,61,0.4797071278351708,1.5771458071436116e-10,0.41480795033520984,5.443127011423718e-08,0.38010961444869806,7.785524047366188e-12,0.4797071278351708
raw_gpt2_runs,sid_path_avg_similarity,val_NDCG@1,159,18,61,0.47958499267629223,1.596484845916829e-10,0.311533093720928,6.408962949771588e-05,0.37659335915447417,8.932379046492213e-12,0.47958499267629223
raw_gpt2_runs,rq_val_entropy_min,val_NDCG@1,159,16,61,0.4793836040576343,1.6288751472382702e-10,0.41843499164941356,4.051669214423608e-08,0.3781164681199306,9.995906187945088e-12,0.4793836040576343
raw_gpt2_runs,rq_val_entropy_l3,val_NDCG@1,159,18,61,0.4792215806408852,1.6553948720927827e-10,0.1575685152537796,0.04730094202120518,0.3752751588161518,1.0545574014344927e-11,0.4792215806408852
raw_gpt2_runs,rq_val_sids_num_max,val_NDCG@1,159,16,61,0.47919982885760404,1.6589868218133592e-10,0.36028072276465634,3.089989222777687e-06,0.3811666031684511,6.5848954114968235e-12,0.47919982885760404
raw_gpt2_runs,sid_unique_total,val_NDCG@1,159,18,61,0.4784005386349657,1.7963346889275426e-10,0.4297715272357579,1.5740044637049388e-08,0.37857065966195774,6.955958233708239e-12,0.4784005386349657
raw_gpt2_runs,sid_collisions,val_NDCG@1,159,18,61,-0.4784005386349657,1.7963346889275426e-10,-0.4297715272357579,1.5740044637049388e-08,-0.37857065966195774,6.955958233708239e-12,0.4784005386349657
raw_gpt2_runs,sid_icr,val_NDCG@1,159,18,61,0.4784005386349657,1.7963346889275426e-10,0.4297715272357579,1.5740044637049388e-08,0.37857065966195774,6.955958233708239e-12,0.4784005386349657
raw_gpt2_runs,sid_cur_total,val_NDCG@1,159,18,61,0.4784005386349657,1.7963346889275426e-10,0.4297715272357578,1.5740044637049388e-08,0.37857065966195774,6.955958233708239e-12,0.4784005386349657
raw_gpt2_runs,rq_val_sids_num_l0,val_NDCG@1,159,15,61,0.4774410427396352,1.975777212528543e-10,0.4882027849506219,6.676172215677792e-11,0.3770937035527735,1.300595972793232e-11,0.4774410427396352
raw_gpt2_runs,rq_val_sids_num_min,val_NDCG@1,159,15,61,0.4774410427396352,1.975777212528543e-10,0.4882027849506219,6.676172215677792e-11,0.3770937035527735,1.300595972793232e-11,0.4774410427396352
raw_gpt2_runs,rq_train_entropy_l0,val_NDCG@1,159,18,61,0.47693343078832245,2.0776024356920224e-10,0.44400047598060377,4.568746026475973e-09,0.37346263335095853,1.323778448852476e-11,0.47693343078832245
raw_gpt2_runs,rq_train_entropy_min,val_NDCG@1,159,18,61,0.47693343078832245,2.0776024356920224e-10,0.44445916584926876,4.385961508904363e-09,0.37346263335095853,1.323778448852476e-11,0.47693343078832245
raw_gpt2_runs,rq_val_entropy_max,val_NDCG@1,159,18,61,0.47639504258771953,2.1911449228008368e-10,0.18931143570556866,0.0168509290331626,0.37395695847782945,1.2443151084814532e-11,0.47639504258771953
raw_gpt2_runs,rqvae_best_val_loss,val_NDCG@1,159,15,61,-0.4759097028991745,2.2986266905519394e-10,-0.3009885334714269,0.00011565278024132086,-0.3775736415043093,1.1844567848351447e-11,0.4759097028991745
raw_gpt2_runs,rq_val_sids_num_l1,val_NDCG@1,159,15,61,0.4747974545956486,2.564524693729389e-10,0.501686124609701,1.623822067129024e-11,0.37357815323442245,1.941892373878274e-11,0.4747974545956486
raw_gpt2_runs,rqvae_train_loss,val_NDCG@1,159,18,61,-0.47445684506554875,2.6517388310467436e-10,-0.29905111498305825,0.00012859036581032231,-0.3683546070399593,2.498196129084596e-11,0.47445684506554875
raw_gpt2_runs,sid_max_cluster_size,val_NDCG@1,159,18,61,-0.4722494534430765,3.290560844312098e-10,0.08672544006970201,0.27704248470244797,-0.36769550687079816,2.7098765664343902e-11,0.4722494534430765
raw_gpt2_runs,rq_train_entropy_l3,val_NDCG@1,159,18,61,0.4718322025876092,3.4269995520945477e-10,0.2984056559935594,0.0001331923052751321,0.36769550687079816,2.7098765664343902e-11,0.4718322025876092
raw_gpt2_runs,rq_train_entropy_max,val_NDCG@1,159,18,61,0.4718322025876092,3.4269995520945477e-10,0.2984056559935594,0.0001331923052751321,0.36769550687079816,2.7098765664343902e-11,0.4718322025876092
raw_gpt2_runs,rq_train_sids_num_mean,val_NDCG@1,159,16,61,0.38331726236538466,6.127989286883408e-07,0.4251689994385108,2.3202853800263823e-08,0.30295824197265686,4.935435534610171e-08,0.38331726236538466
raw_gpt2_runs,rq_train_sids_num_sum,val_NDCG@1,159,16,61,0.38331726236538466,6.127989286883408e-07,0.4251689994385108,2.3202853800263823e-08,0.30295824197265686,4.935435534610171e-08,0.38331726236538466
raw_gpt2_runs,rq_train_sids_num_l0,val_NDCG@1,159,16,61,0.38196924662564913,6.759870058679361e-07,0.34695165893027524,7.452231360545322e-06,0.3049513883014244,4.030730892582279e-08,0.38196924662564913
raw_gpt2_runs,rq_train_sids_num_min,val_NDCG@1,159,16,61,0.38196924662564913,6.759870058679361e-07,0.34695165893027524,7.452231360545322e-06,0.3049513883014244,4.030730892582279e-08,0.38196924662564913
raw_gpt2_runs,rq_train_sids_num_std,val_NDCG@1,159,16,61,-0.31969091944986955,3.9967896631750975e-05,-0.236147253923353,0.0027291003443366073,-0.22721868147949265,4.3097220326716694e-05,0.31969091944986955
raw_gpt2_runs,rq_val_sids_num_std,val_NDCG@1,159,17,61,-0.0892708772988284,0.2631328847719563,-0.11516282249490434,0.14831634251549297,-0.05009714019983967,0.36544456981312845,0.0892708772988284
raw_gpt2_runs,rq_train_entropy_std,val_NDCG@10,159,18,158,-0.6920511484977657,5.4483533166514684e-24,-0.6180035988021446,4.022864793418425e-18,-0.49187292173416025,2.587640928928655e-19,0.6920511484977657
raw_gpt2_runs,rq_val_entropy_std,val_NDCG@10,159,18,158,-0.6687375913370958,5.830490721741812e-22,-0.6044076319246905,3.2999745002309837e-17,-0.4822347608632484,1.2634814959583055e-18,0.6687375913370958
raw_gpt2_runs,rqvae_total_loss,val_NDCG@10,159,18,158,-0.6203433470578288,2.7717337654770116e-18,-0.4638644604634341,7.367629829316938e-10,-0.4701462201099014,8.841304891137818e-18,0.6203433470578288
raw_gpt2_runs,rq_train_entropy_l1,val_NDCG@10,159,18,158,0.614189787914997,7.33448113614592e-18,0.5868940219730918,4.3005480693914216e-16,0.4454790626267203,4.0347031308065696e-16,0.614189787914997
raw_gpt2_runs,rq_val_entropy_min,val_NDCG@10,159,16,158,0.6123201097602069,9.81647073969523e-18,0.5500654128642223,5.908840581188938e-14,0.4832176392297988,1.7785581043951463e-18,0.6123201097602069
raw_gpt2_runs,rq_val_sids_num_mean,val_NDCG@10,159,18,158,0.6110322765180921,1.1985648889880454e-17,0.5836607216665539,6.793595671960625e-16,0.48190804354559036,1.3325402992157793e-18,0.6110322765180921
raw_gpt2_runs,rq_val_sids_num_sum,val_NDCG@10,159,18,158,0.6110322765180921,1.1985648889880454e-17,0.5836607216665539,6.793595671960625e-16,0.48190804354559036,1.3325402992157793e-18,0.6110322765180921
raw_gpt2_runs,rq_val_entropy_mean,val_NDCG@10,159,18,158,0.6103595113056834,1.329842477850101e-17,0.4958803358786351,3.0074893807695934e-11,0.48092789159261634,1.5628707093821182e-18,0.6103595113056834
raw_gpt2_runs,rq_val_entropy_sum,val_NDCG@10,159,18,158,0.6103595113056834,1.329842477850101e-17,0.4958803358786351,3.0074893807695934e-11,0.48092789159261634,1.5628707093821182e-18,0.6103595113056834
raw_gpt2_runs,rq_val_entropy_l0,val_NDCG@10,159,16,158,0.6101639897692676,1.3705612889314437e-17,0.5470551836923241,8.606970861603335e-14,0.47992428336522364,3.0190607364789093e-18,0.6101639897692676
raw_gpt2_runs,rq_train_entropy_mean,val_NDCG@10,159,18,158,0.6097405673102674,1.4629623608913795e-17,0.5496428996845407,6.230577891647504e-14,0.4724332413335076,6.1413752982972775e-18,0.6097405673102674
raw_gpt2_runs,rq_train_entropy_sum,val_NDCG@10,159,18,158,0.6097405673102674,1.4629623608913795e-17,0.5496428996845408,6.230577891647387e-14,0.4724332413335076,6.1413752982972775e-18,0.6097405673102674
raw_gpt2_runs,rq_val_sids_num_l0,val_NDCG@10,159,15,158,0.6092443643053534,1.5790081272382527e-17,0.5824518511238225,8.049711388246323e-16,0.4796875605441363,3.911325664592152e-18,0.6092443643053534
raw_gpt2_runs,rq_val_sids_num_min,val_NDCG@10,159,15,158,0.6092443643053534,1.5790081272382527e-17,0.5824518511238225,8.049711388246323e-16,0.4796875605441363,3.911325664592152e-18,0.6092443643053534
raw_gpt2_runs,sid_path_avg_similarity,val_NDCG@10,159,18,158,0.6073455231540924,2.1120854682981746e-17,0.4630089607434019,7.989399909655768e-10,0.4742301865806267,4.606813842918004e-18,0.6073455231540924
raw_gpt2_runs,rq_train_entropy_l0,val_NDCG@10,159,18,158,0.6071840595031144,2.1647837758539667e-17,0.5696715084459573,4.6393643307342115e-15,0.4704729374275594,8.393729044242487e-18,0.6071840595031144
raw_gpt2_runs,rq_train_entropy_min,val_NDCG@10,159,18,158,0.6071840595031144,2.1647837758539667e-17,0.5700765689673775,4.393919626459352e-15,0.4704729374275594,8.393729044242487e-18,0.6071840595031144
raw_gpt2_runs,rq_val_entropy_l3,val_NDCG@10,159,18,158,0.6068073109841654,2.2927919753704895e-17,0.31541350103514254,5.128381494810025e-05,0.4747202625571138,4.2585953311067866e-18,0.6068073109841654
raw_gpt2_runs,rqvae_train_loss,val_NDCG@10,159,18,158,-0.6057308866443115,2.7006541796730315e-17,-0.4487713987227041,2.9790003587302258e-09,-0.4719431653570206,6.641092357004609e-18,0.6057308866443115
raw_gpt2_runs,rqvae_best_val_loss,val_NDCG@10,159,15,158,-0.6056873672821923,2.7185544920734044e-17,-0.4518516264406287,2.252332486774531e-09,-0.47806051890458195,4.794518263665801e-18,0.6056873672821923
raw_gpt2_runs,rq_val_entropy_max,val_NDCG@10,159,18,158,0.6050312108234064,3.002913903224973e-17,0.3465818019812926,7.632198456399586e-06,0.47292331730999465,5.678810598946995e-18,0.6050312108234064
raw_gpt2_runs,rq_val_sids_num_l3,val_NDCG@10,159,18,158,0.6046544623044575,3.179106696478579e-17,0.49452666359283115,3.466510980633947e-11,0.4703095787687304,8.61464858140976e-18,0.6046544623044575
raw_gpt2_runs,sid_unique_total,val_NDCG@10,159,18,158,0.6039547864835524,3.533502593644184e-17,0.56017196269061,1.6253302039516023e-14,0.4719431653570206,6.641092357004609e-18,0.6039547864835524
raw_gpt2_runs,sid_collisions,val_NDCG@10,159,18,158,-0.6039547864835524,3.533502593644184e-17,-0.56017196269061,1.6253302039516023e-14,-0.4719431653570206,6.641092357004609e-18,0.6039547864835524
raw_gpt2_runs,sid_icr,val_NDCG@10,159,18,158,0.6039547864835524,3.533502593644184e-17,0.5601719626906101,1.62533020395157e-14,0.4719431653570206,6.641092357004609e-18,0.6039547864835524
raw_gpt2_runs,sid_cur_total,val_NDCG@10,159,18,158,0.6039547864835524,3.533502593644184e-17,0.5601719626906099,1.6253302039516023e-14,0.4719431653570206,6.641092357004609e-18,0.6039547864835524
raw_gpt2_runs,rq_val_sids_num_l2,val_NDCG@10,159,17,158,0.6036788668200951,3.683625350633283e-17,0.5797684189747878,1.1701767914685975e-15,0.4697009586352309,1.1716157492601481e-17,0.6036788668200951
raw_gpt2_runs,rqvae_val_loss,val_NDCG@10,159,18,158,-0.5997836421666183,6.599680504761887e-17,-0.44359215329677804,4.737617745527239e-09,-0.464592025709715,2.1267857767381818e-17,0.5997836421666183
raw_gpt2_runs,rq_val_entropy_l2,val_NDCG@10,159,18,158,0.5988417708692463,7.590029326192401e-17,0.44191292755587475,5.4975243851264336e-09,0.46295843912142476,2.7479172513987705e-17,0.5988417708692463
raw_gpt2_runs,rq_train_entropy_l2,val_NDCG@10,159,18,158,0.5974155086189397,9.37159582537816e-17,0.5058404542217563,1.0372758569280307e-11,0.4477660838503265,2.855148216280108e-16,0.5974155086189397
raw_gpt2_runs,rq_val_entropy_l1,val_NDCG@10,159,18,158,0.5971733131424726,9.712211461399802e-17,0.5609886330978455,1.4615463194029315e-14,0.4603447005801606,4.132925055090415e-17,0.5971733131424726
raw_gpt2_runs,rq_val_sids_num_max,val_NDCG@10,159,16,158,0.5970988584197864,9.819330116802256e-17,0.5017836868685225,1.606931400489942e-11,0.46251451386270376,4.435994175029617e-17,0.5970988584197864
raw_gpt2_runs,rq_val_sids_num_l1,val_NDCG@10,159,15,158,0.5903096657163842,2.6383910129691965e-16,0.5937832455968383,1.595794625909466e-16,0.45033251366516547,3.4637363616886825e-16,0.5903096657163842
raw_gpt2_runs,rq_train_entropy_l3,val_NDCG@10,159,18,158,0.5878353319942397,3.760945137720358e-16,0.4422618012827709,5.330565688131727e-09,0.44400883469725927,5.034577688169913e-16,0.5878353319942397
raw_gpt2_runs,rq_train_entropy_max,val_NDCG@10,159,18,158,0.5878353319942397,3.760945137720358e-16,0.4422618012827709,5.330565688131727e-09,0.44400883469725927,5.034577688169913e-16,0.5878353319942397
raw_gpt2_runs,sid_max_cluster_size,val_NDCG@10,159,18,158,-0.5844176847152033,6.106710549549398e-16,-0.03911618368884607,0.6244651130014456,-0.4368210537087826,1.4709271917054894e-15,0.5844176847152033
raw_gpt2_runs,rq_train_sids_num_l3,val_NDCG@10,159,10,158,0.5705962695535445,4.09748438269205e-15,0.327604556085094,2.4948604945970493e-05,0.4445948082517565,2.8223145157895023e-14,0.5705962695535445
raw_gpt2_runs,rq_train_sids_num_max,val_NDCG@10,159,10,158,0.5705962695535445,4.09748438269205e-15,0.327604556085094,2.4948604945970493e-05,0.4445948082517565,2.8223145157895023e-14,0.5705962695535445
raw_gpt2_runs,rq_train_sids_num_l2,val_NDCG@10,159,10,158,0.5660716671751922,7.49618894916776e-15,0.44483227386592494,4.242498355798214e-09,0.4364234751009306,8.240483981986024e-14,0.5660716671751922
raw_gpt2_runs,rq_train_sids_num_l1,val_NDCG@10,159,9,158,0.5641008411595668,9.724306490189064e-15,0.4556689048635469,1.5865434528479626e-09,0.43527252023485763,1.1818452193881372e-13,0.5641008411595668
raw_gpt2_runs,rq_train_sids_num_mean,val_NDCG@10,159,16,158,0.4240144719681822,2.555198068544829e-08,0.414177683220574,5.727618851190901e-08,0.34357935057180966,4.48772973502069e-10,0.4240144719681822
raw_gpt2_runs,rq_train_sids_num_sum,val_NDCG@10,159,16,158,0.4240144719681822,2.555198068544829e-08,0.414177683220574,5.727618851190901e-08,0.34357935057180966,4.48772973502069e-10,0.4240144719681822
raw_gpt2_runs,rq_train_sids_num_l0,val_NDCG@10,159,16,158,0.4214001764791682,3.1745769447239975e-08,0.2962061085505694,0.00015005442817898735,0.34094466588014943,6.084561676733129e-10,0.4214001764791682
raw_gpt2_runs,rq_train_sids_num_min,val_NDCG@10,159,16,158,0.4214001764791682,3.1745769447239975e-08,0.2962061085505694,0.00015005442817898735,0.34094466588014943,6.084561676733129e-10,0.4214001764791682
raw_gpt2_runs,rq_train_sids_num_std,val_NDCG@10,159,16,158,-0.31240831093718,6.096348609050693e-05,-0.1470771680440925,0.0643116138261351,-0.22304252592835663,5.1596847426741794e-05,0.31240831093718
raw_gpt2_runs,rq_val_sids_num_std,val_NDCG@10,159,17,158,-0.06424378476094408,0.42109493096034456,-0.008687799479957547,0.9134510181057038,-0.025488919583939416,0.6424431268118282,0.06424378476094408
raw_gpt2_runs,rq_train_entropy_std,val_NDCG@20,159,18,158,-0.708206483798407,1.6342600992317149e-25,-0.6291085815031706,6.674942517488428e-19,-0.5080454289582326,1.6882969565926827e-20,0.708206483798407
raw_gpt2_runs,rq_val_entropy_std,val_NDCG@20,159,18,158,-0.6822287763965985,4.1139216545620584e-23,-0.6097348647297436,1.4642474304930968e-17,-0.4951400949107405,1.5012007539158148e-19,0.6822287763965985
raw_gpt2_runs,rqvae_total_loss,val_NDCG@20,159,18,158,-0.6421499101427033,7.36708738223696e-20,-0.48690505443423016,7.624681105803075e-11,-0.4902393351458701,3.3928388773726833e-19,0.6421499101427033
raw_gpt2_runs,rq_train_entropy_l1,val_NDCG@20,159,18,158,0.6338345321173315,3.0398592114417877e-19,0.605089866137149,2.976355134558303e-17,0.46099813521547667,3.732808117088111e-17,0.6338345321173315
raw_gpt2_runs,rq_val_entropy_min,val_NDCG@20,159,16,158,0.6331715868392505,3.3972421581589333e-19,0.5712906223762799,3.7316836734160155e-15,0.5024837710375638,7.498812756548018e-20,0.6331715868392505
raw_gpt2_runs,rq_val_entropy_l0,val_NDCG@20,159,16,158,0.6310424183481977,4.845938778373471e-19,0.5685070114752568,5.421808380035966e-15,0.49886107958653114,1.3726532503227692e-19,0.6310424183481977
raw_gpt2_runs,rq_val_sids_num_mean,val_NDCG@20,159,18,158,0.6309461268053901,4.9240872333080685e-19,0.6007514823239923,5.713736386779782e-17,0.500367571993269,6.236106063849344e-20,0.6309461268053901
raw_gpt2_runs,rq_val_sids_num_sum,val_NDCG@20,159,18,158,0.6309461268053901,4.9240872333080685e-19,0.6007514823239923,5.713736386779782e-17,0.500367571993269,6.236106063849344e-20,0.6309461268053901
raw_gpt2_runs,rq_train_entropy_mean,val_NDCG@20,159,18,158,0.6305514378807769,5.257493169651841e-19,0.5713765490863919,3.688691712327422e-15,0.4925263563694763,2.3213108031333436e-19,0.6305514378807769
raw_gpt2_runs,rq_train_entropy_sum,val_NDCG@20,159,18,158,0.6305514378807769,5.257493169651841e-19,0.571376549086392,3.688691712327348e-15,0.4925263563694763,2.3213108031333436e-19,0.6305514378807769
raw_gpt2_runs,rq_val_entropy_mean,val_NDCG@20,159,18,158,0.6303271828099741,5.456661608402176e-19,0.5196942208430443,2.225697863246687e-12,0.4987339854049788,8.214114201649407e-20,0.6303271828099741
raw_gpt2_runs,rq_val_entropy_sum,val_NDCG@20,159,18,158,0.6303271828099741,5.456661608402176e-19,0.5196942208430443,2.225697863246687e-12,0.4987339854049788,8.214114201649407e-20,0.6303271828099741
raw_gpt2_runs,rq_val_sids_num_l0,val_NDCG@20,159,15,158,0.6298510862772181,5.904274583669681e-19,0.5946097261850541,1.4146008610269447e-16,0.4970376100987812,2.355028234345274e-19,0.6298510862772181
raw_gpt2_runs,rq_val_sids_num_min,val_NDCG@20,159,15,158,0.6298510862772181,5.904274583669681e-19,0.5946097261850541,1.4146008610269447e-16,0.4970376100987812,2.355028234345274e-19,0.6298510862772181
raw_gpt2_runs,rq_train_entropy_l0,val_NDCG@20,159,18,158,0.6284524104180619,7.437280528709195e-19,0.5901397799197954,2.703658233074644e-16,0.4905660524635281,3.2141191330099327e-19,0.6284524104180619
raw_gpt2_runs,rq_train_entropy_min,val_NDCG@20,159,18,158,0.6284524104180619,7.437280528709195e-19,0.5905222484163247,2.558883557695042e-16,0.4905660524635281,3.2141191330099327e-19,0.6284524104180619
raw_gpt2_runs,rq_val_entropy_l3,val_NDCG@20,159,18,158,0.6273131946583831,8.96790773515338e-19,0.342756065863698,9.751667251053235e-06,0.49415994295776644,1.7682306126201308e-19,0.6273131946583831
raw_gpt2_runs,sid_path_avg_similarity,val_NDCG@20,159,18,158,0.6267749824884561,9.794300529727175e-19,0.48778739860564346,6.966601950106385e-11,0.4926897150283053,2.259077115600743e-19,0.6267749824884561
raw_gpt2_runs,rqvae_best_val_loss,val_NDCG@20,159,15,158,-0.6262808186341247,1.0618353035829307e-18,-0.4770774451960502,2.0482089675994246e-10,-0.4981963322332058,1.8327999527942823e-19,0.6262808186341247
raw_gpt2_runs,rq_val_entropy_max,val_NDCG@20,159,18,158,0.6256447369316094,1.1779436742958881e-18,0.3739471821914466,1.2013227864499773e-06,0.49203628039298924,2.5183556694255864e-19,0.6256447369316094
raw_gpt2_runs,rqvae_train_loss,val_NDCG@20,159,18,158,-0.6248912398937118,1.3316110508221654e-18,-0.47270337834731496,3.1480962329994424e-10,-0.48746223794577687,5.366692635514876e-19,0.6248912398937118
raw_gpt2_runs,rq_val_sids_num_l3,val_NDCG@20,159,18,158,0.6244875807662665,1.4218255406211325e-18,0.5185071747474065,2.546414005451667e-12,0.48778895526343485,5.085520469789279e-19,0.6244875807662665
raw_gpt2_runs,rq_val_sids_num_l2,val_NDCG@20,159,17,158,0.6243978912851187,1.4426674657455684e-18,0.5976598215064045,9.039828500853476e-17,0.4885512850156362,5.632342521808632e-19,0.6243978912851187
raw_gpt2_runs,sid_unique_total,val_NDCG@20,159,18,158,0.6233304246009235,1.7148590263951035e-18,0.5815442817622453,9.138959860513586e-16,0.4900759764870411,3.4858455085411757e-19,0.6233304246009235
raw_gpt2_runs,sid_collisions,val_NDCG@20,159,18,158,-0.6233304246009235,1.7148590263951035e-18,-0.5815442817622453,9.138959860513586e-16,-0.4900759764870411,3.4858455085411757e-19,0.6233304246009235
raw_gpt2_runs,sid_icr,val_NDCG@20,159,18,158,0.6233304246009235,1.7148590263951035e-18,0.5815442817622454,9.138959860513288e-16,0.4900759764870411,3.4858455085411757e-19,0.6233304246009235
raw_gpt2_runs,sid_cur_total,val_NDCG@20,159,18,158,0.6233304246009235,1.7148590263951035e-18,0.5815442817622453,9.138959860513586e-16,0.4900759764870411,3.4858455085411757e-19,0.6233304246009235
raw_gpt2_runs,rqvae_val_loss,val_NDCG@20,159,18,158,-0.6203971682748216,2.7479830703355183e-18,-0.46914064782095727,4.4479719127175524e-10,-0.4833782714750515,1.048475764164795e-18,0.6203971682748216
raw_gpt2_runs,rq_train_entropy_l2,val_NDCG@20,159,18,158,0.6191682504868216,3.3432867958867266e-18,0.529024839603474,7.584719214340818e-13,0.465245460345031,1.9191322196541436e-17,0.6191682504868216
raw_gpt2_runs,rq_val_entropy_l2,val_NDCG@20,159,18,158,0.619051637850004,3.405924783845489e-18,0.4669811013571598,5.474161935135243e-10,0.4807645329337873,1.6049079542980774e-18,0.619051637850004
raw_gpt2_runs,rq_val_sids_num_max,val_NDCG@20,159,16,158,0.6184892434398781,3.724484874429635e-18,0.5255662674023281,1.1347622783972227e-12,0.47945583496080424,3.080069005724769e-18,0.6184892434398781
raw_gpt2_runs,rq_val_entropy_l1,val_NDCG@20,159,18,158,0.6164413088258582,5.150053015958983e-18,0.5809865231915725,9.87835444663504e-16,0.47488362121594285,4.148400120228537e-18,0.6164413088258582
raw_gpt2_runs,rq_val_sids_num_l1,val_NDCG@20,159,15,158,0.609568855495122,1.5021446216019724e-17,0.6067441138416582,2.3149767888168474e-17,0.46485670688581227,3.796371316660794e-17,0.609568855495122
raw_gpt2_runs,rq_train_entropy_l3,val_NDCG@20,159,18,158,0.6071571488946179,2.173690828023397e-17,0.46842006508366885,4.767759675420634e-10,0.4578943206977254,6.047079257932715e-17,0.6071571488946179
raw_gpt2_runs,rq_train_entropy_max,val_NDCG@20,159,18,158,0.6071571488946179,2.173690828023397e-17,0.46842006508366885,4.767759675420634e-10,0.4578943206977254,6.047079257932715e-17,0.6071571488946179
raw_gpt2_runs,sid_max_cluster_size,val_NDCG@20,159,18,158,-0.606161456380253,2.529644585300725e-17,-0.06108943356386562,0.44430408352198636,-0.45593401679177725,8.187624914150593e-17,0.606161456380253
raw_gpt2_runs,rq_train_sids_num_l3,val_NDCG@20,159,10,158,0.5804091202812787,1.070519858891362e-15,0.3406105793559274,1.1172631605220742e-05,0.45443755045616047,7.567997093092548e-15,0.5804091202812787
raw_gpt2_runs,rq_train_sids_num_max,val_NDCG@20,159,10,158,0.5804091202812787,1.070519858891362e-15,0.3406105793559274,1.1172631605220742e-05,0.45443755045616047,7.567997093092548e-15,0.5804091202812787
raw_gpt2_runs,rq_train_sids_num_l2,val_NDCG@20,159,10,158,0.5760277015224946,1.9600676124905435e-15,0.4495603219316544,2.7738446672545167e-09,0.4473804900077199,1.9500917958298217e-14,0.5760277015224946
raw_gpt2_runs,rq_train_sids_num_l1,val_NDCG@20,159,9,158,0.5745358327606238,2.403379916479703e-15,0.4555793037221457,1.5997257994152225e-09,0.44571831459232586,3.034483238711796e-14,0.5745358327606238
raw_gpt2_runs,rq_train_sids_num_mean,val_NDCG@20,159,16,158,0.4294047719455309,1.62378389194664e-08,0.4147785558789563,5.456088129468323e-08,0.3519774080264764,1.6755219114781202e-10,0.4294047719455309
raw_gpt2_runs,rq_train_sids_num_sum,val_NDCG@20,159,16,158,0.4294047719455309,1.62378389194664e-08,0.4147785558789563,5.456088129468323e-08,0.3519774080264764,1.6755219114781202e-10,0.4294047719455309
raw_gpt2_runs,rq_train_sids_num_l0,val_NDCG@20,159,16,158,0.4274642639536854,1.9134090202784945e-08,0.28813922190099034,0.00023045518009859342,0.3490133877483587,2.378440668542975e-10,0.4274642639536854
raw_gpt2_runs,rq_train_sids_num_min,val_NDCG@20,159,16,158,0.4274642639536854,1.9134090202784945e-08,0.28813922190099034,0.00023045518009859342,0.3490133877483587,2.378440668542975e-10,0.4274642639536854
raw_gpt2_runs,rq_train_sids_num_std,val_NDCG@20,159,16,158,-0.29769279199901844,0.00013845317888599166,-0.1291245444007172,0.10477122653844965,-0.20871642791745443,0.00015171126931261264,0.29769279199901844
raw_gpt2_runs,rq_val_sids_num_std,val_NDCG@20,159,17,158,-0.04522105469656563,0.5713894660175922,0.015081019594123623,0.8503477735851007,-0.011228237887458843,0.8379436229172909,0.04522105469656563
raw_gpt2_runs,rq_train_entropy_std,val_NDCG@5,159,18,158,-0.66782263064822,6.944163900014598e-22,-0.6014091720123353,5.1791456113501397e-17,-0.4739034692629687,4.854424591778885e-18,0.66782263064822
raw_gpt2_runs,rq_val_entropy_std,val_NDCG@5,159,18,158,-0.6485994859789949,2.3804859581447004e-20,-0.597126510922741,9.779412240316502e-17,-0.46589889498034703,1.7315098385366714e-17,0.6485994859789949
raw_gpt2_runs,rqvae_total_loss,val_NDCG@5,159,18,158,-0.5945540139154947,1.426155978849623e-16,-0.4300000389019913,1.5437344748000586e-08,-0.4554439408152902,8.830293749947181e-17,0.5945540139154947
raw_gpt2_runs,rq_val_entropy_min,val_NDCG@5,159,16,158,0.5861367276202363,4.788852039491943e-16,0.5174200014377668,2.879218862817862e-12,0.4669155277001515,2.3583834686439635e-17,0.5861367276202363
raw_gpt2_runs,rq_train_entropy_mean,val_NDCG@5,159,18,158,0.5854941090550572,5.245308661859416e-16,0.51931378319544,2.3239548641685937e-12,0.4577309620388964,6.202036801017558e-17,0.5854941090550572
raw_gpt2_runs,rq_train_entropy_sum,val_NDCG@5,159,18,158,0.5854941090550572,5.245308661859416e-16,0.5193137831954399,2.3239548641685937e-12,0.4577309620388964,6.202036801017558e-17,0.5854941090550572
raw_gpt2_runs,rq_val_sids_num_mean,val_NDCG@5,159,18,158,0.5851980923615974,5.469597043909232e-16,0.5558750827266234,2.8286631598442627e-14,0.46426530839205693,2.238774064736904e-17,0.5851980923615974
raw_gpt2_runs,rq_val_sids_num_sum,val_NDCG@5,159,18,158,0.5851980923615974,5.469597043909232e-16,0.5558750827266234,2.8286631598442627e-14,0.46426530839205693,2.238774064736904e-17,0.5851980923615974
raw_gpt2_runs,rq_train_entropy_l1,val_NDCG@5,159,18,158,0.58508147972478,5.560499041012376e-16,0.5619579585097138,1.2879433516327408e-14,0.42260885039065843,1.1655961304412923e-14,0.58508147972478
raw_gpt2_runs,rq_val_entropy_mean,val_NDCG@5,159,18,158,0.585009718102123,5.617169644731911e-16,0.4588574540319885,1.1800283889217024e-09,0.465572177662689,1.8229408018292102e-17,0.585009718102123
raw_gpt2_runs,rq_val_entropy_sum,val_NDCG@5,159,18,158,0.585009718102123,5.617169644731911e-16,0.4588574540319885,1.1800283889217024e-09,0.465572177662689,1.8229408018292102e-17,0.585009718102123
raw_gpt2_runs,rq_val_entropy_l0,val_NDCG@5,159,16,158,0.5834954806313355,6.953270513686394e-16,0.5142025827152344,4.130895413046177e-12,0.46395150742203384,3.7383541678815957e-17,0.5834954806313355
raw_gpt2_runs,rq_val_sids_num_l0,val_NDCG@5,159,15,158,0.5822106821546958,8.326128841927635e-16,0.5631042313750076,1.108473403031907e-14,0.4629984652582397,5.324229457129772e-17,0.5822106821546958
raw_gpt2_runs,rq_val_sids_num_min,val_NDCG@5,159,15,158,0.5822106821546958,8.326128841927635e-16,0.5631042313750076,1.108473403031907e-14,0.4629984652582397,5.324229457129772e-17,0.5822106821546958
raw_gpt2_runs,rq_val_entropy_l3,val_NDCG@5,159,18,158,0.581376785955116,9.355135357525779e-16,0.2722995705748642,0.0005159694171274236,0.45903783130952847,5.064284084679951e-17,0.581376785955116
raw_gpt2_runs,rq_train_entropy_l0,val_NDCG@5,159,18,158,0.5810269480446635,9.822859128208224e-16,0.5401290843760334,2.0163154574231075e-13,0.453483636909342,1.1937148567201513e-16,0.5810269480446635
raw_gpt2_runs,rq_train_entropy_min,val_NDCG@5,159,18,158,0.5810269480446635,9.822859128208224e-16,0.5405539158724302,1.914804341042021e-13,0.453483636909342,1.1937148567201513e-16,0.5810269480446635
raw_gpt2_runs,rq_val_sids_num_l2,val_NDCG@5,159,17,158,0.5804961766779437,1.0576346013518415e-15,0.5515635511273379,4.893231133389388e-14,0.46019383750424386,5.18063539190552e-17,0.5804961766779437
raw_gpt2_runs,rq_val_entropy_max,val_NDCG@5,159,18,158,0.5794930433603716,1.2157389870705436e-15,0.3035752978545177,0.00010026808192561172,0.45430043020348704,1.0529678217440223e-16,0.5794930433603716
raw_gpt2_runs,sid_path_avg_similarity,val_NDCG@5,159,18,158,0.5789548311904447,1.309838574832703e-15,0.42392068773008423,2.57525312511246e-08,0.45822103801538344,5.74853071572915e-17,0.5789548311904447
raw_gpt2_runs,rq_val_sids_num_l3,val_NDCG@5,159,18,158,0.5782551553695395,1.442845273180508e-15,0.4566976313516931,1.442510493852133e-09,0.453646995568171,1.1641558631913183e-16,0.5782551553695395
raw_gpt2_runs,rqvae_best_val_loss,val_NDCG@5,159,15,158,-0.5781261054924661,1.468776716932202e-15,-0.41100468585929884,7.390515875348356e-08,-0.4607305156299467,7.164090205596092e-17,0.5781261054924661
raw_gpt2_runs,rqvae_train_loss,val_NDCG@5,159,18,158,-0.57736710528916,1.6307450196662432e-15,-0.40717744510559256,1.0015769393575082e-07,-0.45528058215646117,9.055378138650445e-17,0.57736710528916
raw_gpt2_runs,sid_unique_total,val_NDCG@5,159,18,158,0.575052792958474,2.2396930779220364e-15,0.5295530057640387,7.129270416821092e-13,0.452993560932855,1.2869038950471926e-16,0.575052792958474
raw_gpt2_runs,sid_collisions,val_NDCG@5,159,18,158,-0.575052792958474,2.2396930779220364e-15,-0.5295530057640387,7.129270416821092e-13,-0.452993560932855,1.2869038950471926e-16,0.575052792958474
raw_gpt2_runs,sid_icr,val_NDCG@5,159,18,158,0.575052792958474,2.2396930779220364e-15,0.5295530057640389,7.129270416820829e-13,0.452993560932855,1.2869038950471926e-16,0.575052792958474
raw_gpt2_runs,sid_cur_total,val_NDCG@5,159,18,158,0.575052792958474,2.2396930779220364e-15,0.5295530057640387,7.129270416821092e-13,0.452993560932855,1.2869038950471926e-16,0.575052792958474
raw_gpt2_runs,rq_train_entropy_l2,val_NDCG@5,159,18,158,0.5731690503637297,2.8943871567474435e-15,0.4745120949056405,2.6373995937033413e-10,0.4337172391910314,2.324751136980278e-15,0.5731690503637297
raw_gpt2_runs,rq_val_entropy_l2,val_NDCG@5,159,18,158,0.5725231957598172,3.1591957700731697e-15,0.40289490717361176,1.4010467428144285e-07,0.4449889866502333,4.344065779415601e-16,0.5725231957598172
raw_gpt2_runs,rq_val_sids_num_max,val_NDCG@5,159,16,158,0.5706706875070535,4.056665370750172e-15,0.464286801612409,7.078174388974778e-10,0.44804037544879266,4.02317356767378e-16,0.5706706875070535
raw_gpt2_runs,rqvae_val_loss,val_NDCG@5,159,18,158,-0.5699666879526641,4.459221207507822e-15,-0.4021475253278418,1.4848515121875075e-07,-0.4427019654266271,6.125925551046938e-16,0.5699666879526641
raw_gpt2_runs,rq_train_sids_num_l3,val_NDCG@5,159,10,158,0.5689544307158302,5.10704478083038e-15,0.3267029088331606,2.634225266460929e-05,0.4458947930712061,2.37576098320379e-14,0.5689544307158302
raw_gpt2_runs,rq_train_sids_num_max,val_NDCG@5,159,10,158,0.5689544307158302,5.10704478083038e-15,0.3267029088331606,2.634225266460929e-05,0.4458947930712061,2.37576098320379e-14,0.5689544307158302
raw_gpt2_runs,rq_val_entropy_l1,val_NDCG@5,159,18,158,0.5678407498814526,5.925851211484704e-15,0.5298422750611099,6.891212136576554e-13,0.4381279229794147,1.2119381983590045e-15,0.5678407498814526
raw_gpt2_runs,rq_train_sids_num_l2,val_NDCG@5,159,10,158,0.5653462035027138,8.251441621060679e-15,0.4530576632504837,2.0172266548278366e-09,0.4384663083886371,6.315370630900192e-14,0.5653462035027138
raw_gpt2_runs,rq_train_sids_num_l1,val_NDCG@5,159,9,158,0.5633462742611837,1.0738207511815088e-14,0.466380852202533,5.797826784379395e-10,0.43676477657163876,9.750706910020222e-14,0.5633462742611837
raw_gpt2_runs,rq_val_sids_num_l1,val_NDCG@5,159,15,158,0.5585299809730226,2.0105119301758132e-14,0.5708144627021865,3.978922958818414e-15,0.4244200325783299,1.5100921467339377e-14,0.5585299809730226
raw_gpt2_runs,rq_train_entropy_l3,val_NDCG@5,159,18,158,0.5578300035208109,2.2005327992002838e-14,0.405354271460525,1.1560884022686797e-07,0.4237523610024615,9.892016861166322e-15,0.5578300035208109
raw_gpt2_runs,rq_train_entropy_max,val_NDCG@5,159,18,158,0.5578300035208109,2.2005327992002838e-14,0.405354271460525,1.1560884022686797e-07,0.4237523610024615,9.892016861166322e-15,0.5578300035208109
raw_gpt2_runs,sid_max_cluster_size,val_NDCG@5,159,18,158,-0.5539010546803441,3.6389869995976666e-14,-0.00011797897922143655,0.9988223863833767,-0.41852488391993303,2.0870678772827492e-14,0.5539010546803441
raw_gpt2_runs,rq_train_sids_num_mean,val_NDCG@5,159,16,158,0.43384727751019564,1.1108275845659774e-08,0.42789815182242275,1.8446287059933772e-08,0.3542827571316791,1.273406285366765e-10,0.43384727751019564
raw_gpt2_runs,rq_train_sids_num_sum,val_NDCG@5,159,16,158,0.43384727751019564,1.1108275845659774e-08,0.42789815182242275,1.8446287059933772e-08,0.3542827571316791,1.273406285366765e-10,0.43384727751019564
raw_gpt2_runs,rq_train_sids_num_l0,val_NDCG@5,159,16,158,0.43045138852446607,1.4855830001568375e-08,0.32220999445453696,3.444918821691512e-05,0.3503307300941888,2.0362231830004444e-10,0.43045138852446607
raw_gpt2_runs,rq_train_sids_num_min,val_NDCG@5,159,16,158,0.43045138852446607,1.4855830001568375e-08,0.32220999445453696,3.444918821691512e-05,0.3503307300941888,2.0362231830004444e-10,0.43045138852446607
raw_gpt2_runs,rq_train_sids_num_std,val_NDCG@5,159,16,158,-0.32458589696934004,2.990802356962033e-05,-0.1816376934617735,0.02194101630673699,-0.23275792572885354,2.393547209103052e-05,0.32458589696934004
raw_gpt2_runs,rq_val_sids_num_std,val_NDCG@5,159,17,158,-0.08341460401902966,0.295864899791778,-0.045573603815164454,0.5683904404893529,-0.04106092833296993,0.4545007043166276,0.08341460401902966
raw_gpt2_runs,rq_train_entropy_std,val_Recall@1,159,18,61,-0.5689305145663573,5.1234097201689884e-15,-0.5329473534862266,4.776240099836889e-13,-0.3930708633835039,1.0694724579311629e-12,0.5689305145663573
raw_gpt2_runs,rq_val_entropy_std,val_Recall@1,159,18,61,-0.566557119915366,7.02888920412053e-15,-0.555134945111685,3.109450271513301e-14,-0.39751978952534195,5.939753823714594e-13,0.566557119915366
raw_gpt2_runs,rq_train_sids_num_l3,val_Recall@1,159,10,61,0.5124833244548389,5.002006083296298e-12,0.2898499633955777,0.00021063495522518927,0.40499084232922994,6.347799460190658e-12,0.5124833244548389
raw_gpt2_runs,rq_train_sids_num_max,val_Recall@1,159,10,61,0.5124833244548389,5.002006083296298e-12,0.2898499633955777,0.00021063495522518927,0.40499084232922994,6.347799460190658e-12,0.5124833244548389
raw_gpt2_runs,rq_train_sids_num_l1,val_Recall@1,159,9,61,0.5053979279572313,1.0883114551715234e-11,0.46478100045441884,6.753408653960132e-10,0.3934202863646616,2.9259517266396983e-11,0.5053979279572313
raw_gpt2_runs,rq_train_sids_num_l2,val_Recall@1,159,10,61,0.5042046044447338,1.238376233829513e-11,0.43613543037647756,9.115763324145013e-09,0.38981773491541516,3.7364171829772226e-11,0.5042046044447338
raw_gpt2_runs,rq_train_entropy_l1,val_Recall@1,159,18,61,0.5038124617034265,1.2919338474117976e-11,0.4780770001273257,1.855004101995063e-10,0.3764285841121839,9.1199680185803e-12,0.5038124617034265
raw_gpt2_runs,rqvae_total_loss,val_Recall@1,159,18,61,-0.4865032810540406,7.943915806370713e-11,-0.32822001084638613,2.4037529028219103e-05,-0.3719796579703459,1.593181197027769e-11,0.4865032810540406
raw_gpt2_runs,rq_train_entropy_l2,val_Recall@1,159,18,61,0.485682239048121,8.637028974985698e-11,0.37308096865837176,1.2771063519174443e-06,0.37692290923905475,8.568472610842098e-12,0.485682239048121
raw_gpt2_runs,rq_val_entropy_mean,val_Recall@1,159,18,61,0.48533228671772904,8.949935880945622e-11,0.35235155984801764,5.241811789519298e-06,0.386479861691892,2.526083454078827e-12,0.48533228671772904
raw_gpt2_runs,rq_val_entropy_sum,val_Recall@1,159,18,61,0.48533228671772904,8.949935880945622e-11,0.3523515598480175,5.241811789519298e-06,0.386479861691892,2.526083454078827e-12,0.48533228671772904
raw_gpt2_runs,rq_val_entropy_l1,val_Recall@1,159,18,61,0.48218271574420163,1.2306559583047772e-10,0.43692011743286346,8.515382937943284e-09,0.3838434610152473,3.548595655313572e-12,0.48218271574420163
raw_gpt2_runs,rqvae_val_loss,val_Recall@1,159,18,61,-0.4820077395790056,1.2525058351771132e-10,-0.29292002104688536,0.00017898688321238906,-0.38680941177647266,2.4206288392490618e-12,0.4820077395790056
raw_gpt2_runs,rq_val_sids_num_mean,val_Recall@1,159,18,61,0.48188660223387,1.267852133257692e-10,0.46931868259072834,4.3722147705441753e-10,0.38087751025402194,5.187451413463417e-12,0.48188660223387
raw_gpt2_runs,rq_val_sids_num_sum,val_Recall@1,159,18,61,0.48188660223387,1.267852133257692e-10,0.46931868259072834,4.3722147705441753e-10,0.38087751025402194,5.187451413463417e-12,0.48188660223387
raw_gpt2_runs,rq_train_entropy_mean,val_Recall@1,159,18,61,0.4811059393429956,1.371206072951566e-10,0.4220561517084192,3.006831783397619e-08,0.3737921834355391,1.270269333611588e-11,0.4811059393429956
raw_gpt2_runs,rq_train_entropy_sum,val_Recall@1,159,18,61,0.4811059393429956,1.371206072951566e-10,0.4220561517084193,3.006831783397564e-08,0.3737921834355391,1.270269333611588e-11,0.4811059393429956
raw_gpt2_runs,rq_val_entropy_l2,val_Recall@1,159,18,61,0.4806617690774982,1.4336024222472321e-10,0.2927868418435228,0.00018026240274341806,0.3802184100848607,5.641970683264632e-12,0.4806617690774982
raw_gpt2_runs,rq_val_sids_num_l2,val_Recall@1,159,17,61,0.4805405110544833,1.4511085169947035e-10,0.4628176427617713,8.135227875939552e-10,0.37605922569153577,1.092415787241939e-11,0.4805405110544833
raw_gpt2_runs,rq_val_sids_num_l3,val_Recall@1,159,18,61,0.4797195897264429,1.575185368599888e-10,0.35005636058361767,6.092205150555288e-06,0.3752751588161518,1.0545574014344927e-11,0.4797195897264429
raw_gpt2_runs,rq_val_entropy_l0,val_Recall@1,159,16,61,0.4797071278351708,1.5771458071436116e-10,0.41480795033520984,5.443127011423718e-08,0.38010961444869806,7.785524047366188e-12,0.4797071278351708
raw_gpt2_runs,sid_path_avg_similarity,val_Recall@1,159,18,61,0.47958499267629223,1.596484845916829e-10,0.311533093720928,6.408962949771588e-05,0.37659335915447417,8.932379046492213e-12,0.47958499267629223
raw_gpt2_runs,rq_val_entropy_min,val_Recall@1,159,16,61,0.4793836040576343,1.6288751472382702e-10,0.41843499164941356,4.051669214423608e-08,0.3781164681199306,9.995906187945088e-12,0.4793836040576343
raw_gpt2_runs,rq_val_entropy_l3,val_Recall@1,159,18,61,0.4792215806408852,1.6553948720927827e-10,0.1575685152537796,0.04730094202120518,0.3752751588161518,1.0545574014344927e-11,0.4792215806408852
raw_gpt2_runs,rq_val_sids_num_max,val_Recall@1,159,16,61,0.47919982885760404,1.6589868218133592e-10,0.36028072276465634,3.089989222777687e-06,0.3811666031684511,6.5848954114968235e-12,0.47919982885760404
raw_gpt2_runs,sid_unique_total,val_Recall@1,159,18,61,0.4784005386349657,1.7963346889275426e-10,0.4297715272357579,1.5740044637049388e-08,0.37857065966195774,6.955958233708239e-12,0.4784005386349657
raw_gpt2_runs,sid_collisions,val_Recall@1,159,18,61,-0.4784005386349657,1.7963346889275426e-10,-0.4297715272357579,1.5740044637049388e-08,-0.37857065966195774,6.955958233708239e-12,0.4784005386349657
raw_gpt2_runs,sid_icr,val_Recall@1,159,18,61,0.4784005386349657,1.7963346889275426e-10,0.4297715272357579,1.5740044637049388e-08,0.37857065966195774,6.955958233708239e-12,0.4784005386349657
raw_gpt2_runs,sid_cur_total,val_Recall@1,159,18,61,0.4784005386349657,1.7963346889275426e-10,0.4297715272357578,1.5740044637049388e-08,0.37857065966195774,6.955958233708239e-12,0.4784005386349657
raw_gpt2_runs,rq_val_sids_num_l0,val_Recall@1,159,15,61,0.4774410427396352,1.975777212528543e-10,0.4882027849506219,6.676172215677792e-11,0.3770937035527735,1.300595972793232e-11,0.4774410427396352
raw_gpt2_runs,rq_val_sids_num_min,val_Recall@1,159,15,61,0.4774410427396352,1.975777212528543e-10,0.4882027849506219,6.676172215677792e-11,0.3770937035527735,1.300595972793232e-11,0.4774410427396352
raw_gpt2_runs,rq_train_entropy_l0,val_Recall@1,159,18,61,0.47693343078832245,2.0776024356920224e-10,0.44400047598060377,4.568746026475973e-09,0.37346263335095853,1.323778448852476e-11,0.47693343078832245
raw_gpt2_runs,rq_train_entropy_min,val_Recall@1,159,18,61,0.47693343078832245,2.0776024356920224e-10,0.44445916584926876,4.385961508904363e-09,0.37346263335095853,1.323778448852476e-11,0.47693343078832245
raw_gpt2_runs,rq_val_entropy_max,val_Recall@1,159,18,61,0.47639504258771953,2.1911449228008368e-10,0.18931143570556866,0.0168509290331626,0.37395695847782945,1.2443151084814532e-11,0.47639504258771953
raw_gpt2_runs,rqvae_best_val_loss,val_Recall@1,159,15,61,-0.4759097028991745,2.2986266905519394e-10,-0.3009885334714269,0.00011565278024132086,-0.3775736415043093,1.1844567848351447e-11,0.4759097028991745
raw_gpt2_runs,rq_val_sids_num_l1,val_Recall@1,159,15,61,0.4747974545956486,2.564524693729389e-10,0.501686124609701,1.623822067129024e-11,0.37357815323442245,1.941892373878274e-11,0.4747974545956486
raw_gpt2_runs,rqvae_train_loss,val_Recall@1,159,18,61,-0.47445684506554875,2.6517388310467436e-10,-0.29905111498305825,0.00012859036581032231,-0.3683546070399593,2.498196129084596e-11,0.47445684506554875
raw_gpt2_runs,sid_max_cluster_size,val_Recall@1,159,18,61,-0.4722494534430765,3.290560844312098e-10,0.08672544006970201,0.27704248470244797,-0.36769550687079816,2.7098765664343902e-11,0.4722494534430765
raw_gpt2_runs,rq_train_entropy_l3,val_Recall@1,159,18,61,0.4718322025876092,3.4269995520945477e-10,0.2984056559935594,0.0001331923052751321,0.36769550687079816,2.7098765664343902e-11,0.4718322025876092
raw_gpt2_runs,rq_train_entropy_max,val_Recall@1,159,18,61,0.4718322025876092,3.4269995520945477e-10,0.2984056559935594,0.0001331923052751321,0.36769550687079816,2.7098765664343902e-11,0.4718322025876092
raw_gpt2_runs,rq_train_sids_num_mean,val_Recall@1,159,16,61,0.38331726236538466,6.127989286883408e-07,0.4251689994385108,2.3202853800263823e-08,0.30295824197265686,4.935435534610171e-08,0.38331726236538466
raw_gpt2_runs,rq_train_sids_num_sum,val_Recall@1,159,16,61,0.38331726236538466,6.127989286883408e-07,0.4251689994385108,2.3202853800263823e-08,0.30295824197265686,4.935435534610171e-08,0.38331726236538466
raw_gpt2_runs,rq_train_sids_num_l0,val_Recall@1,159,16,61,0.38196924662564913,6.759870058679361e-07,0.34695165893027524,7.452231360545322e-06,0.3049513883014244,4.030730892582279e-08,0.38196924662564913
raw_gpt2_runs,rq_train_sids_num_min,val_Recall@1,159,16,61,0.38196924662564913,6.759870058679361e-07,0.34695165893027524,7.452231360545322e-06,0.3049513883014244,4.030730892582279e-08,0.38196924662564913
raw_gpt2_runs,rq_train_sids_num_std,val_Recall@1,159,16,61,-0.31969091944986955,3.9967896631750975e-05,-0.236147253923353,0.0027291003443366073,-0.22721868147949265,4.3097220326716694e-05,0.31969091944986955
raw_gpt2_runs,rq_val_sids_num_std,val_Recall@1,159,17,61,-0.0892708772988284,0.2631328847719563,-0.11516282249490434,0.14831634251549297,-0.05009714019983967,0.36544456981312845,0.0892708772988284
raw_gpt2_runs,rq_train_entropy_std,val_Recall@10,159,18,111,-0.7227370558123483,5.6500847408160646e-27,-0.6408167346324333,9.273800952387331e-20,-0.521279603893339,2.1190704671525564e-21,0.7227370558123483
raw_gpt2_runs,rq_val_entropy_std,val_Recall@10,159,18,111,-0.6912721671091507,6.414649937803881e-24,-0.6124676218039151,9.593974567170555e-18,-0.5003170562030005,7.722214117534418e-20,0.6912721671091507
raw_gpt2_runs,rqvae_total_loss,val_Recall@10,159,18,111,-0.6576812117993508,4.628203755499097e-21,-0.5129413455854321,4.753913665847891e-12,-0.49556772899190826,1.709357687815175e-19,0.6576812117993508
raw_gpt2_runs,rq_train_entropy_l1,val_Recall@10,159,18,111,0.6502758616569446,1.7668434551310254e-20,0.622247787337026,2.0420380994190274e-18,0.46985585409047737,1.1098762108553614e-17,0.6502758616569446
raw_gpt2_runs,rq_val_entropy_min,val_Recall@10,159,16,111,0.6492851643299705,2.107697997417588e-20,0.5959209699889881,1.1675657945138634e-16,0.5082885060560811,3.4771855000715373e-20,0.6492851643299705
raw_gpt2_runs,rq_val_sids_num_mean,val_Recall@10,159,18,111,0.6471450715906821,3.0784755889031787e-20,0.6218651266132756,2.171689050604589e-18,0.5073591620677236,2.3449561860602548e-20,0.6471450715906821
raw_gpt2_runs,rq_val_sids_num_sum,val_Recall@10,159,18,111,0.6471450715906821,3.0784755889031787e-20,0.6218651266132756,2.171689050604589e-18,0.5073591620677236,2.3449561860602548e-20,0.6471450715906821
raw_gpt2_runs,rq_val_sids_num_l0,val_Recall@10,159,15,111,0.6467014038018534,3.328742269479685e-20,0.609503430773095,1.5173418315438824e-17,0.5080624887120866,4.62175056319079e-20,0.6467014038018534
raw_gpt2_runs,rq_val_sids_num_min,val_Recall@10,159,15,111,0.6467014038018534,3.328742269479685e-20,0.609503430773095,1.5173418315438824e-17,0.5080624887120866,4.62175056319079e-20,0.6467014038018534
raw_gpt2_runs,rq_val_entropy_l0,val_Recall@10,159,16,111,0.6458755934622212,3.848688038554514e-20,0.5932389297764763,1.7273015921297257e-16,0.5046566947104384,6.399681531569961e-20,0.6458755934622212
raw_gpt2_runs,sid_path_avg_similarity,val_Recall@10,159,18,111,0.6449113560419732,4.556868868683661e-20,0.519730820861809,2.2164606771342355e-12,0.5017909853374775,6.025466334243192e-20,0.6449113560419732
raw_gpt2_runs,rq_val_entropy_mean,val_Recall@10,159,18,111,0.6448440754531567,4.61078702261022e-20,0.5487033841907545,7.008323907543678e-14,0.503592454279616,4.4450236553546743e-20,0.6448440754531567
raw_gpt2_runs,rq_val_entropy_sum,val_Recall@10,159,18,111,0.6448440754531567,4.61078702261022e-20,0.5487033841907546,7.008323907543678e-14,0.503592454279616,4.4450236553546743e-20,0.6448440754531567
raw_gpt2_runs,rq_train_entropy_mean,val_Recall@10,159,18,111,0.6445256139994252,4.8745904481653844e-20,0.5933900073144625,1.6897763467177906e-16,0.4954039590880775,1.7566097365313676e-19,0.6445256139994252
raw_gpt2_runs,rq_train_entropy_sum,val_Recall@10,159,18,111,0.6445256139994252,4.8745904481653844e-20,0.5933900073144625,1.6897763467177906e-16,0.4954039590880775,1.7566097365313676e-19,0.6445256139994252
raw_gpt2_runs,rqvae_train_loss,val_Recall@10,159,18,111,-0.6445211286268373,4.878409515590147e-20,-0.5065286710807287,9.624869435467737e-12,-0.500644596010662,7.308426857885028e-20,0.6445211286268373
raw_gpt2_runs,rqvae_best_val_loss,val_Recall@10,159,15,111,-0.6431057875967389,6.241945527165183e-20,-0.5096789419088593,6.818669187760052e-12,-0.504579867278106,7.77900593991518e-20,0.6431057875967389
raw_gpt2_runs,rq_train_entropy_l0,val_Recall@10,159,18,111,0.6428301431612486,6.547893878430225e-20,0.6117924483763285,1.065440248977442e-17,0.495731498895739,1.663362054480425e-19,0.6428301431612486
raw_gpt2_runs,rq_train_entropy_min,val_Recall@10,159,18,111,0.6428301431612486,6.547893878430225e-20,0.6121658356979829,1.0054559618858792e-17,0.495731498895739,1.663362054480425e-19,0.6428301431612486
raw_gpt2_runs,rq_val_entropy_l3,val_Recall@10,159,18,111,0.6423681497847085,7.093902013243266e-20,0.3783049702892862,8.807089908677451e-07,0.5001532862991698,7.937707109677086e-20,0.6423681497847085
raw_gpt2_runs,rq_val_sids_num_l3,val_Recall@10,159,18,111,0.6416280633077265,8.062741033885769e-20,0.5478481397200706,7.797930948672332e-14,0.5004808261068313,7.512505177720917e-20,0.6416280633077265
raw_gpt2_runs,sid_unique_total,val_Recall@10,159,18,111,0.6412782042458807,8.564702880678823e-20,0.604649215581427,3.181630342465283e-17,0.4994982066838467,8.860735029149546e-20,0.6412782042458807
raw_gpt2_runs,sid_collisions,val_Recall@10,159,18,111,-0.6412782042458807,8.564702880678823e-20,-0.604649215581427,3.181630342465283e-17,-0.4994982066838467,8.860735029149546e-20,0.6412782042458807
raw_gpt2_runs,sid_icr,val_Recall@10,159,18,111,0.6412782042458807,8.564702880678823e-20,0.6046492155814271,3.181630342465283e-17,0.4994982066838467,8.860735029149546e-20,0.6412782042458807
raw_gpt2_runs,sid_cur_total,val_Recall@10,159,18,111,0.6412782042458807,8.564702880678823e-20,0.604649215581427,3.181630342465283e-17,0.4994982066838467,8.860735029149546e-20,0.6412782042458807
raw_gpt2_runs,rq_val_entropy_max,val_Recall@10,159,18,111,0.6401613464715263,1.0380516441891525e-19,0.40875308752239037,8.841723078464944e-08,0.4972054280302159,1.300766333067216e-19,0.6401613464715263
raw_gpt2_runs,rq_val_sids_num_l2,val_Recall@10,159,17,111,0.6376567682368243,1.593090272341973e-19,0.6191086088669787,3.375181032566345e-18,0.4914244670008273,4.2745644647718127e-19,0.6376567682368243
raw_gpt2_runs,rqvae_val_loss,val_Recall@10,159,18,111,-0.6369184220905695,1.8061479147404152e-19,-0.5019591771447407,1.5769771685449003e-11,-0.4891807027425082,4.918708241524149e-19,0.6369184220905695
raw_gpt2_runs,rq_val_entropy_l1,val_Recall@10,159,18,111,0.6330161479392107,3.486808269300082e-19,0.6045281198156441,3.2404235926055534e-17,0.4818110570701236,1.6378079044710475e-18,0.6330161479392107
raw_gpt2_runs,rq_val_entropy_l2,val_Recall@10,159,18,111,0.6325720960530216,3.7555944756292205e-19,0.49832956192857514,2.3222046505730637e-11,0.4837762959160928,1.1904463483254977e-18,0.6325720960530216
raw_gpt2_runs,rq_val_sids_num_max,val_Recall@10,159,16,111,0.631586607481819,4.426564427555671e-19,0.5541319193988374,3.533648207586883e-14,0.48544472884509693,1.4202972004672586e-18,0.631586607481819
raw_gpt2_runs,rq_val_sids_num_l1,val_Recall@10,159,15,111,0.6296275831180849,6.126604954318728e-19,0.6236229969090974,1.6356258324521868e-18,0.4793467373355216,4.703818516854532e-18,0.6296275831180849
raw_gpt2_runs,rq_train_entropy_l2,val_Recall@10,159,18,111,0.6278669402084521,8.188911375603906e-19,0.5523051391828003,4.455537706881414e-14,0.4629775181295851,3.2671363300040954e-17,0.6278669402084521
raw_gpt2_runs,rq_train_entropy_l3,val_Recall@10,159,18,111,0.6240005490377956,1.5386514438709147e-18,0.49573944525195246,3.052370641115734e-11,0.4705109337058005,1.0006144893374524e-17,0.6240005490377956
raw_gpt2_runs,rq_train_entropy_max,val_Recall@10,159,18,111,0.6240005490377956,1.5386514438709147e-18,0.49573944525195246,3.052370641115734e-11,0.4705109337058005,1.0006144893374524e-17,0.6240005490377956
raw_gpt2_runs,sid_max_cluster_size,val_Recall@10,159,18,111,-0.6223319904351456,2.014541586828224e-18,-0.09633270161035658,0.2270717596215266,-0.4634688278410774,3.0262045388442745e-17,0.6223319904351456
raw_gpt2_runs,rq_train_sids_num_l3,val_Recall@10,159,10,111,0.5728597945573461,3.01836775799855e-15,0.3331434692079199,1.779863606360473e-05,0.44748275385454295,2.2242680405274465e-14,0.5728597945573461
raw_gpt2_runs,rq_train_sids_num_max,val_Recall@10,159,10,111,0.5728597945573461,3.01836775799855e-15,0.3331434692079199,1.779863606360473e-05,0.44748275385454295,2.2242680405274465e-14,0.5728597945573461
raw_gpt2_runs,rq_train_sids_num_l2,val_Recall@10,159,10,111,0.5688790492698432,5.158799063760529e-15,0.4362446731988645,9.02980202488816e-09,0.43947702952928996,6.366166723068767e-14,0.5688790492698432
raw_gpt2_runs,rq_train_sids_num_l1,val_Recall@10,159,9,111,0.5663653523677064,7.209990806270376e-15,0.4411191076460151,5.8964018700692556e-09,0.4366487934722441,1.1354873419357452e-13,0.5663653523677064
raw_gpt2_runs,rq_train_sids_num_mean,val_Recall@10,159,16,111,0.4167021186412744,4.6674455917802544e-08,0.39744218827282907,2.1336087844138088e-07,0.33817116097950056,9.185492630963763e-10,0.4167021186412744
raw_gpt2_runs,rq_train_sids_num_sum,val_Recall@10,159,16,111,0.4167021186412744,4.6674455917802544e-08,0.39744218827282907,2.1336087844138088e-07,0.33817116097950056,9.185492630963763e-10,0.4167021186412744
raw_gpt2_runs,rq_train_sids_num_l0,val_Recall@10,159,16,111,0.413494696243945,6.052004409499087e-08,0.26287550387145553,0.0008149816072679288,0.3368505023083578,1.0670450850962107e-09,0.413494696243945
raw_gpt2_runs,rq_train_sids_num_min,val_Recall@10,159,16,111,0.413494696243945,6.052004409499087e-08,0.26287550387145553,0.0008149816072679288,0.3368505023083578,1.0670450850962107e-09,0.413494696243945
raw_gpt2_runs,rq_train_sids_num_std,val_Recall@10,159,16,111,-0.2899280745585957,0.00020976898854594976,-0.1006254842197788,0.2069367374125996,-0.20511479986186448,0.00020414896042599622,0.2899280745585957
raw_gpt2_runs,rq_val_sids_num_std,val_Recall@10,159,17,111,-0.033288424464033364,0.6770042106626541,0.0428260951169707,0.5919573927314683,-0.004190377498251495,0.9393053866887219,0.033288424464033364
raw_gpt2_runs,rq_train_entropy_std,val_Recall@20,159,18,119,-0.7413240620451615,5.514127809374607e-29,-0.650705614560976,1.6363526155182445e-20,-0.5439411808377588,3.474317689379566e-23,0.7413240620451615
raw_gpt2_runs,rq_val_entropy_std,val_Recall@20,159,18,119,-0.7087339529882328,1.4516029122923252e-25,-0.6159626401988699,5.553422372114221e-18,-0.5234830350261988,1.3606093315377816e-21,0.7087339529882328
raw_gpt2_runs,rqvae_total_loss,val_Recall@20,159,18,119,-0.6839975847734017,2.875357087161904e-23,-0.5384882261629337,2.459871503464197e-13,-0.5254470170241085,9.625303619628329e-22,0.6839975847734017
raw_gpt2_runs,rq_train_entropy_l1,val_Recall@20,159,18,119,0.6724210541546385,2.8664474019320096e-22,0.6419413616843886,7.637748540061501e-20,0.48714936806486814,6.535181748669999e-19,0.6724210541546385
raw_gpt2_runs,rq_val_entropy_min,val_Recall@20,159,16,119,0.6722389319764974,2.9695760432803653e-22,0.6184962435294712,3.72034628044249e-18,0.533204879281928,4.449682088762222e-22,0.6722389319764974
raw_gpt2_runs,rq_train_entropy_mean,val_Recall@20,159,18,119,0.669850983622073,4.709366593958542e-22,0.6175086197762273,4.35099262345343e-18,0.5246286911916461,1.1120244749627443e-21,0.669850983622073
raw_gpt2_runs,rq_train_entropy_sum,val_Recall@20,159,18,119,0.669850983622073,4.709366593958542e-22,0.6175086197762273,4.35099262345343e-18,0.5246286911916461,1.1120244749627443e-21,0.669850983622073
raw_gpt2_runs,rq_val_sids_num_l0,val_Recall@20,159,15,119,0.6696880281061265,4.859161079152864e-22,0.6203984442889956,2.7474224010723326e-18,0.532238755743249,6.917614150390812e-22,0.6696880281061265
raw_gpt2_runs,rq_val_sids_num_min,val_Recall@20,159,15,119,0.6696880281061265,4.859161079152864e-22,0.6203984442889956,2.7474224010723326e-18,0.532238755743249,6.917614150390812e-22,0.6696880281061265
raw_gpt2_runs,rq_val_sids_num_mean,val_Recall@20,159,18,119,0.6685951027335594,5.991632425640245e-22,0.6387301893075276,1.3265524794414524e-19,0.5292113158534356,4.940400836611077e-22,0.6685951027335594
raw_gpt2_runs,rq_val_sids_num_sum,val_Recall@20,159,18,119,0.6685951027335594,5.991632425640245e-22,0.6387301893075276,1.3265524794414524e-19,0.5292113158534356,4.940400836611077e-22,0.6685951027335594
raw_gpt2_runs,sid_path_avg_similarity,val_Recall@20,159,18,119,0.6679357652670898,6.795910822852748e-22,0.5462539718485407,9.507213192501519e-14,0.5283929900209732,5.713501467633008e-22,0.6679357652670898
raw_gpt2_runs,rq_val_entropy_l0,val_Recall@20,159,16,119,0.667886082808877,6.860629520187632e-22,0.6161722784025752,5.3730982547713505e-18,0.5269357625081924,1.3398785452272342e-21,0.667886082808877
raw_gpt2_runs,rqvae_best_val_loss,val_Recall@20,159,15,119,-0.667697789927729,7.111435119430462e-22,-0.5368664095532107,2.9909294199581667e-13,-0.535427024599469,3.6851603120461906e-22,0.667697789927729
raw_gpt2_runs,rq_train_entropy_l0,val_Recall@20,159,18,119,0.6673078248228329,7.659770204399036e-22,0.6339138408602482,2.9996508020685918e-19,0.5234830350261988,1.3606093315377816e-21,0.6673078248228329
raw_gpt2_runs,rq_train_entropy_min,val_Recall@20,159,18,119,0.6673078248228329,7.659770204399036e-22,0.6342504142317447,2.8347249839890343e-19,0.5234830350261988,1.3606093315377816e-21,0.6673078248228329
raw_gpt2_runs,rq_val_entropy_mean,val_Recall@20,159,18,119,0.6665363551341745,8.86931078441593e-22,0.5744111817165675,2.4445613158873263e-15,0.5229920395267214,1.4832934223554966e-21,0.6665363551341745
raw_gpt2_runs,rq_val_entropy_sum,val_Recall@20,159,18,119,0.6665363551341745,8.86931078441593e-22,0.5744111817165675,2.4445613158873263e-15,0.5229920395267214,1.4832934223554966e-21,0.6665363551341745
raw_gpt2_runs,rqvae_train_loss,val_Recall@20,159,18,119,-0.6651773126012472,1.1470971264002902e-21,-0.5313618811282961,5.762121183966843e-13,-0.5238103653591837,1.2844540012495854e-21,0.6651773126012472
raw_gpt2_runs,sid_unique_total,val_Recall@20,159,18,119,0.6639528287349465,1.4446110000103794e-21,0.6277029297363966,8.412465396298316e-19,0.5233193698597063,1.4003453323445666e-21,0.6639528287349465
raw_gpt2_runs,sid_collisions,val_Recall@20,159,18,119,-0.6639528287349465,1.4446110000103794e-21,-0.6277029297363966,8.412465396298316e-19,-0.5233193698597063,1.4003453323445666e-21,0.6639528287349465
raw_gpt2_runs,sid_icr,val_Recall@20,159,18,119,0.6639528287349465,1.4446110000103794e-21,0.6277029297363969,8.412465396297678e-19,0.5233193698597063,1.4003453323445666e-21,0.6639528287349465
raw_gpt2_runs,sid_cur_total,val_Recall@20,159,18,119,0.6639528287349465,1.4446110000103794e-21,0.6277029297363966,8.412465396298316e-19,0.5233193698597063,1.4003453323445666e-21,0.6639528287349465
raw_gpt2_runs,rq_val_entropy_l3,val_Recall@20,159,18,119,0.6639124611349586,1.455608467741073e-21,0.40889951084350734,8.739585909731059e-08,0.5223373788607514,1.664044684565048e-21,0.6639124611349586
raw_gpt2_runs,rq_val_entropy_max,val_Recall@20,159,18,119,0.6618671694022363,2.134310444450277e-21,0.4394172994321705,6.84761803581758e-09,0.5185730800314243,3.2145454037290787e-21,0.6618671694022363
raw_gpt2_runs,rq_val_sids_num_l3,val_Recall@20,159,18,119,0.6614500375356943,2.306730174208456e-21,0.5737607256454388,2.670871538447328e-15,0.5159544373675446,5.068161361930587e-21,0.6614500375356943
raw_gpt2_runs,rqvae_val_loss,val_Recall@20,159,18,119,-0.6608445235358753,2.5815317128700692e-21,-0.5296409844543469,7.056033752474778e-13,-0.5169364283664996,4.273819367143031e-21,0.6608445235358753
raw_gpt2_runs,rq_val_sids_num_l2,val_Recall@20,159,17,119,0.6604448265842989,2.7802349622621783e-21,0.6371291664255505,1.742644810384766e-19,0.514758356198084,8.019955728706855e-21,0.6604448265842989
raw_gpt2_runs,rq_val_entropy_l2,val_Recall@20,159,18,119,0.6555025444708048,6.890750244903702e-21,0.5256538251563407,1.1233106049040684e-12,0.5059708622115033,2.8165232318184064e-20,0.6555025444708048
raw_gpt2_runs,rq_train_entropy_l2,val_Recall@20,159,18,119,0.6538385022935241,9.318249960607807e-21,0.5785897063292653,1.3776818725512963e-15,0.4866583725653907,7.082782193438353e-19,0.6538385022935241
raw_gpt2_runs,rq_val_sids_num_max,val_Recall@20,159,16,119,0.6530738653707533,1.0697577594415223e-20,0.5799071575772795,1.1478571505458044e-15,0.501777800680691,9.25648921100905e-20,0.6530738653707533
raw_gpt2_runs,rq_val_entropy_l1,val_Recall@20,159,18,119,0.651654166605288,1.3808289283544136e-20,0.6253555347113987,1.2347549781978168e-18,0.4956599567224771,1.5997684287254394e-19,0.651654166605288
raw_gpt2_runs,rq_val_sids_num_l1,val_Recall@20,159,15,119,0.647689768749939,2.796306566763565e-20,0.6351954429522703,2.417633830584804e-19,0.4908632249918232,7.064646299666182e-19,0.647689768749939
raw_gpt2_runs,sid_max_cluster_size,val_Recall@20,159,18,119,-0.6473617451399039,2.963042535392122e-20,-0.12036283509207425,0.1307267840058434,-0.4899316758952403,4.1359887229018063e-19,0.6473617451399039
raw_gpt2_runs,rq_train_entropy_l3,val_Recall@20,159,18,119,0.6428809415412428,6.490428712958306e-20,0.5260497819391974,1.0729104836267355e-12,0.4812574220711388,1.7074273010818864e-18,0.6428809415412428
raw_gpt2_runs,rq_train_entropy_max,val_Recall@20,159,18,119,0.6428809415412428,6.490428712958306e-20,0.5260497819391974,1.0729104836267355e-12,0.4812574220711388,1.7074273010818864e-18,0.6428809415412428
raw_gpt2_runs,rq_train_sids_num_l3,val_Recall@20,159,10,119,0.585719463536568,5.080601779608689e-16,0.353677735859886,4.803099330019127e-06,0.45966262885137127,4.171356361937118e-15,0.585719463536568
raw_gpt2_runs,rq_train_sids_num_max,val_Recall@20,159,10,119,0.585719463536568,5.080601779608689e-16,0.353677735859886,4.803099330019127e-06,0.45966262885137127,4.171356361937118e-15,0.585719463536568
raw_gpt2_runs,rq_train_sids_num_l2,val_Recall@20,159,10,119,0.5839295934808194,6.541396613389634e-16,0.44459152442478606,4.334541486995973e-09,0.4561274780931539,6.73817272167056e-15,0.5839295934808194
raw_gpt2_runs,rq_train_sids_num_l1,val_Recall@20,159,9,119,0.5821559793697394,8.390103463440893e-16,0.4422229953763751,5.3488925242860345e-09,0.45505774224583156,9.79547114881002e-15,0.5821559793697394
raw_gpt2_runs,rq_train_sids_num_mean,val_Recall@20,159,16,119,0.43022006904636245,1.5151176521276938e-08,0.40070486232736063,1.6603914840395888e-07,0.3580820515103418,8.729435060186108e-11,0.43022006904636245
raw_gpt2_runs,rq_train_sids_num_sum,val_Recall@20,159,16,119,0.43022006904636245,1.5151176521276938e-08,0.40070486232736063,1.6603914840395888e-07,0.3580820515103418,8.729435060186108e-11,0.43022006904636245
raw_gpt2_runs,rq_train_sids_num_l0,val_Recall@20,159,16,119,0.42690489599610043,2.005726092424709e-08,0.2555490719719532,0.001149671163240242,0.3565972606955097,1.0431507229804719e-10,0.42690489599610043
raw_gpt2_runs,rq_train_sids_num_min,val_Recall@20,159,16,119,0.42690489599610043,2.005726092424709e-08,0.2555490719719532,0.001149671163240242,0.3565972606955097,1.0431507229804719e-10,0.42690489599610043
raw_gpt2_runs,rq_train_sids_num_std,val_Recall@20,159,16,119,-0.27190034142653424,0.0005262349667479703,-0.07961381962008786,0.3184949007896193,-0.19310529430677498,0.0004678184139262816,0.27190034142653424
raw_gpt2_runs,rq_val_sids_num_std,val_Recall@20,159,17,119,-0.015152850390285051,0.849643378066604,0.07233218559984143,0.3649013285583037,0.007390054563379735,0.8931125978002165,0.015152850390285051
raw_gpt2_runs,rq_train_entropy_std,val_Recall@5,159,18,103,-0.6934267027273379,4.078533302434222e-24,-0.6229232741514256,1.831397674456336e-18,-0.5012079874262328,7.179157024405435e-20,0.6934267027273379
raw_gpt2_runs,rq_val_entropy_std,val_Recall@5,159,18,103,-0.6670875135221777,7.987644711987041e-22,-0.6079863441706874,1.915018634209422e-17,-0.48579881299677546,9.203837434062248e-19,0.6670875135221777
raw_gpt2_runs,rqvae_total_loss,val_Recall@5,159,18,103,-0.6251834424127419,1.2698234623076582e-18,-0.4678497668611096,5.036496126147581e-10,-0.4817006283080901,1.7903400376215286e-18,0.6251834424127419
raw_gpt2_runs,rq_val_entropy_min,val_Recall@5,159,16,103,0.6151675437151628,6.29267986950996e-18,0.5530758992467834,4.041075998068811e-14,0.49307938171408905,4.680199780327443e-19,0.6151675437151628
raw_gpt2_runs,rq_train_entropy_mean,val_Recall@5,159,18,103,0.6144181062253466,7.077071609628122e-18,0.5545874852756476,3.334422905972657e-14,0.4839956117337539,1.2342652956976084e-18,0.6144181062253466
raw_gpt2_runs,rq_train_entropy_sum,val_Recall@5,159,18,103,0.6144181062253466,7.077071609628122e-18,0.5545874852756478,3.33442290597256e-14,0.4839956117337539,1.2342652956976084e-18,0.6144181062253466
raw_gpt2_runs,rq_val_sids_num_mean,val_Recall@5,159,18,103,0.6128840458186429,8.992129711936753e-18,0.586327305695979,4.661101688135539e-16,0.4880937964224394,6.325636387137806e-19,0.6128840458186429
raw_gpt2_runs,rq_val_sids_num_sum,val_Recall@5,159,18,103,0.6128840458186429,8.992129711936753e-18,0.586327305695979,4.661101688135539e-16,0.4880937964224394,6.325636387137806e-19,0.6128840458186429
raw_gpt2_runs,rq_val_entropy_mean,val_Recall@5,159,18,103,0.6116460321570923,1.0899043331597397e-17,0.4988134560906142,2.2060078551977564e-11,0.4856348856092281,9.453082884372957e-19,0.6116460321570923
raw_gpt2_runs,rq_val_entropy_sum,val_Recall@5,159,18,103,0.6116460321570923,1.0899043331597397e-17,0.4988134560906142,2.2060078551977564e-11,0.4856348856092281,9.453082884372957e-19,0.6116460321570923
raw_gpt2_runs,rq_val_entropy_l0,val_Recall@5,159,16,103,0.6111109311956298,1.1840697024461428e-17,0.5500808851397834,5.897371047594677e-14,0.4889483547225166,9.1642335250749e-19,0.6111109311956298
raw_gpt2_runs,rq_val_sids_num_l0,val_Recall@5,159,15,103,0.6108187266024268,1.2387998335690853e-17,0.5872308184339052,4.0993231815190964e-16,0.4894824579093859,1.0562408754850084e-18,0.6108187266024268
raw_gpt2_runs,rq_val_sids_num_min,val_Recall@5,159,15,103,0.6108187266024268,1.2387998335690853e-17,0.5872308184339052,4.0993231815190964e-16,0.4894824579093859,1.0562408754850084e-18,0.6108187266024268
raw_gpt2_runs,rq_train_entropy_l1,val_Recall@5,159,18,103,0.6106502385597583,1.2714733099329658e-17,0.591671865728552,2.1677956383538468e-16,0.44170234574651984,8.869766900861863e-16,0.6106502385597583
raw_gpt2_runs,rq_train_entropy_l0,val_Recall@5,159,18,103,0.6091834615042258,1.5938566988191006e-17,0.5742096483671396,2.5126023453823504e-15,0.479733499657521,2.4591843903153174e-18,0.6091834615042258
raw_gpt2_runs,rq_train_entropy_min,val_Recall@5,159,18,103,0.6091834615042258,1.5938566988191006e-17,0.5746138706909516,2.3779434146070786e-15,0.479733499657521,2.4591843903153174e-18,0.6091834615042258
raw_gpt2_runs,sid_path_avg_similarity,val_Recall@5,159,18,103,0.6088470447483696,1.6783688429984082e-17,0.4667789414221653,5.581169574077788e-10,0.4833399021835642,1.3728893147402209e-18,0.6088470447483696
raw_gpt2_runs,rq_val_entropy_l3,val_Recall@5,159,18,103,0.6084568013115765,1.7818959468454184e-17,0.31754612201142535,4.5311133502638964e-05,0.48252026524582714,1.5679539172551016e-18,0.6084568013115765
raw_gpt2_runs,rq_val_sids_num_l2,val_Recall@5,159,17,103,0.607846678774586,1.956376071333945e-17,0.5831455548023289,7.303589725299184e-16,0.4815343758361737,2.2916501571411613e-18,0.607846678774586
raw_gpt2_runs,rqvae_best_val_loss,val_Recall@5,159,15,103,-0.6076628404405903,2.012146364996298e-17,-0.453229074345468,1.9857968147783415e-09,-0.48709506410301323,1.4654179576655074e-18,0.6076628404405903
raw_gpt2_runs,rqvae_train_loss,val_Recall@5,159,18,103,-0.6070842209476837,2.1980093773971187e-17,-0.44844584864391307,3.0678560792039364e-09,-0.48055313659525806,2.1548554622491983e-18,0.6070842209476837
raw_gpt2_runs,rq_val_entropy_max,val_Recall@5,159,18,103,0.606276820733629,2.4856520748086768e-17,0.3483094134549051,6.825424654759484e-06,0.479733499657521,2.4591843903153174e-18,0.606276820733629
raw_gpt2_runs,rq_val_sids_num_l3,val_Recall@5,159,18,103,0.6047158469864568,3.1497258637106406e-17,0.4964561226248581,2.8306277111081228e-11,0.47661887929412006,4.0544982713310315e-18,0.6047158469864568
raw_gpt2_runs,sid_unique_total,val_Recall@5,159,18,103,0.6036258566974829,3.713172269302061e-17,0.5657166006611359,7.857011802616278e-15,0.4769467340692149,3.847198508130923e-18,0.6036258566974829
raw_gpt2_runs,sid_collisions,val_Recall@5,159,18,103,-0.6036258566974829,3.713172269302061e-17,-0.5657166006611359,7.857011802616278e-15,-0.4769467340692149,3.847198508130923e-18,0.6036258566974829
raw_gpt2_runs,sid_icr,val_Recall@5,159,18,103,0.6036258566974829,3.713172269302061e-17,0.5657166006611359,7.857011802616278e-15,0.4769467340692149,3.847198508130923e-18,0.6036258566974829
raw_gpt2_runs,sid_cur_total,val_Recall@5,159,18,103,0.6036258566974829,3.713172269302061e-17,0.5657166006611359,7.857011802616278e-15,0.4769467340692149,3.847198508130923e-18,0.6036258566974829
raw_gpt2_runs,rq_val_entropy_l2,val_Recall@5,159,18,103,0.5977991184860554,8.855831570379495e-17,0.4451003169127697,4.142236593244895e-09,0.4631768335152317,3.3827941970768904e-17,0.5977991184860554
raw_gpt2_runs,rq_train_entropy_l2,val_Recall@5,159,18,103,0.5969782616017665,9.995285932906746e-17,0.512034273578688,5.25741792289738e-12,0.4490790781861537,2.9374951338061374e-16,0.5969782616017665
raw_gpt2_runs,rqvae_val_loss,val_Recall@5,159,18,103,-0.5967225848673158,1.03785719181634e-16,-0.4443832886587748,4.41570363827086e-09,-0.46334076090277915,3.2975728909481285e-17,0.5967225848673158
raw_gpt2_runs,rq_val_sids_num_max,val_Recall@5,159,16,103,0.5943506926503053,1.4691132710332279e-16,0.5030901840486985,1.3965190950097642e-11,0.46470242569678233,4.020946914720635e-17,0.5943506926503053
raw_gpt2_runs,rq_val_entropy_l1,val_Recall@5,159,18,103,0.5919320102639248,2.0877506148888837e-16,0.5638455065714897,1.005648483601728e-14,0.45432475458767113,1.3243115539659637e-16,0.5919320102639248
raw_gpt2_runs,rq_val_sids_num_l1,val_Recall@5,159,15,103,0.5837582633822448,6.701024866478944e-16,0.5946789275415127,1.4003752325230603e-16,0.4437020322108033,1.1562055921569012e-15,0.5837582633822448
raw_gpt2_runs,rq_train_entropy_l3,val_Recall@5,159,18,103,0.5828487578558104,7.614168022023233e-16,0.44592655066491554,3.847347059909025e-09,0.4438334017846363,6.45739899551038e-16,0.5828487578558104
raw_gpt2_runs,rq_train_entropy_max,val_Recall@5,159,18,103,0.5828487578558104,7.614168022023233e-16,0.44592655066491554,3.847347059909025e-09,0.4438334017846363,6.45739899551038e-16,0.5828487578558104
raw_gpt2_runs,sid_max_cluster_size,val_Recall@5,159,18,103,-0.5803996438731778,1.0719316737076008e-15,-0.038236699890796276,0.6322820963006938,-0.4367845241200973,1.8347577081877627e-15,0.5803996438731778
raw_gpt2_runs,rq_train_sids_num_l3,val_Recall@5,159,10,103,0.5715157722083184,3.6200567983379234e-15,0.33794400838698146,1.3212170902008748e-05,0.44940392966226,1.8203997968188455e-14,0.5715157722083184
raw_gpt2_runs,rq_train_sids_num_max,val_Recall@5,159,10,103,0.5715157722083184,3.6200567983379234e-15,0.33794400838698146,1.3212170902008748e-05,0.44940392966226,1.8203997968188455e-14,0.5715157722083184
raw_gpt2_runs,rq_train_sids_num_l2,val_Recall@5,159,10,103,0.5698689934188345,4.5180742326920475e-15,0.4554618129965606,1.6171715912974764e-09,0.44511768028128057,3.20812911349241e-14,0.5698689934188345
raw_gpt2_runs,rq_train_sids_num_l1,val_Recall@5,159,9,103,0.5667253296020921,6.8736910797684375e-15,0.46298122433310424,8.010383790272264e-10,0.440812310789632,6.991588289650984e-14,0.5667253296020921
raw_gpt2_runs,rq_train_sids_num_mean,val_Recall@5,159,16,103,0.43384415188830017,1.1111264801207104e-08,0.42444889408069986,2.4642417768617023e-08,0.35948196880663563,7.880141075803969e-11,0.43384415188830017
raw_gpt2_runs,rq_train_sids_num_sum,val_Recall@5,159,16,103,0.43384415188830017,1.1111264801207104e-08,0.42444889408069986,2.4642417768617023e-08,0.35948196880663563,7.880141075803969e-11,0.43384415188830017
raw_gpt2_runs,rq_train_sids_num_l0,val_Recall@5,159,16,103,0.4282107165621711,1.7965605337679965e-08,0.307471141761883,8.066732659074272e-05,0.3543594953370858,1.4532159244692166e-10,0.4282107165621711
raw_gpt2_runs,rq_train_sids_num_min,val_Recall@5,159,16,103,0.4282107165621711,1.7965605337679965e-08,0.307471141761883,8.066732659074272e-05,0.3543594953370858,1.4532159244692166e-10,0.4282107165621711
raw_gpt2_runs,rq_train_sids_num_std,val_Recall@5,159,16,103,-0.30750964770855344,8.049286086057987e-05,-0.1558236156130565,0.04983756595211074,-0.2228275959254186,5.557471511926809e-05,0.30750964770855344
raw_gpt2_runs,rq_val_sids_num_std,val_Recall@5,159,17,103,-0.06602082552986273,0.40833626920769495,-0.01366435322249776,0.8642635332695627,-0.02862065974226959,0.6033503717910111,0.06602082552986273
