slice,sid_metric,target_metric,n,n_unique_sid,n_unique_target,spearman_rho,spearman_p,pearson_r,pearson_p,kendall_tau,kendall_p,abs_spearman
all_rows,pas_behavioral,NDCG@1,11,6,10,0.6037122778185576,0.04921269640216948,0.6165730126152299,0.04334390450840212,0.44263520637871306,0.06822808679705429,0.6037122778185576
all_rows,gamma,NDCG@1,11,2,10,0.5011402523360258,0.11633945886179559,0.48483271497112934,0.1306679781136829,0.4303314829119352,0.11302436851255683,0.5011402523360258
all_rows,unique_l0,NDCG@1,11,3,10,0.4652657089690788,0.14928082969024378,0.49544114809251294,0.1212259941348526,0.40032038451271784,0.13009389144724806,0.4652657089690788
all_rows,unique_l1,NDCG@1,11,3,10,0.4652657089690788,0.14928082969024378,0.48756334408258667,0.1281943238170015,0.40032038451271784,0.13009389144724806,0.4652657089690788
all_rows,unique_l2,NDCG@1,11,3,10,0.4652657089690788,0.14928082969024378,0.48478524771456677,0.1307112446592751,0.40032038451271784,0.13009389144724806,0.4652657089690788
all_rows,entropy_mean,NDCG@1,11,6,10,0.19816509882593875,0.5591536434798087,0.45366961977182463,0.16105410884879134,0.13471506281091267,0.5789100661590745,0.19816509882593875
all_rows,unique_total_base,NDCG@1,11,6,10,0.19816509882593875,0.5591536434798087,0.47784179281482536,0.13713861614561793,0.13471506281091267,0.5789100661590745,0.19816509882593875
all_rows,n_collisions,NDCG@1,11,6,10,-0.19816509882593875,0.5591536434798087,-0.47784179281482553,0.13713861614561784,-0.13471506281091267,0.5789100661590745,0.19816509882593875
all_rows,cfr,NDCG@1,11,6,10,0.19816509882593875,0.5591536434798087,0.4778417928148254,0.13713861614561784,0.13471506281091267,0.5789100661590745,0.19816509882593875
all_rows,cur_total,NDCG@1,11,6,10,0.19816509882593875,0.5591536434798087,0.47784179281482503,0.13713861614561823,0.13471506281091267,0.5789100661590745,0.19816509882593875
all_rows,zipf_alpha_full,NDCG@1,11,6,10,-0.19816509882593875,0.5591536434798087,-0.4750633612217466,0.13976547476303494,-0.13471506281091267,0.5789100661590745,0.19816509882593875
all_rows,pas_emb,NDCG@1,11,6,10,0.18894811748519744,0.5779278216328015,0.48523465250921227,0.1303019760140832,0.13471506281091267,0.5789100661590745,0.18894811748519744
all_rows,entropy_l1,NDCG@1,11,6,10,0.14286321078149072,0.6751842568701595,0.4415929641894758,0.1739093188720705,0.13471506281091267,0.5789100661590745,0.14286321078149072
all_rows,entropy_l2,NDCG@1,11,6,10,0.11982075742963738,0.7256547923244632,0.01781504538651823,0.9585381970884158,0.057735026918962574,0.8119993835788952,0.11982075742963738
all_rows,entropy_l0,NDCG@1,11,6,10,0.10599528541852539,0.7564282865418906,0.489047982441718,0.12686202224780663,0.13471506281091267,0.5789100661590745,0.10599528541852539
all_rows,max_dupe,NDCG@1,11,6,10,-0.07834434139630138,0.8188981102895322,-0.4231984509544349,0.19466316682403156,-0.13471506281091267,0.5789100661590745,0.07834434139630138
all_rows,entropy_l3,NDCG@1,11,6,10,0.06451886938518936,0.8505137906021056,0.039928556336863395,0.907210660870489,0.057735026918962574,0.8119993835788952,0.06451886938518936
all_rows,entropy_min,NDCG@1,11,6,10,0.023042453351853343,0.9463855609355984,0.4781104133998741,0.13688631824758557,-0.019245008972987525,0.9368079280695977,0.023042453351853343
all_rows,n_layers,NDCG@1,11,1,10,,,,,,,
all_rows,codebook_size,NDCG@1,11,1,10,,,,,,,
all_rows,embed_dim,NDCG@1,11,1,10,,,,,,,
all_rows,beta,NDCG@1,11,1,10,,,,,,,
all_rows,ema_decay,NDCG@1,11,1,10,,,,,,,
all_rows,temperature,NDCG@1,11,1,10,,,,,,,
all_rows,margin,NDCG@1,1,1,1,,,,,,,
all_rows,unique_l3,NDCG@1,11,1,10,,,,,,,
all_rows,entropy_mean,NDCG@10,11,6,10,0.7327500165889363,0.010316775964022938,0.9376320996185329,2.0206850070628976e-05,0.5965952781626133,0.013980758261535968,0.7327500165889363
all_rows,unique_total_base,NDCG@10,11,6,10,0.7327500165889363,0.010316775964022938,0.934510236297565,2.505908917043674e-05,0.5965952781626133,0.013980758261535968,0.7327500165889363
all_rows,n_collisions,NDCG@10,11,6,10,-0.7327500165889363,0.010316775964022938,-0.9345102362975652,2.5059089170436312e-05,-0.5965952781626133,0.013980758261535968,0.7327500165889363
all_rows,cfr,NDCG@10,11,6,10,0.7327500165889363,0.010316775964022938,0.9345102362975656,2.5059089170435953e-05,0.5965952781626133,0.013980758261535968,0.7327500165889363
all_rows,cur_total,NDCG@10,11,6,10,0.7327500165889363,0.010316775964022938,0.9345102362975651,2.505908917043674e-05,0.5965952781626133,0.013980758261535968,0.7327500165889363
all_rows,zipf_alpha_full,NDCG@10,11,6,10,-0.7327500165889363,0.010316775964022938,-0.9398540736353347,1.7219302077767852e-05,-0.5965952781626133,0.013980758261535968,0.7327500165889363
all_rows,entropy_l2,NDCG@10,11,6,10,0.6774481285444883,0.022005748839214606,0.5424582764589365,0.0846943390093004,0.5196152422706631,0.032304096454665795,0.6774481285444883
all_rows,pas_behavioral,NDCG@10,11,6,10,0.6590141658630055,0.027421990599358907,0.8585252046770423,0.0007163003214641265,0.5581052602166382,0.021494016117075035,0.6590141658630055
all_rows,unique_l0,NDCG@10,11,3,10,0.610661243021916,0.0459779189560761,0.9283683848975334,3.7173789280845615e-05,0.5337605126836238,0.04355909141025417,0.610661243021916
all_rows,unique_l1,NDCG@10,11,3,10,0.610661243021916,0.0459779189560761,0.9211678468160879,5.660099137363328e-05,0.5337605126836238,0.04355909141025417,0.610661243021916
all_rows,unique_l2,NDCG@10,11,3,10,0.610661243021916,0.0459779189560761,0.8387479247966755,0.0012525148029009557,0.5337605126836238,0.04355909141025417,0.610661243021916
all_rows,entropy_min,NDCG@10,11,6,10,0.557627371114851,0.07468667694778676,0.9307290948983045,3.2081297718437095e-05,0.44263520637871306,0.06822808679705429,0.557627371114851
all_rows,entropy_l1,NDCG@10,11,6,10,0.557627371114851,0.07468667694778676,0.9158290033107973,7.54164465281208e-05,0.44263520637871306,0.06822808679705429,0.557627371114851
all_rows,entropy_l0,NDCG@10,11,6,10,0.5207594457518856,0.10049542251304476,0.9278841501255066,3.82907922114861e-05,0.365655170486763,0.13197287495492677,0.5207594457518856
all_rows,entropy_l3,NDCG@10,11,6,10,0.5023254830704029,0.11533941889392824,0.5200513922346878,0.10104118800694706,0.365655170486763,0.13197287495492677,0.5023254830704029
all_rows,gamma,NDCG@10,11,2,10,0.5011402523360258,0.11633945886179559,0.9183565437051551,6.599377482958446e-05,0.4303314829119352,0.11302436851255683,0.5011402523360258
all_rows,pas_emb,NDCG@10,11,6,10,0.33641981893705886,0.31173839609592374,0.92152639699187,5.548104689438575e-05,0.2501851166488378,0.30269444491762354,0.33641981893705886
all_rows,max_dupe,NDCG@10,11,6,10,-0.1336462294407494,0.6952412193060609,-0.8879920119460074,0.00026175157270632747,-0.057735026918962574,0.8119993835788952,0.1336462294407494
all_rows,n_layers,NDCG@10,11,1,10,,,,,,,
all_rows,codebook_size,NDCG@10,11,1,10,,,,,,,
all_rows,embed_dim,NDCG@10,11,1,10,,,,,,,
all_rows,beta,NDCG@10,11,1,10,,,,,,,
all_rows,ema_decay,NDCG@10,11,1,10,,,,,,,
all_rows,temperature,NDCG@10,11,1,10,,,,,,,
all_rows,margin,NDCG@10,1,1,1,,,,,,,
all_rows,unique_l3,NDCG@10,11,1,10,,,,,,,
all_rows,entropy_mean,NDCG@20,11,6,9,0.7898572950972258,0.003825380280246721,0.9755636081283999,3.1500413388745777e-07,0.6604743864029395,0.006864653330939174,0.7898572950972258
all_rows,unique_total_base,NDCG@20,11,6,9,0.7898572950972258,0.003825380280246721,0.9717996959435152,5.969358830546932e-07,0.6604743864029395,0.006864653330939174,0.7898572950972258
all_rows,n_collisions,NDCG@20,11,6,9,-0.7898572950972258,0.003825380280246721,-0.9717996959435152,5.969358830546932e-07,-0.6604743864029395,0.006864653330939174,0.7898572950972258
all_rows,cfr,NDCG@20,11,6,9,0.7898572950972258,0.003825380280246721,0.9717996959435152,5.969358830546932e-07,0.6604743864029395,0.006864653330939174,0.7898572950972258
all_rows,cur_total,NDCG@20,11,6,9,0.7898572950972258,0.003825380280246721,0.9717996959435153,5.969358830546729e-07,0.6604743864029395,0.006864653330939174,0.7898572950972258
all_rows,zipf_alpha_full,NDCG@20,11,6,9,-0.7898572950972258,0.003825380280246721,-0.9756749201310603,3.0864800861685744e-07,-0.6604743864029395,0.006864653330939174,0.7898572950972258
all_rows,entropy_l0,NDCG@20,11,6,9,0.7529049070225018,0.007484273382099884,0.9665708784981886,1.2736751001956657e-06,0.6216229519086491,0.010949079132165647,0.7529049070225018
all_rows,entropy_l2,NDCG@20,11,6,9,0.7529049070225018,0.007484273382099884,0.5544615103612528,0.07670635136552455,0.5827715174143585,0.017065207572717365,0.7529049070225018
all_rows,entropy_min,NDCG@20,11,6,9,0.7344287129851398,0.01005511423393655,0.9693431708057045,8.661909795396404e-07,0.5827715174143585,0.017065207572717365,0.7344287129851398
all_rows,unique_l0,NDCG@20,11,3,9,0.7286431424819468,0.010977735580788524,0.9681584423050533,1.0255812559373024e-06,0.6465269501284384,0.015189801759424644,0.7286431424819468
all_rows,unique_l1,NDCG@20,11,3,9,0.7286431424819468,0.010977735580788524,0.9597405766084871,2.9113454999365986e-06,0.6465269501284384,0.015189801759424644,0.7286431424819468
all_rows,unique_l2,NDCG@20,11,3,9,0.7286431424819468,0.010977735580788524,0.8830679615125359,0.0003153345508705294,0.6465269501284384,0.015189801759424644,0.7286431424819468
all_rows,entropy_l1,NDCG@20,11,6,9,0.6050953547236058,0.048556778743024914,0.9546089868132428,4.958055529563279e-06,0.5050686484257774,0.03870967690867218,0.6050953547236058
all_rows,pas_behavioral,NDCG@20,11,6,9,0.5681429666488818,0.06823441331448478,0.8635339877178009,0.0006136683530305621,0.4662172139314868,0.056360223771616376,0.5681429666488818
all_rows,entropy_l3,NDCG@20,11,6,9,0.5681429666488818,0.06823441331448478,0.5316184886500211,0.09236562628435009,0.4273657794371963,0.08025302260481086,0.5681429666488818
all_rows,gamma,NDCG@20,11,2,9,0.5022883414749454,0.11537067274689113,0.9565317095159339,4.0920340325016194e-06,0.43437224276306935,0.1122015216842506,0.5022883414749454
all_rows,max_dupe,NDCG@20,11,6,9,-0.4018572203126237,0.2205267297231269,-0.9520713780823934,6.309838528255139e-06,-0.31081147595432457,0.20331631295883246,0.4018572203126237
all_rows,pas_emb,NDCG@20,11,6,9,0.2632857650324086,0.4340753137319767,0.9553653024779134,4.602056654577265e-06,0.2331086069657434,0.3400229423719202,0.2632857650324086
all_rows,n_layers,NDCG@20,11,1,9,,,,,,,
all_rows,codebook_size,NDCG@20,11,1,9,,,,,,,
all_rows,embed_dim,NDCG@20,11,1,9,,,,,,,
all_rows,beta,NDCG@20,11,1,9,,,,,,,
all_rows,ema_decay,NDCG@20,11,1,9,,,,,,,
all_rows,temperature,NDCG@20,11,1,9,,,,,,,
all_rows,margin,NDCG@20,1,1,1,,,,,,,
all_rows,unique_l3,NDCG@20,11,1,9,,,,,,,
all_rows,pas_behavioral,NDCG@5,11,6,9,0.7067144219290968,0.015037263106609938,0.8806711717651514,0.0003442437173716545,0.6021972346615039,0.013708599836814528,0.7067144219290968
all_rows,entropy_mean,NDCG@5,11,6,9,0.6882382278917347,0.019214795942904445,0.911462072595867,9.408302680901805e-05,0.5633458001672133,0.02112237966018446,0.6882382278917347
all_rows,unique_total_base,NDCG@5,11,6,9,0.6882382278917347,0.019214795942904445,0.9118976744508435,9.207727540032595e-05,0.5633458001672133,0.02112237966018446,0.6882382278917347
all_rows,n_collisions,NDCG@5,11,6,9,-0.6882382278917347,0.019214795942904445,-0.9118976744508436,9.207727540032483e-05,-0.5633458001672133,0.02112237966018446,0.6882382278917347
all_rows,cfr,NDCG@5,11,6,9,0.6882382278917347,0.019214795942904445,0.9118976744508438,9.207727540032396e-05,0.5633458001672133,0.02112237966018446,0.6882382278917347
all_rows,cur_total,NDCG@5,11,6,9,0.6882382278917347,0.019214795942904445,0.9118976744508435,9.207727540032595e-05,0.5633458001672133,0.02112237966018446,0.6882382278917347
all_rows,zipf_alpha_full,NDCG@5,11,6,9,-0.6882382278917347,0.019214795942904445,-0.9169102624067189,7.126760737186743e-05,-0.5633458001672133,0.02112237966018446,0.6882382278917347
all_rows,entropy_l2,NDCG@5,11,6,9,0.6235715487609677,0.04036281880442809,0.5055286231252991,0.11266455121750474,0.48564293117863205,0.04683936380170556,0.6235715487609677
all_rows,entropy_l1,NDCG@5,11,6,9,0.5589048696302008,0.07388187130105237,0.8871058153641579,0.0002708418449913654,0.4467914966843415,0.06744008804796868,0.5589048696302008
all_rows,unique_l0,NDCG@5,11,3,9,0.5537687882862796,0.07715308831142295,0.9067493926837756,0.000117985473548365,0.4848952125963289,0.06862716754973477,0.5537687882862796
all_rows,unique_l1,NDCG@5,11,3,9,0.5537687882862796,0.07715308831142295,0.9009269860954191,0.0001536173320923164,0.4848952125963289,0.06862716754973477,0.5537687882862796
all_rows,unique_l2,NDCG@5,11,3,9,0.5537687882862796,0.07715308831142295,0.8080651365856135,0.002616888182437667,0.4848952125963289,0.06862716754973477,0.5537687882862796
all_rows,gamma,NDCG@5,11,2,9,0.5022883414749454,0.11537067274689113,0.8985502234287815,0.00017030826105018503,0.43437224276306935,0.1122015216842506,0.5022883414749454
all_rows,entropy_l3,NDCG@5,11,6,9,0.49423819049943374,0.12227398139560597,0.486776281339587,0.12890423000305737,0.3690886276957604,0.1308674824599955,0.49423819049943374
all_rows,entropy_min,NDCG@5,11,6,9,0.4665238994433907,0.14803682456632894,0.9084180498479295,0.00010904735318412068,0.40794006219005097,0.09497678092556953,0.4665238994433907
all_rows,pas_emb,NDCG@5,11,6,9,0.42957151136866667,0.1873117469004782,0.9071835367619459,0.00011560809715597431,0.29138575870717925,0.23300651285105256,0.42957151136866667
all_rows,entropy_l0,NDCG@5,11,6,9,0.38338102627526166,0.244468549866063,0.9064472043513757,0.00011966215336109164,0.2525343242128887,0.30130920797954996,0.38338102627526166
all_rows,max_dupe,NDCG@5,11,6,9,-0.041571436584064515,0.9034078790146136,-0.8430244298775345,0.0011170674427310855,0.019425717247145285,0.9366269830457421,0.041571436584064515
all_rows,n_layers,NDCG@5,11,1,9,,,,,,,
all_rows,codebook_size,NDCG@5,11,1,9,,,,,,,
all_rows,embed_dim,NDCG@5,11,1,9,,,,,,,
all_rows,beta,NDCG@5,11,1,9,,,,,,,
all_rows,ema_decay,NDCG@5,11,1,9,,,,,,,
all_rows,temperature,NDCG@5,11,1,9,,,,,,,
all_rows,margin,NDCG@5,1,1,1,,,,,,,
all_rows,unique_l3,NDCG@5,11,1,9,,,,,,,
all_rows,pas_behavioral,Recall@1,11,6,10,0.6037122778185576,0.04921269640216948,0.6165730126152299,0.04334390450840212,0.44263520637871306,0.06822808679705429,0.6037122778185576
all_rows,gamma,Recall@1,11,2,10,0.5011402523360258,0.11633945886179559,0.48483271497112934,0.1306679781136829,0.4303314829119352,0.11302436851255683,0.5011402523360258
all_rows,unique_l0,Recall@1,11,3,10,0.4652657089690788,0.14928082969024378,0.49544114809251294,0.1212259941348526,0.40032038451271784,0.13009389144724806,0.4652657089690788
all_rows,unique_l1,Recall@1,11,3,10,0.4652657089690788,0.14928082969024378,0.48756334408258667,0.1281943238170015,0.40032038451271784,0.13009389144724806,0.4652657089690788
all_rows,unique_l2,Recall@1,11,3,10,0.4652657089690788,0.14928082969024378,0.48478524771456677,0.1307112446592751,0.40032038451271784,0.13009389144724806,0.4652657089690788
all_rows,entropy_mean,Recall@1,11,6,10,0.19816509882593875,0.5591536434798087,0.45366961977182463,0.16105410884879134,0.13471506281091267,0.5789100661590745,0.19816509882593875
all_rows,unique_total_base,Recall@1,11,6,10,0.19816509882593875,0.5591536434798087,0.47784179281482536,0.13713861614561793,0.13471506281091267,0.5789100661590745,0.19816509882593875
all_rows,n_collisions,Recall@1,11,6,10,-0.19816509882593875,0.5591536434798087,-0.47784179281482553,0.13713861614561784,-0.13471506281091267,0.5789100661590745,0.19816509882593875
all_rows,cfr,Recall@1,11,6,10,0.19816509882593875,0.5591536434798087,0.4778417928148254,0.13713861614561784,0.13471506281091267,0.5789100661590745,0.19816509882593875
all_rows,cur_total,Recall@1,11,6,10,0.19816509882593875,0.5591536434798087,0.47784179281482503,0.13713861614561823,0.13471506281091267,0.5789100661590745,0.19816509882593875
all_rows,zipf_alpha_full,Recall@1,11,6,10,-0.19816509882593875,0.5591536434798087,-0.4750633612217466,0.13976547476303494,-0.13471506281091267,0.5789100661590745,0.19816509882593875
all_rows,pas_emb,Recall@1,11,6,10,0.18894811748519744,0.5779278216328015,0.48523465250921227,0.1303019760140832,0.13471506281091267,0.5789100661590745,0.18894811748519744
all_rows,entropy_l1,Recall@1,11,6,10,0.14286321078149072,0.6751842568701595,0.4415929641894758,0.1739093188720705,0.13471506281091267,0.5789100661590745,0.14286321078149072
all_rows,entropy_l2,Recall@1,11,6,10,0.11982075742963738,0.7256547923244632,0.01781504538651823,0.9585381970884158,0.057735026918962574,0.8119993835788952,0.11982075742963738
all_rows,entropy_l0,Recall@1,11,6,10,0.10599528541852539,0.7564282865418906,0.489047982441718,0.12686202224780663,0.13471506281091267,0.5789100661590745,0.10599528541852539
all_rows,max_dupe,Recall@1,11,6,10,-0.07834434139630138,0.8188981102895322,-0.4231984509544349,0.19466316682403156,-0.13471506281091267,0.5789100661590745,0.07834434139630138
all_rows,entropy_l3,Recall@1,11,6,10,0.06451886938518936,0.8505137906021056,0.039928556336863395,0.907210660870489,0.057735026918962574,0.8119993835788952,0.06451886938518936
all_rows,entropy_min,Recall@1,11,6,10,0.023042453351853343,0.9463855609355984,0.4781104133998741,0.13688631824758557,-0.019245008972987525,0.9368079280695977,0.023042453351853343
all_rows,n_layers,Recall@1,11,1,10,,,,,,,
all_rows,codebook_size,Recall@1,11,1,10,,,,,,,
all_rows,embed_dim,Recall@1,11,1,10,,,,,,,
all_rows,beta,Recall@1,11,1,10,,,,,,,
all_rows,ema_decay,Recall@1,11,1,10,,,,,,,
all_rows,temperature,Recall@1,11,1,10,,,,,,,
all_rows,margin,Recall@1,1,1,1,,,,,,,
all_rows,unique_l3,Recall@1,11,1,10,,,,,,,
all_rows,entropy_mean,Recall@10,11,6,11,0.8414348964652163,0.001166056149863686,0.9604207128519467,2.6991371685638074e-06,0.6864930642568264,0.004426525857919832,0.8414348964652163
all_rows,unique_total_base,Recall@10,11,6,11,0.8414348964652163,0.001166056149863686,0.9510125862794475,6.951056075035873e-06,0.6864930642568264,0.004426525857919832,0.8414348964652163
all_rows,n_collisions,Recall@10,11,6,11,-0.8414348964652163,0.001166056149863686,-0.9510125862794477,6.951056075035873e-06,-0.6864930642568264,0.004426525857919832,0.8414348964652163
all_rows,cfr,Recall@10,11,6,11,0.8414348964652163,0.001166056149863686,0.9510125862794478,6.95105607503572e-06,0.6864930642568264,0.004426525857919832,0.8414348964652163
all_rows,cur_total,Recall@10,11,6,11,0.8414348964652163,0.001166056149863686,0.9510125862794477,6.951056075035873e-06,0.6864930642568264,0.004426525857919832,0.8414348964652163
all_rows,zipf_alpha_full,Recall@10,11,6,11,-0.8414348964652163,0.001166056149863686,-0.9567991145692767,3.981517651508979e-06,-0.6864930642568264,0.004426525857919832,0.8414348964652163
all_rows,entropy_min,Recall@10,11,6,11,0.7862588376806121,0.004106094451397136,0.9476771945754705,9.303922278695913e-06,0.6102160571171791,0.011412036386001648,0.7862588376806121
all_rows,entropy_l2,Recall@10,11,6,11,0.7862588376806121,0.004106094451397136,0.6013411504229544,0.050351307166819584,0.6102160571171791,0.011412036386001648,0.7862588376806121
all_rows,entropy_l0,Recall@10,11,6,11,0.7310827788960076,0.010581512143005308,0.9422682756897282,1.4371030734307343e-05,0.5339390499775316,0.026856695507524404,0.7310827788960076
all_rows,entropy_l1,Recall@10,11,6,11,0.6575147005165352,0.02790025029791146,0.9404476306081965,1.6482033290123004e-05,0.5339390499775316,0.026856695507524404,0.6575147005165352
all_rows,unique_l0,Recall@10,11,3,11,0.6092717958449424,0.04661263637843017,0.9423344344014073,1.429845405832462e-05,0.5288858853479451,0.044065400736826854,0.6092717958449424
all_rows,unique_l1,Recall@10,11,3,11,0.6092717958449424,0.04661263637843017,0.9350541135456338,2.4155382918898102e-05,0.5288858853479451,0.044065400736826854,0.6092717958449424
all_rows,unique_l2,Recall@10,11,3,11,0.6092717958449424,0.04661263637843017,0.8511028459583175,0.0008915580361937422,0.5288858853479451,0.044065400736826854,0.6092717958449424
all_rows,entropy_l3,Recall@10,11,6,11,0.6023386417319309,0.04987013500020776,0.5733295454984477,0.06519488385260157,0.4576620428378843,0.057779571123597245,0.6023386417319309
all_rows,gamma,Recall@10,11,2,11,0.5,0.11730680301423817,0.9322092200539106,2.9173289913128565e-05,0.42640143271122083,0.11384629800665805,0.5
all_rows,pas_behavioral,Recall@10,11,6,11,0.473594504567854,0.14116693648810405,0.8372869772946948,0.0013014959517517603,0.3813850356982369,0.11384629800665805,0.473594504567854
all_rows,pas_emb,Recall@10,11,6,11,0.32645834780890903,0.3271716720444547,0.9354554149632539,2.3504790305223056e-05,0.22883102141894215,0.34278171114791145,0.32645834780890903
all_rows,max_dupe,Recall@10,11,6,11,-0.3080663282140409,0.35670905151954374,-0.9219576743802629,5.415650489581761e-05,-0.22883102141894215,0.34278171114791145,0.3080663282140409
all_rows,n_layers,Recall@10,11,1,11,,,,,,,
all_rows,codebook_size,Recall@10,11,1,11,,,,,,,
all_rows,embed_dim,Recall@10,11,1,11,,,,,,,
all_rows,beta,Recall@10,11,1,11,,,,,,,
all_rows,ema_decay,Recall@10,11,1,11,,,,,,,
all_rows,temperature,Recall@10,11,1,11,,,,,,,
all_rows,margin,Recall@10,1,1,1,,,,,,,
all_rows,unique_l3,Recall@10,11,1,11,,,,,,,
all_rows,entropy_l0,Recall@20,11,6,10,0.9631745501074698,1.9589465186359942e-06,0.9712079536321387,6.548473921851441e-07,0.9045154217304135,0.0001943285747326813,0.9631745501074698
all_rows,entropy_min,Recall@20,11,6,10,0.8894386993815391,0.00024741235921385053,0.9751722433121788,3.38160150349892e-07,0.7890453678924886,0.00115168902520429,0.8894386993815391
all_rows,unique_l0,Recall@20,11,3,10,0.7851358838853205,0.004196732532384623,0.9731250839698827,4.815932417118735e-07,0.693888666488711,0.008695439959574178,0.7851358838853205
all_rows,unique_l1,Recall@20,11,3,10,0.7851358838853205,0.004196732532384623,0.9640151624087147,1.7677636055183315e-06,0.693888666488711,0.008695439959574178,0.7851358838853205
all_rows,unique_l2,Recall@20,11,3,10,0.7851358838853205,0.004196732532384623,0.8935755615839195,0.00020968823396968458,0.693888666488711,0.008695439959574178,0.7851358838853205
all_rows,entropy_mean,Recall@20,11,6,10,0.7696179419519016,0.005606318200711969,0.9843836279164502,4.253887319000045e-08,0.6350852961085883,0.008888259164798344,0.7696179419519016
all_rows,unique_total_base,Recall@20,11,6,10,0.7696179419519016,0.005606318200711969,0.9768834258788871,2.4582897675920507e-07,0.6350852961085883,0.008888259164798344,0.7696179419519016
all_rows,n_collisions,Recall@20,11,6,10,-0.7696179419519016,0.005606318200711969,-0.9768834258788872,2.4582897675920507e-07,-0.6350852961085883,0.008888259164798344,0.7696179419519016
all_rows,cfr,Recall@20,11,6,10,0.7696179419519016,0.005606318200711969,0.9768834258788872,2.4582897675920507e-07,0.6350852961085883,0.008888259164798344,0.7696179419519016
all_rows,cur_total,Recall@20,11,6,10,0.7696179419519016,0.005606318200711969,0.9768834258788871,2.4582897675920507e-07,0.6350852961085883,0.008888259164798344,0.7696179419519016
all_rows,zipf_alpha_full,Recall@20,11,6,10,-0.7696179419519016,0.005606318200711969,-0.9804057804857008,1.1742518188716933e-07,-0.6350852961085883,0.008888259164798344,0.7696179419519016
all_rows,entropy_l2,Recall@20,11,6,10,0.7419669979296777,0.008939210032941078,0.5798234630631179,0.0615198973077656,0.5581052602166382,0.021494016117075035,0.7419669979296777
all_rows,max_dupe,Recall@20,11,6,10,-0.723533035248195,0.01184239012546669,-0.9784412972854899,1.7999321904066533e-07,-0.5965952781626133,0.013980758261535968,0.723533035248195
all_rows,entropy_l1,Recall@20,11,6,10,0.6129292591592989,0.04495470190973441,0.9658283821774133,1.4045061449769383e-06,0.48112522432468807,0.04747225514291817,0.6129292591592989
all_rows,entropy_l3,Recall@20,11,6,10,0.585278315137075,0.05854358664119084,0.554682930095179,0.07656392280348338,0.404145188432738,0.09592623708636608,0.585278315137075
all_rows,gamma,Recall@20,11,2,10,0.5011402523360258,0.11633945886179559,0.9605919891643688,2.647631329356379e-06,0.4303314829119352,0.11302436851255683,0.5011402523360258
all_rows,pas_behavioral,Recall@20,11,6,10,0.3640707629592828,0.2710222959456772,0.839029363202009,0.0012432402854841294,0.2501851166488378,0.30269444491762354,0.3640707629592828
all_rows,pas_emb,Recall@20,11,6,10,0.1797311361444561,0.5969408484790004,0.9574699064113703,3.714404142339422e-06,0.1732050807568877,0.4755101422480551,0.1797311361444561
all_rows,n_layers,Recall@20,11,1,10,,,,,,,
all_rows,codebook_size,Recall@20,11,1,10,,,,,,,
all_rows,embed_dim,Recall@20,11,1,10,,,,,,,
all_rows,beta,Recall@20,11,1,10,,,,,,,
all_rows,ema_decay,Recall@20,11,1,10,,,,,,,
all_rows,temperature,Recall@20,11,1,10,,,,,,,
all_rows,margin,Recall@20,1,1,1,,,,,,,
all_rows,unique_l3,Recall@20,11,1,10,,,,,,,
all_rows,entropy_mean,Recall@5,11,6,11,0.8782189356549526,0.0003758584622186004,0.9445186382113901,1.2056300898413298e-05,0.7246315678266502,0.0026631192591385537,0.8782189356549526
all_rows,unique_total_base,Recall@5,11,6,11,0.8782189356549526,0.0003758584622186004,0.9370064148144777,2.1115853818577984e-05,0.7246315678266502,0.0026631192591385537,0.8782189356549526
all_rows,n_collisions,Recall@5,11,6,11,-0.8782189356549526,0.0003758584622186004,-0.9370064148144776,2.1115853818577984e-05,-0.7246315678266502,0.0026631192591385537,0.8782189356549526
all_rows,cfr,Recall@5,11,6,11,0.8782189356549526,0.0003758584622186004,0.9370064148144781,2.1115853818577374e-05,0.7246315678266502,0.0026631192591385537,0.8782189356549526
all_rows,cur_total,Recall@5,11,6,11,0.8782189356549526,0.0003758584622186004,0.937006414814478,2.1115853818577374e-05,0.7246315678266502,0.0026631192591385537,0.8782189356549526
all_rows,zipf_alpha_full,Recall@5,11,6,11,-0.8782189356549526,0.0003758584622186004,-0.9430717639711217,1.3508522884750909e-05,-0.7246315678266502,0.0026631192591385537,0.8782189356549526
all_rows,entropy_l2,Recall@5,11,6,11,0.8230428768703484,0.0018577866591421837,0.591563591025077,0.055237417762634196,0.6483545606870027,0.007189517250165056,0.8230428768703484
all_rows,entropy_min,Recall@5,11,6,11,0.7494747984908758,0.007920340419242469,0.9339170052248021,2.607416638292771e-05,0.5720775535473553,0.017706065807366615,0.7494747984908758
all_rows,entropy_l1,Recall@5,11,6,11,0.6942987397062714,0.01776321740912612,0.9200868718800088,6.008245997089747e-05,0.5720775535473553,0.017706065807366615,0.6942987397062714
all_rows,entropy_l0,Recall@5,11,6,11,0.6575147005165352,0.02790025029791146,0.9280350239388615,3.7940043601921626e-05,0.41952353926806063,0.081990321000383,0.6575147005165352
all_rows,entropy_l3,Recall@5,11,6,11,0.639122680921667,0.034253736789420036,0.5643389589853229,0.07052339332675191,0.495800546407708,0.03983261924474144,0.639122680921667
all_rows,unique_l0,Recall@5,11,3,11,0.6092717958449424,0.04661263637843017,0.9270043635526631,4.0385907434617526e-05,0.5288858853479451,0.044065400736826854,0.6092717958449424
all_rows,unique_l1,Recall@5,11,3,11,0.6092717958449424,0.04661263637843017,0.9223947044770076,5.2839135022143064e-05,0.5288858853479451,0.044065400736826854,0.6092717958449424
all_rows,unique_l2,Recall@5,11,3,11,0.6092717958449424,0.04661263637843017,0.8137456228848371,0.0023060585013316803,0.5288858853479451,0.044065400736826854,0.6092717958449424
all_rows,pas_behavioral,Recall@5,11,6,11,0.5839466221370627,0.059260958849668185,0.8703465576698046,0.0004923889886759875,0.495800546407708,0.03983261924474144,0.5839466221370627
all_rows,gamma,Recall@5,11,2,11,0.5,0.11730680301423817,0.9203742792861407,5.9141250562343594e-05,0.42640143271122083,0.11384629800665805,0.5
all_rows,pas_emb,Recall@5,11,6,11,0.4000264261883815,0.22283492947925315,0.9331567997427109,2.7420762757445633e-05,0.2669695249887658,0.2683816272927607,0.4000264261883815
all_rows,max_dupe,Recall@5,11,6,11,-0.19771421064483224,0.5600663640329083,-0.8753965733337646,0.0004149168274121884,-0.11441551070947108,0.6352562959972483,0.19771421064483224
all_rows,n_layers,Recall@5,11,1,11,,,,,,,
all_rows,codebook_size,Recall@5,11,1,11,,,,,,,
all_rows,embed_dim,Recall@5,11,1,11,,,,,,,
all_rows,beta,Recall@5,11,1,11,,,,,,,
all_rows,ema_decay,Recall@5,11,1,11,,,,,,,
all_rows,temperature,Recall@5,11,1,11,,,,,,,
all_rows,margin,Recall@5,1,1,1,,,,,,,
all_rows,unique_l3,Recall@5,11,1,11,,,,,,,
tie_break=count,pas_behavioral,NDCG@1,6,6,6,0.7714285714285715,0.07239650145772594,0.7574073528485844,0.08113835539543121,0.6,0.1361111111111111,0.7714285714285715
tie_break=count,unique_l0,NDCG@1,6,3,6,0.6761234037828132,0.14035738661899466,0.6582798235522074,0.15520722825263558,0.6024640760767093,0.11446073756370402,0.6761234037828132
tie_break=count,unique_l1,NDCG@1,6,3,6,0.6761234037828132,0.14035738661899466,0.6539955711352561,0.15886693387188874,0.6024640760767093,0.11446073756370402,0.6761234037828132
tie_break=count,unique_l2,NDCG@1,6,3,6,0.6761234037828132,0.14035738661899466,0.6318293664643456,0.17837172920876126,0.6024640760767093,0.11446073756370402,0.6761234037828132
tie_break=count,gamma,NDCG@1,6,2,6,0.6546536707079772,0.15830242337545788,0.6524512971970444,0.16019492980430813,0.5773502691896257,0.14323490752466972,0.6546536707079772
tie_break=count,pas_emb,NDCG@1,6,6,6,0.48571428571428577,0.3287230320699708,0.655168823730819,0.1578611243105261,0.3333333333333333,0.46944444444444444,0.48571428571428577
tie_break=count,max_dupe,NDCG@1,6,6,6,-0.4285714285714286,0.3965014577259473,-0.611534629813629,0.19704726562325645,-0.4666666666666666,0.2722222222222222,0.4285714285714286
tie_break=count,entropy_l1,NDCG@1,6,6,6,0.3714285714285715,0.4684781341107872,0.6017624337712864,0.20631086187229533,0.3333333333333333,0.46944444444444444,0.3714285714285715
tie_break=count,entropy_mean,NDCG@1,6,6,6,0.3142857142857143,0.5440932944606415,0.6163723869268264,0.19252595244908857,0.2,0.7194444444444444,0.3142857142857143
tie_break=count,unique_total_base,NDCG@1,6,6,6,0.3142857142857143,0.5440932944606415,0.6394131352394927,0.17159205796468138,0.2,0.7194444444444444,0.3142857142857143
tie_break=count,n_collisions,NDCG@1,6,6,6,-0.3142857142857143,0.5440932944606415,-0.6394131352394928,0.17159205796468138,-0.2,0.7194444444444444,0.3142857142857143
tie_break=count,cfr,NDCG@1,6,6,6,0.3142857142857143,0.5440932944606415,0.6394131352394926,0.17159205796468138,0.2,0.7194444444444444,0.3142857142857143
tie_break=count,cur_total,NDCG@1,6,6,6,0.3142857142857143,0.5440932944606415,0.6394131352394924,0.1715920579646818,0.2,0.7194444444444444,0.3142857142857143
tie_break=count,zipf_alpha_full,NDCG@1,6,6,6,-0.3142857142857143,0.5440932944606415,-0.6335043636944793,0.1768649040354057,-0.2,0.7194444444444444,0.3142857142857143
tie_break=count,entropy_l0,NDCG@1,6,6,6,0.2571428571428572,0.6227871720116619,0.6523290700219744,0.16030023836355117,0.2,0.7194444444444444,0.2571428571428572
tie_break=count,entropy_l3,NDCG@1,6,6,6,0.2571428571428572,0.6227871720116619,0.11518174685195026,0.8279914283262577,0.2,0.7194444444444444,0.2571428571428572
tie_break=count,entropy_min,NDCG@1,6,6,6,0.2,0.7040000000000001,0.6432146655600713,0.16823502950197428,0.06666666666666665,1.0,0.2
tie_break=count,entropy_l2,NDCG@1,6,6,6,0.2,0.7040000000000001,0.09819082008295077,0.8531871201857718,0.06666666666666665,1.0,0.2
tie_break=count,n_layers,NDCG@1,6,1,6,,,,,,,
tie_break=count,codebook_size,NDCG@1,6,1,6,,,,,,,
tie_break=count,embed_dim,NDCG@1,6,1,6,,,,,,,
tie_break=count,beta,NDCG@1,6,1,6,,,,,,,
tie_break=count,ema_decay,NDCG@1,6,1,6,,,,,,,
tie_break=count,temperature,NDCG@1,6,1,6,,,,,,,
tie_break=count,margin,NDCG@1,1,1,1,,,,,,,
tie_break=count,unique_l3,NDCG@1,6,1,6,,,,,,,
tie_break=count,entropy_mean,NDCG@10,6,6,5,0.8986451052612952,0.014888622005580315,0.991477329710065,0.0001086443373551535,0.8280786712108251,0.021717302554090816,0.8986451052612952
tie_break=count,unique_total_base,NDCG@10,6,6,5,0.8986451052612952,0.014888622005580315,0.9975601544339137,8.922007566596096e-06,0.8280786712108251,0.021717302554090816,0.8986451052612952
tie_break=count,n_collisions,NDCG@10,6,6,5,-0.8986451052612952,0.014888622005580315,-0.9975601544339139,8.922007566594473e-06,-0.8280786712108251,0.021717302554090816,0.8986451052612952
tie_break=count,cfr,NDCG@10,6,6,5,0.8986451052612952,0.014888622005580315,0.9975601544339141,8.92200756659285e-06,0.8280786712108251,0.021717302554090816,0.8986451052612952
tie_break=count,pas_behavioral,NDCG@10,6,6,5,0.8986451052612952,0.014888622005580315,0.9377598657280537,0.005690197487353631,0.8280786712108251,0.021717302554090816,0.8986451052612952
tie_break=count,cur_total,NDCG@10,6,6,5,0.8986451052612952,0.014888622005580315,0.9975601544339138,8.922007566596096e-06,0.8280786712108251,0.021717302554090816,0.8986451052612952
tie_break=count,zipf_alpha_full,NDCG@10,6,6,5,-0.8986451052612952,0.014888622005580315,-0.9978580493331938,6.8770154044180895e-06,-0.8280786712108251,0.021717302554090816,0.8986451052612952
tie_break=count,unique_l0,NDCG@10,6,3,5,0.8574929257125441,0.029015363531383804,0.9968393888963892,1.4968407419275869e-05,0.8017837257372732,0.03929075809946272,0.8574929257125441
tie_break=count,unique_l1,NDCG@10,6,3,5,0.8574929257125441,0.029015363531383804,0.9957143183510844,2.7511243092365446e-05,0.8017837257372732,0.03929075809946272,0.8574929257125441
tie_break=count,unique_l2,NDCG@10,6,3,5,0.8574929257125441,0.029015363531383804,0.9028882207834398,0.013688130579274317,0.8017837257372732,0.03929075809946272,0.8574929257125441
tie_break=count,entropy_l2,NDCG@10,6,6,5,0.8406680016960503,0.0360575728451592,0.5687273668786865,0.23888661565350047,0.6900655593423543,0.05578260870684413,0.8406680016960503
tie_break=count,entropy_l1,NDCG@10,6,6,5,0.8116794499134279,0.04985758510134036,0.9682461384850268,0.001496452749797816,0.6900655593423543,0.05578260870684413,0.8116794499134279
tie_break=count,entropy_min,NDCG@10,6,6,5,0.753702346348183,0.08352328137325983,0.9971590929566688,1.2094665113993849e-05,0.6900655593423543,0.05578260870684413,0.753702346348183
tie_break=count,entropy_l3,NDCG@10,6,6,5,0.753702346348183,0.08352328137325983,0.541114476318085,0.2675487642230704,0.5520524474738833,0.12597116307723114,0.753702346348183
tie_break=count,entropy_l0,NDCG@10,6,6,5,0.6957252427829382,0.12478933744028692,0.9968641712529651,1.4734714932509518e-05,0.5520524474738833,0.12597116307723114,0.6957252427829382
tie_break=count,gamma,NDCG@10,6,2,5,0.6642111641550715,0.15020042233101144,0.9950104062176749,3.728195859048372e-05,0.5976143046671969,0.13748520759502328,0.6642111641550715
tie_break=count,pas_emb,NDCG@10,6,6,5,0.6377481392176932,0.17307111024125982,0.9963812563592661,1.9619264029208375e-05,0.5520524474738833,0.12597116307723114,0.6377481392176932
tie_break=count,max_dupe,NDCG@10,6,6,5,-0.46381682852195877,0.3541642984362303,-0.9680158861395585,0.001518115698155166,-0.27602622373694163,0.44421673013860674,0.46381682852195877
tie_break=count,n_layers,NDCG@10,6,1,5,,,,,,,
tie_break=count,codebook_size,NDCG@10,6,1,5,,,,,,,
tie_break=count,embed_dim,NDCG@10,6,1,5,,,,,,,
tie_break=count,beta,NDCG@10,6,1,5,,,,,,,
tie_break=count,ema_decay,NDCG@10,6,1,5,,,,,,,
tie_break=count,temperature,NDCG@10,6,1,5,,,,,,,
tie_break=count,margin,NDCG@10,1,1,1,,,,,,,
tie_break=count,unique_l3,NDCG@10,6,1,5,,,,,,,
tie_break=count,entropy_min,NDCG@20,6,6,5,0.9856107606091623,0.00030908566784966984,0.9989766255732125,1.57040693853211e-06,0.9660917830792959,0.007410254402604282,0.9856107606091623
tie_break=count,entropy_l0,NDCG@20,6,6,5,0.9856107606091623,0.00030908566784966984,0.9981538424574156,5.109300380834188e-06,0.9660917830792959,0.007410254402604282,0.9856107606091623
tie_break=count,entropy_mean,NDCG@20,6,6,5,0.8986451052612952,0.014888622005580315,0.9963712806836513,1.9727515045994e-05,0.8280786712108251,0.021717302554090816,0.8986451052612952
tie_break=count,unique_total_base,NDCG@20,6,6,5,0.8986451052612952,0.014888622005580315,0.9990410143335163,1.3790392955156088e-06,0.8280786712108251,0.021717302554090816,0.8986451052612952
tie_break=count,n_collisions,NDCG@20,6,6,5,-0.8986451052612952,0.014888622005580315,-0.9990410143335162,1.3790392955156088e-06,-0.8280786712108251,0.021717302554090816,0.8986451052612952
tie_break=count,cfr,NDCG@20,6,6,5,0.8986451052612952,0.014888622005580315,0.9990410143335163,1.3790392955156088e-06,0.8280786712108251,0.021717302554090816,0.8986451052612952
tie_break=count,cur_total,NDCG@20,6,6,5,0.8986451052612952,0.014888622005580315,0.9990410143335164,1.3790392955149704e-06,0.8280786712108251,0.021717302554090816,0.8986451052612952
tie_break=count,zipf_alpha_full,NDCG@20,6,6,5,-0.8986451052612952,0.014888622005580315,-0.9993999657536465,5.399536267013692e-07,-0.8280786712108251,0.021717302554090816,0.8986451052612952
tie_break=count,unique_l0,NDCG@20,6,3,5,0.8574929257125441,0.029015363531383804,0.998877973828528,1.8877078108565654e-06,0.8017837257372732,0.03929075809946272,0.8574929257125441
tie_break=count,unique_l1,NDCG@20,6,3,5,0.8574929257125441,0.029015363531383804,0.9961835196923883,2.1820488393758156e-05,0.8017837257372732,0.03929075809946272,0.8574929257125441
tie_break=count,unique_l2,NDCG@20,6,3,5,0.8574929257125441,0.029015363531383804,0.9204846486231895,0.009232661154452705,0.8017837257372732,0.03929075809946272,0.8574929257125441
tie_break=count,entropy_l2,NDCG@20,6,6,5,0.8406680016960503,0.0360575728451592,0.588617759058454,0.21904281385641097,0.6900655593423543,0.05578260870684413,0.8406680016960503
tie_break=count,max_dupe,NDCG@20,6,6,5,-0.8116794499134279,0.04985758510134036,-0.9849020901955259,0.0003401995599753249,-0.6900655593423543,0.05578260870684413,0.8116794499134279
tie_break=count,entropy_l1,NDCG@20,6,6,5,0.8116794499134279,0.04985758510134036,0.9776059634853738,0.0007466240822904354,0.6900655593423543,0.05578260870684413,0.8116794499134279
tie_break=count,entropy_l3,NDCG@20,6,6,5,0.753702346348183,0.08352328137325983,0.5617511482829388,0.24600759628991142,0.5520524474738833,0.12597116307723114,0.753702346348183
tie_break=count,gamma,NDCG@20,6,2,5,0.6642111641550715,0.15020042233101144,0.9950005001748499,3.743001650719494e-05,0.5976143046671969,0.13748520759502328,0.6642111641550715
tie_break=count,pas_behavioral,NDCG@20,6,6,5,0.5507824838698261,0.2573693316225746,0.9308773267234548,0.007001783811672718,0.41403933560541256,0.2511180012744736,0.5507824838698261
tie_break=count,pas_emb,NDCG@20,6,6,5,0.49280538030458115,0.32063258286582746,0.9951877292583192,3.468120337498869e-05,0.41403933560541256,0.2511180012744736,0.49280538030458115
tie_break=count,n_layers,NDCG@20,6,1,5,,,,,,,
tie_break=count,codebook_size,NDCG@20,6,1,5,,,,,,,
tie_break=count,embed_dim,NDCG@20,6,1,5,,,,,,,
tie_break=count,beta,NDCG@20,6,1,5,,,,,,,
tie_break=count,ema_decay,NDCG@20,6,1,5,,,,,,,
tie_break=count,temperature,NDCG@20,6,1,5,,,,,,,
tie_break=count,margin,NDCG@20,1,1,1,,,,,,,
tie_break=count,unique_l3,NDCG@20,6,1,5,,,,,,,
tie_break=count,pas_behavioral,NDCG@5,6,6,5,0.9276336570439175,0.00766584418747316,0.9636610009871887,0.001956791034621954,0.8280786712108251,0.021717302554090816,0.9276336570439175
tie_break=count,pas_emb,NDCG@5,6,6,5,0.6957252427829382,0.12478933744028692,0.9832716499147849,0.0004174159333826138,0.5520524474738833,0.12597116307723114,0.6957252427829382
tie_break=count,unique_l0,NDCG@5,6,3,5,0.6859943405700353,0.1324189222202494,0.9783184445613904,0.00070003862982509,0.6236095644623236,0.10891254635832444,0.6859943405700353
tie_break=count,unique_l1,NDCG@5,6,3,5,0.6859943405700353,0.1324189222202494,0.9769642448102053,0.0007898571098743231,0.6236095644623236,0.10891254635832444,0.6859943405700353
tie_break=count,unique_l2,NDCG@5,6,3,5,0.6859943405700353,0.1324189222202494,0.8886258129360555,0.017915559939156212,0.6236095644623236,0.10891254635832444,0.6859943405700353
tie_break=count,gamma,NDCG@5,6,2,5,0.6642111641550715,0.15020042233101144,0.9761971978265532,0.0008431170697873311,0.5976143046671969,0.13748520759502328,0.6642111641550715
tie_break=count,entropy_mean,NDCG@5,6,6,5,0.6377481392176932,0.17307111024125982,0.9728733904452513,0.0010937988211266161,0.5520524474738833,0.12597116307723114,0.6377481392176932
tie_break=count,unique_total_base,NDCG@5,6,6,5,0.6377481392176932,0.17307111024125982,0.9783208315848303,0.0006998850582166885,0.5520524474738833,0.12597116307723114,0.6377481392176932
tie_break=count,n_collisions,NDCG@5,6,6,5,-0.6377481392176932,0.17307111024125982,-0.9783208315848304,0.0006998850582166885,-0.5520524474738833,0.12597116307723114,0.6377481392176932
tie_break=count,cfr,NDCG@5,6,6,5,0.6377481392176932,0.17307111024125982,0.9783208315848306,0.0006998850582166743,0.5520524474738833,0.12597116307723114,0.6377481392176932
tie_break=count,cur_total,NDCG@5,6,6,5,0.6377481392176932,0.17307111024125982,0.9783208315848303,0.0006998850582166885,0.5520524474738833,0.12597116307723114,0.6377481392176932
tie_break=count,zipf_alpha_full,NDCG@5,6,6,5,-0.6377481392176932,0.17307111024125982,-0.9788759032933154,0.0006646281164832604,-0.5520524474738833,0.12597116307723114,0.6377481392176932
tie_break=count,entropy_l1,NDCG@5,6,6,5,0.6377481392176932,0.17307111024125982,0.951442719864563,0.003479469774141358,0.5520524474738833,0.12597116307723114,0.6377481392176932
tie_break=count,entropy_l2,NDCG@5,6,6,5,0.5217939320872036,0.2883432338003935,0.5551237803433513,0.25284847090152235,0.41403933560541256,0.2511180012744736,0.5217939320872036
tie_break=count,entropy_l3,NDCG@5,6,6,5,0.5217939320872036,0.2883432338003935,0.5323269070975057,0.27693289248361974,0.41403933560541256,0.2511180012744736,0.5217939320872036
tie_break=count,entropy_min,NDCG@5,6,6,5,0.40583972495671394,0.4246625075613642,0.9782540761273621,0.0007041861447768171,0.41403933560541256,0.2511180012744736,0.40583972495671394
tie_break=count,entropy_l0,NDCG@5,6,6,5,0.3188740696088466,0.537900560470205,0.9779645598583728,0.0007229911623396533,0.27602622373694163,0.44421673013860674,0.3188740696088466
tie_break=count,max_dupe,NDCG@5,6,6,5,-0.23190841426097938,0.658373571260927,-0.9356883944839323,0.006070978065254841,-0.13801311186847082,0.7020563949269414,0.23190841426097938
tie_break=count,n_layers,NDCG@5,6,1,5,,,,,,,
tie_break=count,codebook_size,NDCG@5,6,1,5,,,,,,,
tie_break=count,embed_dim,NDCG@5,6,1,5,,,,,,,
tie_break=count,beta,NDCG@5,6,1,5,,,,,,,
tie_break=count,ema_decay,NDCG@5,6,1,5,,,,,,,
tie_break=count,temperature,NDCG@5,6,1,5,,,,,,,
tie_break=count,margin,NDCG@5,1,1,1,,,,,,,
tie_break=count,unique_l3,NDCG@5,6,1,5,,,,,,,
tie_break=count,pas_behavioral,Recall@1,6,6,6,0.7714285714285715,0.07239650145772594,0.7574073528485844,0.08113835539543121,0.6,0.1361111111111111,0.7714285714285715
tie_break=count,unique_l0,Recall@1,6,3,6,0.6761234037828132,0.14035738661899466,0.6582798235522074,0.15520722825263558,0.6024640760767093,0.11446073756370402,0.6761234037828132
tie_break=count,unique_l1,Recall@1,6,3,6,0.6761234037828132,0.14035738661899466,0.6539955711352561,0.15886693387188874,0.6024640760767093,0.11446073756370402,0.6761234037828132
tie_break=count,unique_l2,Recall@1,6,3,6,0.6761234037828132,0.14035738661899466,0.6318293664643456,0.17837172920876126,0.6024640760767093,0.11446073756370402,0.6761234037828132
tie_break=count,gamma,Recall@1,6,2,6,0.6546536707079772,0.15830242337545788,0.6524512971970444,0.16019492980430813,0.5773502691896257,0.14323490752466972,0.6546536707079772
tie_break=count,pas_emb,Recall@1,6,6,6,0.48571428571428577,0.3287230320699708,0.655168823730819,0.1578611243105261,0.3333333333333333,0.46944444444444444,0.48571428571428577
tie_break=count,max_dupe,Recall@1,6,6,6,-0.4285714285714286,0.3965014577259473,-0.611534629813629,0.19704726562325645,-0.4666666666666666,0.2722222222222222,0.4285714285714286
tie_break=count,entropy_l1,Recall@1,6,6,6,0.3714285714285715,0.4684781341107872,0.6017624337712864,0.20631086187229533,0.3333333333333333,0.46944444444444444,0.3714285714285715
tie_break=count,entropy_mean,Recall@1,6,6,6,0.3142857142857143,0.5440932944606415,0.6163723869268264,0.19252595244908857,0.2,0.7194444444444444,0.3142857142857143
tie_break=count,unique_total_base,Recall@1,6,6,6,0.3142857142857143,0.5440932944606415,0.6394131352394927,0.17159205796468138,0.2,0.7194444444444444,0.3142857142857143
tie_break=count,n_collisions,Recall@1,6,6,6,-0.3142857142857143,0.5440932944606415,-0.6394131352394928,0.17159205796468138,-0.2,0.7194444444444444,0.3142857142857143
tie_break=count,cfr,Recall@1,6,6,6,0.3142857142857143,0.5440932944606415,0.6394131352394926,0.17159205796468138,0.2,0.7194444444444444,0.3142857142857143
tie_break=count,cur_total,Recall@1,6,6,6,0.3142857142857143,0.5440932944606415,0.6394131352394924,0.1715920579646818,0.2,0.7194444444444444,0.3142857142857143
tie_break=count,zipf_alpha_full,Recall@1,6,6,6,-0.3142857142857143,0.5440932944606415,-0.6335043636944793,0.1768649040354057,-0.2,0.7194444444444444,0.3142857142857143
tie_break=count,entropy_l0,Recall@1,6,6,6,0.2571428571428572,0.6227871720116619,0.6523290700219744,0.16030023836355117,0.2,0.7194444444444444,0.2571428571428572
tie_break=count,entropy_l3,Recall@1,6,6,6,0.2571428571428572,0.6227871720116619,0.11518174685195026,0.8279914283262577,0.2,0.7194444444444444,0.2571428571428572
tie_break=count,entropy_min,Recall@1,6,6,6,0.2,0.7040000000000001,0.6432146655600713,0.16823502950197428,0.06666666666666665,1.0,0.2
tie_break=count,entropy_l2,Recall@1,6,6,6,0.2,0.7040000000000001,0.09819082008295077,0.8531871201857718,0.06666666666666665,1.0,0.2
tie_break=count,n_layers,Recall@1,6,1,6,,,,,,,
tie_break=count,codebook_size,Recall@1,6,1,6,,,,,,,
tie_break=count,embed_dim,Recall@1,6,1,6,,,,,,,
tie_break=count,beta,Recall@1,6,1,6,,,,,,,
tie_break=count,ema_decay,Recall@1,6,1,6,,,,,,,
tie_break=count,temperature,Recall@1,6,1,6,,,,,,,
tie_break=count,margin,Recall@1,1,1,1,,,,,,,
tie_break=count,unique_l3,Recall@1,6,1,6,,,,,,,
tie_break=count,entropy_min,Recall@10,6,6,6,0.942857142857143,0.004804664723032055,0.9934482102695771,6.424830211267278e-05,0.8666666666666666,0.016666666666666666,0.942857142857143
tie_break=count,entropy_mean,Recall@10,6,6,6,0.8857142857142858,0.01884548104956266,0.9932005139092908,6.919233628867724e-05,0.7333333333333333,0.05555555555555555,0.8857142857142858
tie_break=count,unique_total_base,Recall@10,6,6,6,0.8857142857142858,0.01884548104956266,0.9940582268333755,5.285211637985821e-05,0.7333333333333333,0.05555555555555555,0.8857142857142858
tie_break=count,n_collisions,Recall@10,6,6,6,-0.8857142857142858,0.01884548104956266,-0.9940582268333757,5.285211637985427e-05,-0.7333333333333333,0.05555555555555555,0.8857142857142858
tie_break=count,cfr,Recall@10,6,6,6,0.8857142857142858,0.01884548104956266,0.9940582268333759,5.285211637985031e-05,0.7333333333333333,0.05555555555555555,0.8857142857142858
tie_break=count,cur_total,Recall@10,6,6,6,0.8857142857142858,0.01884548104956266,0.9940582268333757,5.285211637985427e-05,0.7333333333333333,0.05555555555555555,0.8857142857142858
tie_break=count,zipf_alpha_full,Recall@10,6,6,6,-0.8857142857142858,0.01884548104956266,-0.9951705520415599,3.4929031396997446e-05,-0.7333333333333333,0.05555555555555555,0.8857142857142858
tie_break=count,entropy_l0,Recall@10,6,6,6,0.8857142857142858,0.01884548104956266,0.9913068366265584,0.00011302815824262338,0.7333333333333333,0.05555555555555555,0.8857142857142858
tie_break=count,entropy_l1,Recall@10,6,6,6,0.7714285714285715,0.07239650145772594,0.972769191612093,0.0011021793355315904,0.6,0.1361111111111111,0.7714285714285715
tie_break=count,entropy_l2,Recall@10,6,6,6,0.7714285714285715,0.07239650145772594,0.6198305183266207,0.1893205260881194,0.6,0.1361111111111111,0.7714285714285715
tie_break=count,unique_l0,Recall@10,6,3,6,0.6761234037828132,0.14035738661899466,0.9908752621714522,0.00012451139398940227,0.6024640760767093,0.11446073756370402,0.6761234037828132
tie_break=count,unique_l1,Recall@10,6,3,6,0.6761234037828132,0.14035738661899466,0.9893881189597883,0.00016832051614162495,0.6024640760767093,0.11446073756370402,0.6761234037828132
tie_break=count,unique_l2,Recall@10,6,3,6,0.6761234037828132,0.14035738661899466,0.901192874887541,0.01416195248892314,0.6024640760767093,0.11446073756370402,0.6761234037828132
tie_break=count,entropy_l3,Recall@10,6,6,6,0.6571428571428573,0.1561749271137024,0.5874176991317549,0.2202204957200937,0.4666666666666666,0.2722222222222222,0.6571428571428573
tie_break=count,gamma,Recall@10,6,2,6,0.6546536707079772,0.15830242337545788,0.9885760019504214,0.00019501613712047326,0.5773502691896257,0.14323490752466972,0.6546536707079772
tie_break=count,max_dupe,Recall@10,6,6,6,-0.6,0.208,-0.9772040332064765,0.0007735611214539217,-0.4666666666666666,0.2722222222222222,0.6
tie_break=count,pas_emb,Recall@10,6,6,6,0.48571428571428577,0.3287230320699708,0.9890937432656504,0.00017777102374923675,0.3333333333333333,0.46944444444444444,0.48571428571428577
tie_break=count,pas_behavioral,Recall@10,6,6,6,0.4285714285714286,0.3965014577259473,0.9041365385838758,0.013344221678116313,0.3333333333333333,0.46944444444444444,0.4285714285714286
tie_break=count,n_layers,Recall@10,6,1,6,,,,,,,
tie_break=count,codebook_size,Recall@10,6,1,6,,,,,,,
tie_break=count,embed_dim,Recall@10,6,1,6,,,,,,,
tie_break=count,beta,Recall@10,6,1,6,,,,,,,
tie_break=count,ema_decay,Recall@10,6,1,6,,,,,,,
tie_break=count,temperature,Recall@10,6,1,6,,,,,,,
tie_break=count,margin,Recall@10,1,1,1,,,,,,,
tie_break=count,unique_l3,Recall@10,6,1,6,,,,,,,
tie_break=count,entropy_l0,Recall@20,6,6,6,1.0,0.0,0.9919162930204732,9.775535755067741e-05,0.9999999999999999,0.002777777777777778,1.0
tie_break=count,entropy_min,Recall@20,6,6,6,0.942857142857143,0.004804664723032055,0.9937628621636598,5.823151436426952e-05,0.8666666666666666,0.016666666666666666,0.942857142857143
tie_break=count,unique_l0,Recall@20,6,3,6,0.8451542547285165,0.03410942316740967,0.9927016354888665,7.970480900957539e-05,0.7745966692414834,0.042413059320697784,0.8451542547285165
tie_break=count,unique_l1,Recall@20,6,3,6,0.8451542547285165,0.03410942316740967,0.9891947071666872,0.00017450074733243832,0.7745966692414834,0.042413059320697784,0.8451542547285165
tie_break=count,unique_l2,Recall@20,6,3,6,0.8451542547285165,0.03410942316740967,0.9231262630500876,0.008637211729066582,0.7745966692414834,0.042413059320697784,0.8451542547285165
tie_break=count,entropy_mean,Recall@20,6,6,6,0.8285714285714287,0.04156268221574335,0.9949887090497417,3.760663111471362e-05,0.7333333333333333,0.05555555555555555,0.8285714285714287
tie_break=count,unique_total_base,Recall@20,6,6,6,0.8285714285714287,0.04156268221574335,0.9939262936550585,5.5222833910408636e-05,0.7333333333333333,0.05555555555555555,0.8285714285714287
tie_break=count,n_collisions,Recall@20,6,6,6,-0.8285714285714287,0.04156268221574335,-0.9939262936550584,5.522283391041267e-05,-0.7333333333333333,0.05555555555555555,0.8285714285714287
tie_break=count,max_dupe,Recall@20,6,6,6,-0.8285714285714287,0.04156268221574335,-0.991741456038629,0.00010202369154161586,-0.7333333333333333,0.05555555555555555,0.8285714285714287
tie_break=count,cfr,Recall@20,6,6,6,0.8285714285714287,0.04156268221574335,0.9939262936550587,5.5222833910408636e-05,0.7333333333333333,0.05555555555555555,0.8285714285714287
tie_break=count,cur_total,Recall@20,6,6,6,0.8285714285714287,0.04156268221574335,0.9939262936550586,5.5222833910408636e-05,0.7333333333333333,0.05555555555555555,0.8285714285714287
tie_break=count,zipf_alpha_full,Recall@20,6,6,6,-0.8285714285714287,0.04156268221574335,-0.994771668325103,4.093171874906051e-05,-0.7333333333333333,0.05555555555555555,0.8285714285714287
tie_break=count,entropy_l2,Recall@20,6,6,6,0.7714285714285715,0.07239650145772594,0.6181747572590476,0.1908525244118761,0.6,0.1361111111111111,0.7714285714285715
tie_break=count,entropy_l1,Recall@20,6,6,6,0.7142857142857143,0.11078717201166179,0.9793617525436566,0.0006345105878374392,0.6,0.1361111111111111,0.7142857142857143
tie_break=count,entropy_l3,Recall@20,6,6,6,0.6571428571428573,0.1561749271137024,0.5892761717410183,0.21839775894913208,0.4666666666666666,0.2722222222222222,0.6571428571428573
tie_break=count,gamma,Recall@20,6,2,6,0.6546536707079772,0.15830242337545788,0.9877662711939772,0.00022358070561787793,0.5773502691896257,0.14323490752466972,0.6546536707079772
tie_break=count,pas_behavioral,Recall@20,6,6,6,0.48571428571428577,0.3287230320699708,0.9069797222123238,0.012576716488301231,0.3333333333333333,0.46944444444444444,0.48571428571428577
tie_break=count,pas_emb,Recall@20,6,6,6,0.3714285714285715,0.4684781341107872,0.9866858296122404,0.0002647206172642303,0.3333333333333333,0.46944444444444444,0.3714285714285715
tie_break=count,n_layers,Recall@20,6,1,6,,,,,,,
tie_break=count,codebook_size,Recall@20,6,1,6,,,,,,,
tie_break=count,embed_dim,Recall@20,6,1,6,,,,,,,
tie_break=count,beta,Recall@20,6,1,6,,,,,,,
tie_break=count,ema_decay,Recall@20,6,1,6,,,,,,,
tie_break=count,temperature,Recall@20,6,1,6,,,,,,,
tie_break=count,margin,Recall@20,1,1,1,,,,,,,
tie_break=count,unique_l3,Recall@20,6,1,6,,,,,,,
tie_break=count,entropy_mean,Recall@5,6,6,6,0.942857142857143,0.004804664723032055,0.9774150441565131,0.000759360275937669,0.8666666666666666,0.016666666666666666,0.942857142857143
tie_break=count,unique_total_base,Recall@5,6,6,6,0.942857142857143,0.004804664723032055,0.9733075277418058,0.001059223078790176,0.8666666666666666,0.016666666666666666,0.942857142857143
tie_break=count,n_collisions,Recall@5,6,6,6,-0.942857142857143,0.004804664723032055,-0.9733075277418057,0.0010592230787901937,-0.8666666666666666,0.016666666666666666,0.942857142857143
tie_break=count,cfr,Recall@5,6,6,6,0.942857142857143,0.004804664723032055,0.973307527741806,0.001059223078790176,0.8666666666666666,0.016666666666666666,0.942857142857143
tie_break=count,cur_total,Recall@5,6,6,6,0.942857142857143,0.004804664723032055,0.973307527741806,0.001059223078790176,0.8666666666666666,0.016666666666666666,0.942857142857143
tie_break=count,zipf_alpha_full,Recall@5,6,6,6,-0.942857142857143,0.004804664723032055,-0.9759725107502168,0.0008590445815467499,-0.8666666666666666,0.016666666666666666,0.942857142857143
tie_break=count,entropy_min,Recall@5,6,6,6,0.8857142857142858,0.01884548104956266,0.9725867484629721,0.001116929197444169,0.7333333333333333,0.05555555555555555,0.8857142857142858
tie_break=count,entropy_l1,Recall@5,6,6,6,0.8285714285714287,0.04156268221574335,0.9614848932678858,0.0021965532562676533,0.7333333333333333,0.05555555555555555,0.8285714285714287
tie_break=count,entropy_l2,Recall@5,6,6,6,0.8285714285714287,0.04156268221574335,0.6492440631482489,0.16296788723635375,0.7333333333333333,0.05555555555555555,0.8285714285714287
tie_break=count,entropy_l0,Recall@5,6,6,6,0.7714285714285715,0.07239650145772594,0.968982001328863,0.0014282529021928474,0.6,0.1361111111111111,0.7714285714285715
tie_break=count,entropy_l3,Recall@5,6,6,6,0.7142857142857143,0.11078717201166179,0.6201925153705938,0.18898626577817734,0.6,0.1361111111111111,0.7142857142857143
tie_break=count,unique_l0,Recall@5,6,3,6,0.6761234037828132,0.14035738661899466,0.9685613489220564,0.0014670463673839807,0.6024640760767093,0.11446073756370402,0.6761234037828132
tie_break=count,unique_l1,Recall@5,6,3,6,0.6761234037828132,0.14035738661899466,0.9665471055652894,0.0016599257164716167,0.6024640760767093,0.11446073756370402,0.6761234037828132
tie_break=count,unique_l2,Recall@5,6,3,6,0.6761234037828132,0.14035738661899466,0.8865327662047519,0.01858178500111304,0.6024640760767093,0.11446073756370402,0.6761234037828132
tie_break=count,gamma,Recall@5,6,2,6,0.6546536707079772,0.15830242337545788,0.9655824016762774,0.0017564715658478208,0.5773502691896257,0.14323490752466972,0.6546536707079772
tie_break=count,pas_emb,Recall@5,6,6,6,0.6,0.208,0.9753083780036843,0.0009069873481175245,0.4666666666666666,0.2722222222222222,0.6
tie_break=count,pas_behavioral,Recall@5,6,6,6,0.6,0.208,0.9374908119407507,0.005738973731040449,0.4666666666666666,0.2722222222222222,0.6
tie_break=count,max_dupe,Recall@5,6,6,6,-0.4285714285714286,0.3965014577259473,-0.9381352302916974,0.005622488634977832,-0.3333333333333333,0.46944444444444444,0.4285714285714286
tie_break=count,n_layers,Recall@5,6,1,6,,,,,,,
tie_break=count,codebook_size,Recall@5,6,1,6,,,,,,,
tie_break=count,embed_dim,Recall@5,6,1,6,,,,,,,
tie_break=count,beta,Recall@5,6,1,6,,,,,,,
tie_break=count,ema_decay,Recall@5,6,1,6,,,,,,,
tie_break=count,temperature,Recall@5,6,1,6,,,,,,,
tie_break=count,margin,Recall@5,1,1,1,,,,,,,
tie_break=count,unique_l3,Recall@5,6,1,6,,,,,,,
tie_break=popularity,pas_behavioral,NDCG@1,5,5,5,0.6,0.28475697986529386,0.464636692122249,0.4304412913809299,0.39999999999999997,0.48333333333333334,0.6
tie_break=popularity,unique_l0,NDCG@1,5,2,5,0.35355339059327373,0.5594043441634877,0.2671036121482481,0.6640014162106626,0.31622776601683794,0.4795001221869535,0.35355339059327373
tie_break=popularity,unique_l1,NDCG@1,5,2,5,0.35355339059327373,0.5594043441634877,0.2671036121482481,0.6640014162106626,0.31622776601683794,0.4795001221869535,0.35355339059327373
tie_break=popularity,unique_l2,NDCG@1,5,2,5,0.35355339059327373,0.5594043441634877,0.2671036121482482,0.6640014162106626,0.31622776601683794,0.4795001221869535,0.35355339059327373
tie_break=popularity,max_dupe,NDCG@1,5,5,5,0.3,0.623837664781073,0.1667631005500266,0.788658916692291,0.19999999999999998,0.8166666666666667,0.3
tie_break=popularity,entropy_mean,NDCG@1,5,5,5,0.19999999999999998,0.7470600781046621,0.050571404935833474,0.9356379436167943,0.19999999999999998,0.8166666666666667,0.19999999999999998
tie_break=popularity,unique_total_base,NDCG@1,5,5,5,0.19999999999999998,0.7470600781046621,0.17400594879037257,0.7795719025296979,0.19999999999999998,0.8166666666666667,0.19999999999999998
tie_break=popularity,n_collisions,NDCG@1,5,5,5,-0.19999999999999998,0.7470600781046621,-0.17400594879037257,0.7795719025296979,-0.19999999999999998,0.8166666666666667,0.19999999999999998
tie_break=popularity,cfr,NDCG@1,5,5,5,0.19999999999999998,0.7470600781046621,0.1740059487903747,0.7795719025296952,0.19999999999999998,0.8166666666666667,0.19999999999999998
tie_break=popularity,cur_total,NDCG@1,5,5,5,0.19999999999999998,0.7470600781046621,0.1740059487903663,0.7795719025297059,0.19999999999999998,0.8166666666666667,0.19999999999999998
tie_break=popularity,zipf_alpha_full,NDCG@1,5,5,5,-0.19999999999999998,0.7470600781046621,-0.20729538227725866,0.7379659840920614,-0.19999999999999998,0.8166666666666667,0.19999999999999998
tie_break=popularity,entropy_l2,NDCG@1,5,5,5,0.19999999999999998,0.7470600781046621,-0.0781116709143878,0.900646360654926,0.19999999999999998,0.8166666666666667,0.19999999999999998
tie_break=popularity,entropy_min,NDCG@1,5,5,5,-0.09999999999999999,0.8728885715695384,0.0630406158163611,0.9197873910687683,0.0,1.0,0.09999999999999999
tie_break=popularity,pas_emb,NDCG@1,5,5,5,-0.09999999999999999,0.8728885715695384,-0.03990086533355103,0.949210124103426,0.0,1.0,0.09999999999999999
tie_break=popularity,entropy_l0,NDCG@1,5,5,5,0.0,1.0,0.2748421771609815,0.6545170290453709,0.19999999999999998,0.8166666666666667,0.0
tie_break=popularity,entropy_l1,NDCG@1,5,5,5,0.0,1.0,0.10016547291915205,0.8726789427383517,0.0,1.0,0.0
tie_break=popularity,entropy_l3,NDCG@1,5,5,5,0.0,1.0,-0.04286103165242761,0.9454443530357868,0.0,1.0,0.0
tie_break=popularity,n_layers,NDCG@1,5,1,5,,,,,,,
tie_break=popularity,codebook_size,NDCG@1,5,1,5,,,,,,,
tie_break=popularity,embed_dim,NDCG@1,5,1,5,,,,,,,
tie_break=popularity,beta,NDCG@1,5,1,5,,,,,,,
tie_break=popularity,gamma,NDCG@1,5,1,5,,,,,,,
tie_break=popularity,ema_decay,NDCG@1,5,1,5,,,,,,,
tie_break=popularity,temperature,NDCG@1,5,1,5,,,,,,,
tie_break=popularity,margin,NDCG@1,0,0,0,,,,,,,
tie_break=popularity,unique_l3,NDCG@1,5,1,5,,,,,,,
tie_break=popularity,entropy_mean,NDCG@10,5,5,5,0.7999999999999999,0.10408803866182788,0.5620996124141748,0.32402585655682553,0.6,0.23333333333333334,0.7999999999999999
tie_break=popularity,unique_total_base,NDCG@10,5,5,5,0.7999999999999999,0.10408803866182788,0.7033683923003252,0.18506471220392154,0.6,0.23333333333333334,0.7999999999999999
tie_break=popularity,n_collisions,NDCG@10,5,5,5,-0.7999999999999999,0.10408803866182788,-0.703368392300325,0.185064712203922,-0.6,0.23333333333333334,0.7999999999999999
tie_break=popularity,cfr,NDCG@10,5,5,5,0.7999999999999999,0.10408803866182788,0.7033683923003295,0.1850647122039177,0.6,0.23333333333333334,0.7999999999999999
tie_break=popularity,cur_total,NDCG@10,5,5,5,0.7999999999999999,0.10408803866182788,0.7033683923003241,0.1850647122039228,0.6,0.23333333333333334,0.7999999999999999
tie_break=popularity,zipf_alpha_full,NDCG@10,5,5,5,-0.7999999999999999,0.10408803866182788,-0.7454653805937872,0.14812730323196038,-0.6,0.23333333333333334,0.7999999999999999
tie_break=popularity,entropy_l2,NDCG@10,5,5,5,0.7999999999999999,0.10408803866182788,0.5439283978816764,0.34330182994743114,0.6,0.23333333333333334,0.7999999999999999
tie_break=popularity,entropy_min,NDCG@10,5,5,5,0.6,0.28475697986529386,0.5568399597015599,0.3295764888710997,0.39999999999999997,0.48333333333333334,0.6
tie_break=popularity,entropy_l0,NDCG@10,5,5,5,0.49999999999999994,0.3910022189557703,0.6068485738013767,0.2778036081702452,0.19999999999999998,0.8166666666666667,0.49999999999999994
tie_break=popularity,entropy_l1,NDCG@10,5,5,5,0.49999999999999994,0.3910022189557703,0.5319762650705772,0.3561300156608888,0.39999999999999997,0.48333333333333334,0.49999999999999994
tie_break=popularity,entropy_l3,NDCG@10,5,5,5,0.49999999999999994,0.3910022189557703,0.5405103382578087,0.34695854493928496,0.39999999999999997,0.48333333333333334,0.49999999999999994
tie_break=popularity,pas_behavioral,NDCG@10,5,5,5,0.39999999999999997,0.5046315754686912,0.3584172277936411,0.5536172044577269,0.39999999999999997,0.48333333333333334,0.39999999999999997
tie_break=popularity,unique_l0,NDCG@10,5,2,5,0.35355339059327373,0.5594043441634877,0.48786114859002916,0.40444079665547994,0.31622776601683794,0.4795001221869535,0.35355339059327373
tie_break=popularity,unique_l1,NDCG@10,5,2,5,0.35355339059327373,0.5594043441634877,0.4878611485900292,0.40444079665547994,0.31622776601683794,0.4795001221869535,0.35355339059327373
tie_break=popularity,unique_l2,NDCG@10,5,2,5,0.35355339059327373,0.5594043441634877,0.4878611485900292,0.40444079665547994,0.31622776601683794,0.4795001221869535,0.35355339059327373
tie_break=popularity,max_dupe,NDCG@10,5,5,5,0.19999999999999998,0.7470600781046621,-0.2055459887916351,0.7401454100548092,0.19999999999999998,0.8166666666666667,0.19999999999999998
tie_break=popularity,pas_emb,NDCG@10,5,5,5,0.09999999999999999,0.8728885715695384,0.15926443845426203,0.7980787759418091,0.0,1.0,0.09999999999999999
tie_break=popularity,n_layers,NDCG@10,5,1,5,,,,,,,
tie_break=popularity,codebook_size,NDCG@10,5,1,5,,,,,,,
tie_break=popularity,embed_dim,NDCG@10,5,1,5,,,,,,,
tie_break=popularity,beta,NDCG@10,5,1,5,,,,,,,
tie_break=popularity,gamma,NDCG@10,5,1,5,,,,,,,
tie_break=popularity,ema_decay,NDCG@10,5,1,5,,,,,,,
tie_break=popularity,temperature,NDCG@10,5,1,5,,,,,,,
tie_break=popularity,margin,NDCG@10,0,0,0,,,,,,,
tie_break=popularity,unique_l3,NDCG@10,5,1,5,,,,,,,
tie_break=popularity,unique_l0,NDCG@20,5,2,5,0.7071067811865475,0.1816901138162094,0.659640661024891,0.22579776643392926,0.6324555320336759,0.15729920705028516,0.7071067811865475
tie_break=popularity,unique_l1,NDCG@20,5,2,5,0.7071067811865475,0.1816901138162094,0.659640661024891,0.22579776643392926,0.6324555320336759,0.15729920705028516,0.7071067811865475
tie_break=popularity,unique_l2,NDCG@20,5,2,5,0.7071067811865475,0.1816901138162094,0.659640661024891,0.22579776643392926,0.6324555320336759,0.15729920705028516,0.7071067811865475
tie_break=popularity,entropy_mean,NDCG@20,5,5,5,0.7,0.1881204043741873,0.6891646636650678,0.198045232601911,0.6,0.23333333333333334,0.7
tie_break=popularity,unique_total_base,NDCG@20,5,5,5,0.7,0.1881204043741873,0.8328596781106568,0.07993855911319706,0.6,0.23333333333333334,0.7
tie_break=popularity,n_collisions,NDCG@20,5,5,5,-0.7,0.1881204043741873,-0.8328596781106565,0.07993855911319724,-0.6,0.23333333333333334,0.7
tie_break=popularity,cfr,NDCG@20,5,5,5,0.7,0.1881204043741873,0.8328596781106571,0.07993855911319689,0.6,0.23333333333333334,0.7
tie_break=popularity,cur_total,NDCG@20,5,5,5,0.7,0.1881204043741873,0.8328596781106546,0.0799385591131985,0.6,0.23333333333333334,0.7
tie_break=popularity,zipf_alpha_full,NDCG@20,5,5,5,-0.7,0.1881204043741873,-0.8555180680425251,0.06447788365399108,-0.6,0.23333333333333334,0.7
tie_break=popularity,entropy_l0,NDCG@20,5,5,5,0.7,0.1881204043741873,0.7723554702889457,0.1258357340801309,0.6,0.23333333333333334,0.7
tie_break=popularity,entropy_l2,NDCG@20,5,5,5,0.7,0.1881204043741873,0.6435991647597493,0.24129030706480328,0.6,0.23333333333333334,0.7
tie_break=popularity,entropy_min,NDCG@20,5,5,5,0.6,0.28475697986529386,0.6934944214576466,0.1940620141358646,0.39999999999999997,0.48333333333333334,0.6
tie_break=popularity,pas_behavioral,NDCG@20,5,5,5,0.49999999999999994,0.3910022189557703,0.2671098878444913,0.6639937160640123,0.39999999999999997,0.48333333333333334,0.49999999999999994
tie_break=popularity,entropy_l1,NDCG@20,5,5,5,0.39999999999999997,0.5046315754686912,0.6696110746642232,0.2163126946220849,0.39999999999999997,0.48333333333333334,0.39999999999999997
tie_break=popularity,entropy_l3,NDCG@20,5,5,5,0.39999999999999997,0.5046315754686912,0.6409788948768753,0.24384740115967116,0.39999999999999997,0.48333333333333334,0.39999999999999997
tie_break=popularity,max_dupe,NDCG@20,5,5,5,-0.19999999999999998,0.7470600781046621,-0.48886128314742816,0.4033295654661823,-0.19999999999999998,0.8166666666666667,0.19999999999999998
tie_break=popularity,pas_emb,NDCG@20,5,5,5,-0.09999999999999999,0.8728885715695384,0.03189441650829847,0.9593976536790132,0.0,1.0,0.09999999999999999
tie_break=popularity,n_layers,NDCG@20,5,1,5,,,,,,,
tie_break=popularity,codebook_size,NDCG@20,5,1,5,,,,,,,
tie_break=popularity,embed_dim,NDCG@20,5,1,5,,,,,,,
tie_break=popularity,beta,NDCG@20,5,1,5,,,,,,,
tie_break=popularity,gamma,NDCG@20,5,1,5,,,,,,,
tie_break=popularity,ema_decay,NDCG@20,5,1,5,,,,,,,
tie_break=popularity,temperature,NDCG@20,5,1,5,,,,,,,
tie_break=popularity,margin,NDCG@20,0,0,0,,,,,,,
tie_break=popularity,unique_l3,NDCG@20,5,1,5,,,,,,,
tie_break=popularity,entropy_mean,NDCG@5,5,5,5,0.7999999999999999,0.10408803866182788,0.44643079977434125,0.4510765141429957,0.6,0.23333333333333334,0.7999999999999999
tie_break=popularity,unique_total_base,NDCG@5,5,5,5,0.7999999999999999,0.10408803866182788,0.586241028726271,0.29886107215464364,0.6,0.23333333333333334,0.7999999999999999
tie_break=popularity,n_collisions,NDCG@5,5,5,5,-0.7999999999999999,0.10408803866182788,-0.5862410287262709,0.29886107215464364,-0.6,0.23333333333333334,0.7999999999999999
tie_break=popularity,cfr,NDCG@5,5,5,5,0.7999999999999999,0.10408803866182788,0.5862410287262766,0.2988610721546377,0.6,0.23333333333333334,0.7999999999999999
tie_break=popularity,cur_total,NDCG@5,5,5,5,0.7999999999999999,0.10408803866182788,0.5862410287262698,0.2988610721546448,0.6,0.23333333333333334,0.7999999999999999
tie_break=popularity,zipf_alpha_full,NDCG@5,5,5,5,-0.7999999999999999,0.10408803866182788,-0.6354511174428751,0.24926578562713123,-0.6,0.23333333333333334,0.7999999999999999
tie_break=popularity,entropy_l2,NDCG@5,5,5,5,0.7999999999999999,0.10408803866182788,0.43154798026837476,0.4681021568963422,0.6,0.23333333333333334,0.7999999999999999
tie_break=popularity,entropy_min,NDCG@5,5,5,5,0.6,0.28475697986529386,0.4387956507419255,0.4597937599090856,0.39999999999999997,0.48333333333333334,0.6
tie_break=popularity,entropy_l0,NDCG@5,5,5,5,0.49999999999999994,0.3910022189557703,0.49122179663969895,0.40070967569274896,0.19999999999999998,0.8166666666666667,0.49999999999999994
tie_break=popularity,entropy_l1,NDCG@5,5,5,5,0.49999999999999994,0.3910022189557703,0.41820581290757697,0.4834801897783664,0.39999999999999997,0.48333333333333334,0.49999999999999994
tie_break=popularity,entropy_l3,NDCG@5,5,5,5,0.49999999999999994,0.3910022189557703,0.43029165464946073,0.46954562327208926,0.39999999999999997,0.48333333333333334,0.49999999999999994
tie_break=popularity,pas_behavioral,NDCG@5,5,5,5,0.39999999999999997,0.5046315754686912,0.3826996230512081,0.5249018756026781,0.39999999999999997,0.48333333333333334,0.39999999999999997
tie_break=popularity,unique_l0,NDCG@5,5,2,5,0.35355339059327373,0.5594043441634877,0.3788383804718294,0.529447815555947,0.31622776601683794,0.4795001221869535,0.35355339059327373
tie_break=popularity,unique_l1,NDCG@5,5,2,5,0.35355339059327373,0.5594043441634877,0.3788383804718294,0.529447815555947,0.31622776601683794,0.4795001221869535,0.35355339059327373
tie_break=popularity,unique_l2,NDCG@5,5,2,5,0.35355339059327373,0.5594043441634877,0.37883838047182944,0.529447815555947,0.31622776601683794,0.4795001221869535,0.35355339059327373
tie_break=popularity,max_dupe,NDCG@5,5,5,5,0.19999999999999998,0.7470600781046621,-0.04467117880666813,0.9431418108137299,0.19999999999999998,0.8166666666666667,0.19999999999999998
tie_break=popularity,pas_emb,NDCG@5,5,5,5,0.09999999999999999,0.8728885715695384,0.17622061741682374,0.7767956702445459,0.0,1.0,0.09999999999999999
tie_break=popularity,n_layers,NDCG@5,5,1,5,,,,,,,
tie_break=popularity,codebook_size,NDCG@5,5,1,5,,,,,,,
tie_break=popularity,embed_dim,NDCG@5,5,1,5,,,,,,,
tie_break=popularity,beta,NDCG@5,5,1,5,,,,,,,
tie_break=popularity,gamma,NDCG@5,5,1,5,,,,,,,
tie_break=popularity,ema_decay,NDCG@5,5,1,5,,,,,,,
tie_break=popularity,temperature,NDCG@5,5,1,5,,,,,,,
tie_break=popularity,margin,NDCG@5,0,0,0,,,,,,,
tie_break=popularity,unique_l3,NDCG@5,5,1,5,,,,,,,
tie_break=popularity,pas_behavioral,Recall@1,5,5,5,0.6,0.28475697986529386,0.464636692122249,0.4304412913809299,0.39999999999999997,0.48333333333333334,0.6
tie_break=popularity,unique_l0,Recall@1,5,2,5,0.35355339059327373,0.5594043441634877,0.2671036121482481,0.6640014162106626,0.31622776601683794,0.4795001221869535,0.35355339059327373
tie_break=popularity,unique_l1,Recall@1,5,2,5,0.35355339059327373,0.5594043441634877,0.2671036121482481,0.6640014162106626,0.31622776601683794,0.4795001221869535,0.35355339059327373
tie_break=popularity,unique_l2,Recall@1,5,2,5,0.35355339059327373,0.5594043441634877,0.2671036121482482,0.6640014162106626,0.31622776601683794,0.4795001221869535,0.35355339059327373
tie_break=popularity,max_dupe,Recall@1,5,5,5,0.3,0.623837664781073,0.1667631005500266,0.788658916692291,0.19999999999999998,0.8166666666666667,0.3
tie_break=popularity,entropy_mean,Recall@1,5,5,5,0.19999999999999998,0.7470600781046621,0.050571404935833474,0.9356379436167943,0.19999999999999998,0.8166666666666667,0.19999999999999998
tie_break=popularity,unique_total_base,Recall@1,5,5,5,0.19999999999999998,0.7470600781046621,0.17400594879037257,0.7795719025296979,0.19999999999999998,0.8166666666666667,0.19999999999999998
tie_break=popularity,n_collisions,Recall@1,5,5,5,-0.19999999999999998,0.7470600781046621,-0.17400594879037257,0.7795719025296979,-0.19999999999999998,0.8166666666666667,0.19999999999999998
tie_break=popularity,cfr,Recall@1,5,5,5,0.19999999999999998,0.7470600781046621,0.1740059487903747,0.7795719025296952,0.19999999999999998,0.8166666666666667,0.19999999999999998
tie_break=popularity,cur_total,Recall@1,5,5,5,0.19999999999999998,0.7470600781046621,0.1740059487903663,0.7795719025297059,0.19999999999999998,0.8166666666666667,0.19999999999999998
tie_break=popularity,zipf_alpha_full,Recall@1,5,5,5,-0.19999999999999998,0.7470600781046621,-0.20729538227725866,0.7379659840920614,-0.19999999999999998,0.8166666666666667,0.19999999999999998
tie_break=popularity,entropy_l2,Recall@1,5,5,5,0.19999999999999998,0.7470600781046621,-0.0781116709143878,0.900646360654926,0.19999999999999998,0.8166666666666667,0.19999999999999998
tie_break=popularity,entropy_min,Recall@1,5,5,5,-0.09999999999999999,0.8728885715695384,0.0630406158163611,0.9197873910687683,0.0,1.0,0.09999999999999999
tie_break=popularity,pas_emb,Recall@1,5,5,5,-0.09999999999999999,0.8728885715695384,-0.03990086533355103,0.949210124103426,0.0,1.0,0.09999999999999999
tie_break=popularity,entropy_l0,Recall@1,5,5,5,0.0,1.0,0.2748421771609815,0.6545170290453709,0.19999999999999998,0.8166666666666667,0.0
tie_break=popularity,entropy_l1,Recall@1,5,5,5,0.0,1.0,0.10016547291915205,0.8726789427383517,0.0,1.0,0.0
tie_break=popularity,entropy_l3,Recall@1,5,5,5,0.0,1.0,-0.04286103165242761,0.9454443530357868,0.0,1.0,0.0
tie_break=popularity,n_layers,Recall@1,5,1,5,,,,,,,
tie_break=popularity,codebook_size,Recall@1,5,1,5,,,,,,,
tie_break=popularity,embed_dim,Recall@1,5,1,5,,,,,,,
tie_break=popularity,beta,Recall@1,5,1,5,,,,,,,
tie_break=popularity,gamma,Recall@1,5,1,5,,,,,,,
tie_break=popularity,ema_decay,Recall@1,5,1,5,,,,,,,
tie_break=popularity,temperature,Recall@1,5,1,5,,,,,,,
tie_break=popularity,margin,Recall@1,0,0,0,,,,,,,
tie_break=popularity,unique_l3,Recall@1,5,1,5,,,,,,,
tie_break=popularity,entropy_mean,Recall@10,5,5,5,0.7999999999999999,0.10408803866182788,0.6744410455680994,0.21175868001922932,0.6,0.23333333333333334,0.7999999999999999
tie_break=popularity,unique_total_base,Recall@10,5,5,5,0.7999999999999999,0.10408803866182788,0.797599178354536,0.10592701034415755,0.6,0.23333333333333334,0.7999999999999999
tie_break=popularity,n_collisions,Recall@10,5,5,5,-0.7999999999999999,0.10408803866182788,-0.7975991783545358,0.10592701034415772,-0.6,0.23333333333333334,0.7999999999999999
tie_break=popularity,cfr,Recall@10,5,5,5,0.7999999999999999,0.10408803866182788,0.7975991783545399,0.10592701034415444,0.6,0.23333333333333334,0.7999999999999999
tie_break=popularity,cur_total,Recall@10,5,5,5,0.7999999999999999,0.10408803866182788,0.7975991783545363,0.10592701034415722,0.6,0.23333333333333334,0.7999999999999999
tie_break=popularity,zipf_alpha_full,Recall@10,5,5,5,-0.7999999999999999,0.10408803866182788,-0.8345977506207652,0.07871660867481588,-0.6,0.23333333333333334,0.7999999999999999
tie_break=popularity,entropy_l2,Recall@10,5,5,5,0.7999999999999999,0.10408803866182788,0.6841059708831706,0.2027277821906408,0.6,0.23333333333333334,0.7999999999999999
tie_break=popularity,entropy_min,Recall@10,5,5,5,0.6,0.28475697986529386,0.6657155707320374,0.22000515800405432,0.39999999999999997,0.48333333333333334,0.6
tie_break=popularity,entropy_l0,Recall@10,5,5,5,0.49999999999999994,0.3910022189557703,0.6648494973191065,0.22082843870059002,0.19999999999999998,0.8166666666666667,0.49999999999999994
tie_break=popularity,entropy_l1,Recall@10,5,5,5,0.49999999999999994,0.3910022189557703,0.6288032328085035,0.25582447746629017,0.39999999999999997,0.48333333333333334,0.49999999999999994
tie_break=popularity,entropy_l3,Recall@10,5,5,5,0.49999999999999994,0.3910022189557703,0.6723398567618781,0.21373650570063954,0.39999999999999997,0.48333333333333334,0.49999999999999994
tie_break=popularity,pas_behavioral,Recall@10,5,5,5,0.39999999999999997,0.5046315754686912,0.3176954317848442,0.6024089663970378,0.39999999999999997,0.48333333333333334,0.39999999999999997
tie_break=popularity,unique_l0,Recall@10,5,2,5,0.35355339059327373,0.5594043441634877,0.5338740972590245,0.35408535375381933,0.31622776601683794,0.4795001221869535,0.35355339059327373
tie_break=popularity,unique_l1,Recall@10,5,2,5,0.35355339059327373,0.5594043441634877,0.5338740972590245,0.35408535375381933,0.31622776601683794,0.4795001221869535,0.35355339059327373
tie_break=popularity,unique_l2,Recall@10,5,2,5,0.35355339059327373,0.5594043441634877,0.5338740972590245,0.35408535375381933,0.31622776601683794,0.4795001221869535,0.35355339059327373
tie_break=popularity,max_dupe,Recall@10,5,5,5,0.19999999999999998,0.7470600781046621,-0.32911083420166387,0.5886555854059774,0.19999999999999998,0.8166666666666667,0.19999999999999998
tie_break=popularity,pas_emb,Recall@10,5,5,5,0.09999999999999999,0.8728885715695384,0.22099910294708966,0.7209227835952695,0.0,1.0,0.09999999999999999
tie_break=popularity,n_layers,Recall@10,5,1,5,,,,,,,
tie_break=popularity,codebook_size,Recall@10,5,1,5,,,,,,,
tie_break=popularity,embed_dim,Recall@10,5,1,5,,,,,,,
tie_break=popularity,beta,Recall@10,5,1,5,,,,,,,
tie_break=popularity,gamma,Recall@10,5,1,5,,,,,,,
tie_break=popularity,ema_decay,Recall@10,5,1,5,,,,,,,
tie_break=popularity,temperature,Recall@10,5,1,5,,,,,,,
tie_break=popularity,margin,Recall@10,0,0,0,,,,,,,
tie_break=popularity,unique_l3,Recall@10,5,1,5,,,,,,,
tie_break=popularity,entropy_l0,Recall@20,5,5,5,0.8999999999999998,0.03738607346849875,0.8502755657715579,0.06796269044161742,0.7999999999999999,0.08333333333333333,0.8999999999999998
tie_break=popularity,unique_l0,Recall@20,5,2,5,0.7071067811865475,0.1816901138162094,0.7539666748029927,0.14096440716148442,0.6324555320336759,0.15729920705028516,0.7071067811865475
tie_break=popularity,unique_l1,Recall@20,5,2,5,0.7071067811865475,0.1816901138162094,0.7539666748029927,0.14096440716148442,0.6324555320336759,0.15729920705028516,0.7071067811865475
tie_break=popularity,unique_l2,Recall@20,5,2,5,0.7071067811865475,0.1816901138162094,0.7539666748029927,0.14096440716148442,0.6324555320336759,0.15729920705028516,0.7071067811865475
tie_break=popularity,entropy_min,Recall@20,5,5,5,0.7,0.1881204043741873,0.7932339685620514,0.10929546358213445,0.6,0.23333333333333334,0.7
tie_break=popularity,entropy_mean,Recall@20,5,5,5,0.6,0.28475697986529386,0.783791087620371,0.1166896716960422,0.39999999999999997,0.48333333333333334,0.6
tie_break=popularity,unique_total_base,Recall@20,5,5,5,0.6,0.28475697986529386,0.8929924212258914,0.04133891273221258,0.39999999999999997,0.48333333333333334,0.6
tie_break=popularity,n_collisions,Recall@20,5,5,5,-0.6,0.28475697986529386,-0.8929924212258913,0.0413389127322127,-0.39999999999999997,0.48333333333333334,0.6
tie_break=popularity,cfr,Recall@20,5,5,5,0.6,0.28475697986529386,0.8929924212258884,0.04133891273221436,0.39999999999999997,0.48333333333333334,0.6
tie_break=popularity,cur_total,Recall@20,5,5,5,0.6,0.28475697986529386,0.8929924212258898,0.04133891273221358,0.39999999999999997,0.48333333333333334,0.6
tie_break=popularity,zipf_alpha_full,Recall@20,5,5,5,-0.6,0.28475697986529386,-0.8923765898619819,0.041692292828402776,-0.39999999999999997,0.48333333333333334,0.6
tie_break=popularity,entropy_l2,Recall@20,5,5,5,0.6,0.28475697986529386,0.7383778241377178,0.1541778173863172,0.39999999999999997,0.48333333333333334,0.6
tie_break=popularity,max_dupe,Recall@20,5,5,5,-0.49999999999999994,0.3910022189557703,-0.7459881860389284,0.14768380831990258,-0.39999999999999997,0.48333333333333334,0.49999999999999994
tie_break=popularity,pas_emb,Recall@20,5,5,5,-0.3,0.623837664781073,-0.01629341526560271,0.9792554973013404,-0.19999999999999998,0.8166666666666667,0.3
tie_break=popularity,entropy_l1,Recall@20,5,5,5,0.3,0.623837664781073,0.767157678286427,0.13006024519388606,0.19999999999999998,0.8166666666666667,0.3
tie_break=popularity,entropy_l3,Recall@20,5,5,5,0.3,0.623837664781073,0.7325939657246157,0.15916734994549328,0.19999999999999998,0.8166666666666667,0.3
tie_break=popularity,pas_behavioral,Recall@20,5,5,5,0.19999999999999998,0.7470600781046621,0.15048902151514065,0.8091171284986636,0.19999999999999998,0.8166666666666667,0.19999999999999998
tie_break=popularity,n_layers,Recall@20,5,1,5,,,,,,,
tie_break=popularity,codebook_size,Recall@20,5,1,5,,,,,,,
tie_break=popularity,embed_dim,Recall@20,5,1,5,,,,,,,
tie_break=popularity,beta,Recall@20,5,1,5,,,,,,,
tie_break=popularity,gamma,Recall@20,5,1,5,,,,,,,
tie_break=popularity,ema_decay,Recall@20,5,1,5,,,,,,,
tie_break=popularity,temperature,Recall@20,5,1,5,,,,,,,
tie_break=popularity,margin,Recall@20,0,0,0,,,,,,,
tie_break=popularity,unique_l3,Recall@20,5,1,5,,,,,,,
tie_break=popularity,entropy_mean,Recall@5,5,5,5,0.7999999999999999,0.10408803866182788,0.5211298526895655,0.36787043920722473,0.6,0.23333333333333334,0.7999999999999999
tie_break=popularity,unique_total_base,Recall@5,5,5,5,0.7999999999999999,0.10408803866182788,0.6317297961982137,0.25293152482542536,0.6,0.23333333333333334,0.7999999999999999
tie_break=popularity,n_collisions,Recall@5,5,5,5,-0.7999999999999999,0.10408803866182788,-0.6317297961982135,0.25293152482542536,-0.6,0.23333333333333334,0.7999999999999999
tie_break=popularity,cfr,Recall@5,5,5,5,0.7999999999999999,0.10408803866182788,0.6317297961982209,0.2529315248254181,0.6,0.23333333333333334,0.7999999999999999
tie_break=popularity,cur_total,Recall@5,5,5,5,0.7999999999999999,0.10408803866182788,0.6317297961982153,0.2529315248254236,0.6,0.23333333333333334,0.7999999999999999
tie_break=popularity,zipf_alpha_full,Recall@5,5,5,5,-0.7999999999999999,0.10408803866182788,-0.6827146268854953,0.2040210482958078,-0.6,0.23333333333333334,0.7999999999999999
tie_break=popularity,entropy_l2,Recall@5,5,5,5,0.7999999999999999,0.10408803866182788,0.5675673429818487,0.31828101757294763,0.6,0.23333333333333334,0.7999999999999999
tie_break=popularity,entropy_min,Recall@5,5,5,5,0.6,0.28475697986529386,0.5030053003345772,0.3876917296821026,0.39999999999999997,0.48333333333333334,0.6
tie_break=popularity,entropy_l0,Recall@5,5,5,5,0.49999999999999994,0.3910022189557703,0.4597097518665193,0.43600426919859725,0.19999999999999998,0.8166666666666667,0.49999999999999994
tie_break=popularity,entropy_l1,Recall@5,5,5,5,0.49999999999999994,0.3910022189557703,0.46190062408156507,0.43352858052372245,0.39999999999999997,0.48333333333333334,0.49999999999999994
tie_break=popularity,entropy_l3,Recall@5,5,5,5,0.49999999999999994,0.3910022189557703,0.5513120204445842,0.33543569508463733,0.39999999999999997,0.48333333333333334,0.49999999999999994
tie_break=popularity,pas_behavioral,Recall@5,5,5,5,0.39999999999999997,0.5046315754686912,0.32760535616692726,0.5904661372548416,0.39999999999999997,0.48333333333333334,0.39999999999999997
tie_break=popularity,unique_l0,Recall@5,5,2,5,0.35355339059327373,0.5594043441634877,0.3251832180884663,0.5933812011947064,0.31622776601683794,0.4795001221869535,0.35355339059327373
tie_break=popularity,unique_l1,Recall@5,5,2,5,0.35355339059327373,0.5594043441634877,0.32518321808846623,0.5933812011947065,0.31622776601683794,0.4795001221869535,0.35355339059327373
tie_break=popularity,unique_l2,Recall@5,5,2,5,0.35355339059327373,0.5594043441634877,0.3251832180884662,0.5933812011947065,0.31622776601683794,0.4795001221869535,0.35355339059327373
tie_break=popularity,max_dupe,Recall@5,5,5,5,0.19999999999999998,0.7470600781046621,-0.06803865693883177,0.9134373763065993,0.19999999999999998,0.8166666666666667,0.19999999999999998
tie_break=popularity,pas_emb,Recall@5,5,5,5,0.09999999999999999,0.8728885715695384,0.3107877906151661,0.6107584957562335,0.0,1.0,0.09999999999999999
tie_break=popularity,n_layers,Recall@5,5,1,5,,,,,,,
tie_break=popularity,codebook_size,Recall@5,5,1,5,,,,,,,
tie_break=popularity,embed_dim,Recall@5,5,1,5,,,,,,,
tie_break=popularity,beta,Recall@5,5,1,5,,,,,,,
tie_break=popularity,gamma,Recall@5,5,1,5,,,,,,,
tie_break=popularity,ema_decay,Recall@5,5,1,5,,,,,,,
tie_break=popularity,temperature,Recall@5,5,1,5,,,,,,,
tie_break=popularity,margin,Recall@5,0,0,0,,,,,,,
tie_break=popularity,unique_l3,Recall@5,5,1,5,,,,,,,
kind=improved,pas_behavioral,NDCG@1,10,5,9,0.4691715584085551,0.17132777986779077,0.445459212256243,0.19698621845107994,0.3098753415048175,0.23359388675962656,0.4691715584085551
kind=improved,entropy_min,NDCG@1,10,5,9,-0.3086654989529968,0.38553006867876605,-0.07152473656933826,0.8443376029151508,-0.26220221204253785,0.31350347224841457,0.3086654989529968
kind=improved,max_dupe,NDCG@1,10,5,9,0.23458577920427756,0.5141626597763369,0.11239488677608607,0.7572186164220578,0.07150969419341942,0.7834074729414255,0.23458577920427756
kind=improved,unique_l0,NDCG@1,10,2,9,0.21825946742799318,0.5446587369275427,0.1821204821981898,0.6145642594760881,0.18844459036110225,0.5126104380544434,0.21825946742799318
kind=improved,unique_l1,NDCG@1,10,2,9,0.21825946742799318,0.5446587369275427,0.18212048219818971,0.6145642594760885,0.18844459036110225,0.5126104380544434,0.21825946742799318
kind=improved,unique_l2,NDCG@1,10,2,9,0.21825946742799318,0.5446587369275427,0.18212048219818974,0.6145642594760885,0.18844459036110225,0.5126104380544434,0.21825946742799318
kind=improved,entropy_l0,NDCG@1,10,5,9,-0.1975459193299179,0.5843407895218025,0.10506163734969101,0.7726976788949775,-0.07150969419341942,0.7834074729414255,0.1975459193299179
kind=improved,entropy_l1,NDCG@1,10,5,9,-0.14815943949743846,0.6829223777866165,-0.01109792143681718,0.9757262866484846,-0.07150969419341942,0.7834074729414255,0.14815943949743846
kind=improved,entropy_l3,NDCG@1,10,5,9,-0.14815943949743846,0.6829223777866165,-0.17882409061316323,0.6210932212202974,-0.07150969419341942,0.7834074729414255,0.14815943949743846
kind=improved,pas_emb,NDCG@1,10,5,9,-0.08642633970683909,0.8123482324065591,0.02996993579536538,0.9344996188313437,-0.07150969419341942,0.7834074729414255,0.08642633970683909
kind=improved,entropy_mean,NDCG@1,10,5,9,-0.07407971974871923,0.8388369841240371,-0.08865449581282847,0.807585345413297,-0.07150969419341942,0.7834074729414255,0.07407971974871923
kind=improved,unique_total_base,NDCG@1,10,5,9,-0.07407971974871923,0.8388369841240371,-0.07256561581695567,0.8420959516093488,-0.07150969419341942,0.7834074729414255,0.07407971974871923
kind=improved,n_collisions,NDCG@1,10,5,9,0.07407971974871923,0.8388369841240371,0.07256561581695561,0.8420959516093488,0.07150969419341942,0.7834074729414255,0.07407971974871923
kind=improved,cfr,NDCG@1,10,5,9,-0.07407971974871923,0.8388369841240371,-0.0725656158169561,0.8420959516093478,-0.07150969419341942,0.7834074729414255,0.07407971974871923
kind=improved,cur_total,NDCG@1,10,5,9,-0.07407971974871923,0.8388369841240371,-0.07256561581696133,0.8420959516093361,-0.07150969419341942,0.7834074729414255,0.07407971974871923
kind=improved,zipf_alpha_full,NDCG@1,10,5,9,0.07407971974871923,0.8388369841240371,0.07021489055642671,0.8471599333597208,0.07150969419341942,0.7834074729414255,0.07407971974871923
kind=improved,entropy_l2,NDCG@1,10,5,9,-0.07407971974871923,0.8388369841240371,-0.22506328965013422,0.5318633005597897,-0.07150969419341942,0.7834074729414255,0.07407971974871923
kind=improved,n_layers,NDCG@1,10,1,9,,,,,,,
kind=improved,codebook_size,NDCG@1,10,1,9,,,,,,,
kind=improved,embed_dim,NDCG@1,10,1,9,,,,,,,
kind=improved,beta,NDCG@1,10,1,9,,,,,,,
kind=improved,gamma,NDCG@1,10,1,9,,,,,,,
kind=improved,ema_decay,NDCG@1,10,1,9,,,,,,,
kind=improved,temperature,NDCG@1,10,1,9,,,,,,,
kind=improved,margin,NDCG@1,0,0,0,,,,,,,
kind=improved,unique_l3,NDCG@1,10,1,9,,,,,,,
kind=improved,entropy_mean,NDCG@10,10,5,9,0.6420242378222333,0.04534999521281956,0.4827581830929718,0.1575755427002355,0.5005678593539359,0.05433343498003298,0.6420242378222333
kind=improved,unique_total_base,NDCG@10,10,5,9,0.6420242378222333,0.04534999521281956,0.5859587322747702,0.07506083844807335,0.5005678593539359,0.05433343498003298,0.6420242378222333
kind=improved,n_collisions,NDCG@10,10,5,9,-0.6420242378222333,0.04534999521281956,-0.5859587322747705,0.07506083844807335,-0.5005678593539359,0.05433343498003298,0.6420242378222333
kind=improved,cfr,NDCG@10,10,5,9,0.6420242378222333,0.04534999521281956,0.5859587322747741,0.07506083844807103,0.5005678593539359,0.05433343498003298,0.6420242378222333
kind=improved,cur_total,NDCG@10,10,5,9,0.6420242378222333,0.04534999521281956,0.5859587322747696,0.0750608384480739,0.5005678593539359,0.05433343498003298,0.6420242378222333
kind=improved,zipf_alpha_full,NDCG@10,10,5,9,-0.6420242378222333,0.04534999521281956,-0.6197804281987913,0.05596723801418384,-0.5005678593539359,0.05433343498003298,0.6420242378222333
kind=improved,entropy_l2,NDCG@10,10,5,9,0.6420242378222333,0.04534999521281956,0.4654725477994432,0.17519148832168002,0.5005678593539359,0.05433343498003298,0.6420242378222333
kind=improved,pas_behavioral,NDCG@10,10,5,9,0.5432512781572743,0.10461165221422149,0.3569081246318696,0.31134570866639305,0.4528947298916563,0.08169855226894114,0.5432512781572743
kind=improved,unique_l0,NDCG@10,10,2,9,0.43651893485598636,0.20720835409768976,0.42370310698357944,0.22238489333130224,0.3768891807222045,0.1903458092612167,0.43651893485598636
kind=improved,unique_l1,NDCG@10,10,2,9,0.43651893485598636,0.20720835409768976,0.4237031069835794,0.22238489333130224,0.3768891807222045,0.1903458092612167,0.43651893485598636
kind=improved,unique_l2,NDCG@10,10,2,9,0.43651893485598636,0.20720835409768976,0.42370310698357955,0.22238489333130224,0.3768891807222045,0.1903458092612167,0.43651893485598636
kind=improved,entropy_min,NDCG@10,10,5,9,0.4074384586179557,0.24253036967875558,0.4779326529042575,0.16238091708941155,0.3098753415048175,0.23359388675962656,0.4074384586179557
kind=improved,entropy_l1,NDCG@10,10,5,9,0.4074384586179557,0.24253036967875558,0.46143249295669064,0.17947003153851346,0.3098753415048175,0.23359388675962656,0.4074384586179557
kind=improved,entropy_l3,NDCG@10,10,5,9,0.4074384586179557,0.24253036967875558,0.46582285002029494,0.17482339089828208,0.3098753415048175,0.23359388675962656,0.4074384586179557
kind=improved,entropy_l0,NDCG@10,10,5,9,0.35805197878547623,0.30968543811815097,0.5128118095919051,0.1295919270152915,0.21452908258025824,0.40957387567238346,0.35805197878547623
kind=improved,max_dupe,NDCG@10,10,5,9,0.16050605945555832,0.6577993238525518,-0.17616131640058094,0.6263846830107301,0.16685595311797866,0.5212695993616865,0.16050605945555832
kind=improved,pas_emb,NDCG@10,10,5,9,0.11111957962307885,0.7599051212005238,0.19352934445408118,0.5921572358381639,0.07150969419341942,0.7834074729414255,0.11111957962307885
kind=improved,n_layers,NDCG@10,10,1,9,,,,,,,
kind=improved,codebook_size,NDCG@10,10,1,9,,,,,,,
kind=improved,embed_dim,NDCG@10,10,1,9,,,,,,,
kind=improved,beta,NDCG@10,10,1,9,,,,,,,
kind=improved,gamma,NDCG@10,10,1,9,,,,,,,
kind=improved,ema_decay,NDCG@10,10,1,9,,,,,,,
kind=improved,temperature,NDCG@10,10,1,9,,,,,,,
kind=improved,margin,NDCG@10,0,0,0,,,,,,,
kind=improved,unique_l3,NDCG@10,10,1,9,,,,,,,
kind=improved,entropy_mean,NDCG@20,10,5,8,0.7182972366962014,0.019286977766656957,0.666896756238353,0.035178971628103746,0.5786913866044946,0.02729299405836495,0.7182972366962014
kind=improved,unique_total_base,NDCG@20,10,5,8,0.7182972366962014,0.019286977766656957,0.7642691255641125,0.010050794740729518,0.5786913866044946,0.02729299405836495,0.7182972366962014
kind=improved,n_collisions,NDCG@20,10,5,8,-0.7182972366962014,0.019286977766656957,-0.7642691255641125,0.010050794740729518,-0.5786913866044946,0.02729299405836495,0.7182972366962014
kind=improved,cfr,NDCG@20,10,5,8,0.7182972366962014,0.019286977766656957,0.7642691255641123,0.01005079474072955,0.5786913866044946,0.02729299405836495,0.7182972366962014
kind=improved,cur_total,NDCG@20,10,5,8,0.7182972366962014,0.019286977766656957,0.7642691255641108,0.010050794740729795,0.5786913866044946,0.02729299405836495,0.7182972366962014
kind=improved,zipf_alpha_full,NDCG@20,10,5,8,-0.7182972366962014,0.019286977766656957,-0.7753592800754496,0.00840997008858622,-0.5786913866044946,0.02729299405836495,0.7182972366962014
kind=improved,entropy_l2,NDCG@20,10,5,8,0.7182972366962014,0.019286977766656957,0.6183266593735154,0.05671337645310351,0.5786913866044946,0.02729299405836495,0.7182972366962014
kind=improved,entropy_l0,NDCG@20,10,5,8,0.6687594962343945,0.03448611358867199,0.7322560724022228,0.01603450501068133,0.5304671043874534,0.04303606354311653,0.6687594962343945
kind=improved,entropy_min,NDCG@20,10,5,8,0.6439906260034909,0.04448200520004283,0.6723705901528514,0.033169398259293235,0.4822428221704121,0.06585372589830239,0.6439906260034909
kind=improved,unique_l0,NDCG@20,10,2,8,0.6129982635910514,0.059504261900992915,0.65352879315828,0.040429434508468434,0.5337449961641163,0.06591595226766876,0.6129982635910514
kind=improved,unique_l1,NDCG@20,10,2,8,0.6129982635910514,0.059504261900992915,0.65352879315828,0.040429434508468434,0.5337449961641163,0.06591595226766876,0.6129982635910514
kind=improved,unique_l2,NDCG@20,10,2,8,0.6129982635910514,0.059504261900992915,0.65352879315828,0.040429434508468434,0.5337449961641163,0.06591595226766876,0.6129982635910514
kind=improved,entropy_l1,NDCG@20,10,5,8,0.4706085343871665,0.16984064611105065,0.6583806140493713,0.03846673360914909,0.3857942577363297,0.14114664753130549,0.4706085343871665
kind=improved,entropy_l3,NDCG@20,10,5,8,0.4706085343871665,0.16984064611105065,0.6211514920696591,0.05526952281315687,0.3857942577363297,0.14114664753130549,0.4706085343871665
kind=improved,pas_behavioral,NDCG@20,10,5,8,0.42107079392535945,0.22557826704712053,0.3015621088758021,0.39712041381349505,0.33756997551928847,0.19788781213548656,0.42107079392535945
kind=improved,max_dupe,NDCG@20,10,5,8,-0.19815096184722797,0.5831666793968576,-0.5249788792003661,0.119205965529499,-0.14467284665112365,0.5810679793366852,0.19815096184722797
kind=improved,pas_emb,NDCG@20,10,5,8,0.012384435115451748,0.9729132028565557,0.10217525840489132,0.7788104216451213,0.04822428221704121,0.8540591111326943,0.012384435115451748
kind=improved,n_layers,NDCG@20,10,1,8,,,,,,,
kind=improved,codebook_size,NDCG@20,10,1,8,,,,,,,
kind=improved,embed_dim,NDCG@20,10,1,8,,,,,,,
kind=improved,beta,NDCG@20,10,1,8,,,,,,,
kind=improved,gamma,NDCG@20,10,1,8,,,,,,,
kind=improved,ema_decay,NDCG@20,10,1,8,,,,,,,
kind=improved,temperature,NDCG@20,10,1,8,,,,,,,
kind=improved,margin,NDCG@20,0,0,0,,,,,,,
kind=improved,unique_l3,NDCG@20,10,1,8,,,,,,,
kind=improved,pas_behavioral,NDCG@5,10,5,8,0.6068373206571356,0.06284224213462947,0.4936117254282902,0.1470841373996043,0.5063549632789327,0.053434974415870654,0.6068373206571356
kind=improved,entropy_mean,NDCG@5,10,5,8,0.5820684504262322,0.07749554112323757,0.3674526976498189,0.29621814433642335,0.4581306810618915,0.08055981042654296,0.5820684504262322
kind=improved,unique_total_base,NDCG@5,10,5,8,0.5820684504262322,0.07749554112323757,0.44991202978781397,0.19200695850369842,0.4581306810618915,0.08055981042654296,0.5820684504262322
kind=improved,n_collisions,NDCG@5,10,5,8,-0.5820684504262322,0.07749554112323757,-0.4499120297878141,0.19200695850369823,-0.4581306810618915,0.08055981042654296,0.5820684504262322
kind=improved,cfr,NDCG@5,10,5,8,0.5820684504262322,0.07749554112323757,0.44991202978781997,0.1920069585036916,0.4581306810618915,0.08055981042654296,0.5820684504262322
kind=improved,cur_total,NDCG@5,10,5,8,0.5820684504262322,0.07749554112323757,0.44991202978781314,0.19200695850369917,0.4581306810618915,0.08055981042654296,0.5820684504262322
kind=improved,zipf_alpha_full,NDCG@5,10,5,8,-0.5820684504262322,0.07749554112323757,-0.491762731983751,0.14884051305664475,-0.4581306810618915,0.08055981042654296,0.5820684504262322
kind=improved,entropy_l2,NDCG@5,10,5,8,0.5820684504262322,0.07749554112323757,0.34773625249951334,0.32482661574941984,0.4581306810618915,0.08055981042654296,0.5820684504262322
kind=improved,entropy_l1,NDCG@5,10,5,8,0.4086863588099077,0.24094977197059417,0.35536117937113637,0.31359847672946306,0.3134578344107679,0.23184421469045646,0.4086863588099077
kind=improved,entropy_l3,NDCG@5,10,5,8,0.4086863588099077,0.24094977197059417,0.356643450993708,0.3117305397564022,0.3134578344107679,0.23184421469045646,0.4086863588099077
kind=improved,unique_l0,NDCG@5,10,2,8,0.35028472205202943,0.32105093637058457,0.32547085275085647,0.3587794584273262,0.30499714066520933,0.2933255737660211,0.35028472205202943
kind=improved,unique_l1,NDCG@5,10,2,8,0.35028472205202943,0.32105093637058457,0.3254708527508564,0.35877945842732656,0.30499714066520933,0.2933255737660211,0.35028472205202943
kind=improved,unique_l2,NDCG@5,10,2,8,0.35028472205202943,0.32105093637058457,0.32547085275085647,0.3587794584273262,0.30499714066520933,0.2933255737660211,0.35028472205202943
kind=improved,entropy_min,NDCG@5,10,5,8,0.2848420076553902,0.4250491471640214,0.3592000054664476,0.3080238101244046,0.2652335521937267,0.3116911241905236,0.2848420076553902
kind=improved,max_dupe,NDCG@5,10,5,8,0.2848420076553902,0.4250491471640214,0.01884553439010125,0.9587900314927617,0.2652335521937267,0.3116911241905236,0.2848420076553902
kind=improved,pas_emb,NDCG@5,10,5,8,0.23530426719358324,0.5128371335174616,0.3117404517328113,0.3805645393105428,0.12056070554260302,0.6456206577582189,0.23530426719358324
kind=improved,entropy_l0,NDCG@5,10,5,8,0.17338209161632445,0.6319239684473628,0.39165067139723075,0.2630261345099775,0.07233642332556182,0.7826151170938169,0.17338209161632445
kind=improved,n_layers,NDCG@5,10,1,8,,,,,,,
kind=improved,codebook_size,NDCG@5,10,1,8,,,,,,,
kind=improved,embed_dim,NDCG@5,10,1,8,,,,,,,
kind=improved,beta,NDCG@5,10,1,8,,,,,,,
kind=improved,gamma,NDCG@5,10,1,8,,,,,,,
kind=improved,ema_decay,NDCG@5,10,1,8,,,,,,,
kind=improved,temperature,NDCG@5,10,1,8,,,,,,,
kind=improved,margin,NDCG@5,0,0,0,,,,,,,
kind=improved,unique_l3,NDCG@5,10,1,8,,,,,,,
kind=improved,pas_behavioral,Recall@1,10,5,9,0.4691715584085551,0.17132777986779077,0.445459212256243,0.19698621845107994,0.3098753415048175,0.23359388675962656,0.4691715584085551
kind=improved,entropy_min,Recall@1,10,5,9,-0.3086654989529968,0.38553006867876605,-0.07152473656933826,0.8443376029151508,-0.26220221204253785,0.31350347224841457,0.3086654989529968
kind=improved,max_dupe,Recall@1,10,5,9,0.23458577920427756,0.5141626597763369,0.11239488677608607,0.7572186164220578,0.07150969419341942,0.7834074729414255,0.23458577920427756
kind=improved,unique_l0,Recall@1,10,2,9,0.21825946742799318,0.5446587369275427,0.1821204821981898,0.6145642594760881,0.18844459036110225,0.5126104380544434,0.21825946742799318
kind=improved,unique_l1,Recall@1,10,2,9,0.21825946742799318,0.5446587369275427,0.18212048219818971,0.6145642594760885,0.18844459036110225,0.5126104380544434,0.21825946742799318
kind=improved,unique_l2,Recall@1,10,2,9,0.21825946742799318,0.5446587369275427,0.18212048219818974,0.6145642594760885,0.18844459036110225,0.5126104380544434,0.21825946742799318
kind=improved,entropy_l0,Recall@1,10,5,9,-0.1975459193299179,0.5843407895218025,0.10506163734969101,0.7726976788949775,-0.07150969419341942,0.7834074729414255,0.1975459193299179
kind=improved,entropy_l1,Recall@1,10,5,9,-0.14815943949743846,0.6829223777866165,-0.01109792143681718,0.9757262866484846,-0.07150969419341942,0.7834074729414255,0.14815943949743846
kind=improved,entropy_l3,Recall@1,10,5,9,-0.14815943949743846,0.6829223777866165,-0.17882409061316323,0.6210932212202974,-0.07150969419341942,0.7834074729414255,0.14815943949743846
kind=improved,pas_emb,Recall@1,10,5,9,-0.08642633970683909,0.8123482324065591,0.02996993579536538,0.9344996188313437,-0.07150969419341942,0.7834074729414255,0.08642633970683909
kind=improved,entropy_mean,Recall@1,10,5,9,-0.07407971974871923,0.8388369841240371,-0.08865449581282847,0.807585345413297,-0.07150969419341942,0.7834074729414255,0.07407971974871923
kind=improved,unique_total_base,Recall@1,10,5,9,-0.07407971974871923,0.8388369841240371,-0.07256561581695567,0.8420959516093488,-0.07150969419341942,0.7834074729414255,0.07407971974871923
kind=improved,n_collisions,Recall@1,10,5,9,0.07407971974871923,0.8388369841240371,0.07256561581695561,0.8420959516093488,0.07150969419341942,0.7834074729414255,0.07407971974871923
kind=improved,cfr,Recall@1,10,5,9,-0.07407971974871923,0.8388369841240371,-0.0725656158169561,0.8420959516093478,-0.07150969419341942,0.7834074729414255,0.07407971974871923
kind=improved,cur_total,Recall@1,10,5,9,-0.07407971974871923,0.8388369841240371,-0.07256561581696133,0.8420959516093361,-0.07150969419341942,0.7834074729414255,0.07407971974871923
kind=improved,zipf_alpha_full,Recall@1,10,5,9,0.07407971974871923,0.8388369841240371,0.07021489055642671,0.8471599333597208,0.07150969419341942,0.7834074729414255,0.07407971974871923
kind=improved,entropy_l2,Recall@1,10,5,9,-0.07407971974871923,0.8388369841240371,-0.22506328965013422,0.5318633005597897,-0.07150969419341942,0.7834074729414255,0.07407971974871923
kind=improved,n_layers,Recall@1,10,1,9,,,,,,,
kind=improved,codebook_size,Recall@1,10,1,9,,,,,,,
kind=improved,embed_dim,Recall@1,10,1,9,,,,,,,
kind=improved,beta,Recall@1,10,1,9,,,,,,,
kind=improved,gamma,Recall@1,10,1,9,,,,,,,
kind=improved,ema_decay,Recall@1,10,1,9,,,,,,,
kind=improved,temperature,Recall@1,10,1,9,,,,,,,
kind=improved,margin,Recall@1,0,0,0,,,,,,,
kind=improved,unique_l3,Recall@1,10,1,9,,,,,,,
kind=improved,entropy_mean,Recall@10,10,5,10,0.7877855422677295,0.006807282623787277,0.6389371714470767,0.046735401476919056,0.6128258770283411,0.017622090962324432,0.7877855422677295
kind=improved,unique_total_base,Recall@10,10,5,10,0.7877855422677295,0.006807282623787277,0.7300331576029371,0.016524770459901753,0.6128258770283411,0.017622090962324432,0.7877855422677295
kind=improved,n_collisions,Recall@10,10,5,10,-0.7877855422677295,0.006807282623787277,-0.7300331576029371,0.016524770459901753,-0.6128258770283411,0.017622090962324432,0.7877855422677295
kind=improved,cfr,Recall@10,10,5,10,0.7877855422677295,0.006807282623787277,0.7300331576029404,0.016524770459901007,0.6128258770283411,0.017622090962324432,0.7877855422677295
kind=improved,cur_total,Recall@10,10,5,10,0.7877855422677295,0.006807282623787277,0.7300331576029386,0.016524770459901396,0.6128258770283411,0.017622090962324432,0.7877855422677295
kind=improved,zipf_alpha_full,Recall@10,10,5,10,-0.7877855422677295,0.006807282623787277,-0.757081212810522,0.01122734819688892,-0.6128258770283411,0.017622090962324432,0.7877855422677295
kind=improved,entropy_l2,Recall@10,10,5,10,0.7877855422677295,0.006807282623787277,0.6700670630114001,0.03400531797289879,0.6128258770283411,0.017622090962324432,0.7877855422677295
kind=improved,entropy_min,Recall@10,10,5,10,0.7139306476801298,0.02039150028095135,0.6289791570081118,0.05139626265105092,0.5185449728701348,0.044609718024939606,0.7139306476801298
kind=improved,entropy_l0,Recall@10,10,5,10,0.6400757530925302,0.04622118674908398,0.5892716264274167,0.07302707057500799,0.42426406871192845,0.10034824646229075,0.6400757530925302
kind=improved,entropy_l1,Recall@10,10,5,10,0.541602560309064,0.10587956642405422,0.5877735093405595,0.0739422631049731,0.42426406871192845,0.10034824646229075,0.541602560309064
kind=improved,entropy_l3,Recall@10,10,5,10,0.541602560309064,0.10587956642405422,0.652809004106494,0.040726231350676906,0.42426406871192845,0.10034824646229075,0.541602560309064
kind=improved,unique_l0,Recall@10,10,2,10,0.43519413988924455,0.20874863008758832,0.4689190441151445,0.171589907014209,0.37267799624996495,0.19169460205188804,0.43519413988924455
kind=improved,unique_l1,Recall@10,10,2,10,0.43519413988924455,0.20874863008758832,0.4689190441151445,0.171589907014209,0.37267799624996495,0.19169460205188804,0.43519413988924455
kind=improved,unique_l2,Recall@10,10,2,10,0.43519413988924455,0.20874863008758832,0.46891904411514457,0.171589907014209,0.37267799624996495,0.19169460205188804,0.43519413988924455
kind=improved,pas_behavioral,Recall@10,10,5,10,0.29541957835039856,0.4072761019018238,0.21395503170709906,0.5528160694899493,0.2357022603955158,0.3613104285261787,0.29541957835039856
kind=improved,pas_emb,Recall@10,10,5,10,0.09847319278346618,0.7866665909815012,0.21569528613992225,0.5495123665420096,0.04714045207910317,0.8551321405847059,0.09847319278346618
kind=improved,max_dupe,Recall@10,10,5,10,-0.07385489458759964,0.8393207610060259,-0.3639272956725918,0.301231369096416,-0.04714045207910317,0.8551321405847059,0.07385489458759964
kind=improved,n_layers,Recall@10,10,1,10,,,,,,,
kind=improved,codebook_size,Recall@10,10,1,10,,,,,,,
kind=improved,embed_dim,Recall@10,10,1,10,,,,,,,
kind=improved,beta,Recall@10,10,1,10,,,,,,,
kind=improved,gamma,Recall@10,10,1,10,,,,,,,
kind=improved,ema_decay,Recall@10,10,1,10,,,,,,,
kind=improved,temperature,Recall@10,10,1,10,,,,,,,
kind=improved,margin,Recall@10,0,0,0,,,,,,,
kind=improved,unique_l3,Recall@10,10,1,10,,,,,,,
kind=improved,entropy_l0,Recall@20,10,5,9,0.95068973677523,2.4366565551700344e-05,0.8075046551034467,0.004727663843848265,0.8819528950521729,0.0006984111993053688,0.95068973677523
kind=improved,entropy_min,Recall@20,10,5,9,0.851916777110271,0.0017525218324878759,0.7839996951259641,0.007270296819705923,0.738933506665334,0.004505140611405914,0.851916777110271
kind=improved,unique_l0,Recall@20,10,2,9,0.6984302957695783,0.024664781492646056,0.7295561112244836,0.016631325597978586,0.6030226891555273,0.03614514204656228,0.6984302957695783
kind=improved,unique_l1,Recall@20,10,2,9,0.6984302957695783,0.024664781492646056,0.7295561112244835,0.016631325597978586,0.6030226891555273,0.03614514204656228,0.6984302957695783
kind=improved,unique_l2,Recall@20,10,2,9,0.6984302957695783,0.024664781492646056,0.7295561112244835,0.016631325597978586,0.6030226891555273,0.03614514204656228,0.6984302957695783
kind=improved,entropy_mean,Recall@20,10,5,9,0.6914107176547127,0.02678790093521714,0.7752986157135373,0.008418391008974988,0.5482409888162155,0.035080937020574667,0.6914107176547127
kind=improved,unique_total_base,Recall@20,10,5,9,0.6914107176547127,0.02678790093521714,0.8465593009029492,0.0020065410488865187,0.5482409888162155,0.035080937020574667,0.6914107176547127
kind=improved,n_collisions,Recall@20,10,5,9,-0.6914107176547127,0.02678790093521714,-0.8465593009029492,0.0020065410488865187,-0.5482409888162155,0.035080937020574667,0.6914107176547127
kind=improved,cfr,Recall@20,10,5,9,0.6914107176547127,0.02678790093521714,0.8465593009029455,0.0020065410488867065,0.5482409888162155,0.035080937020574667,0.6914107176547127
kind=improved,cur_total,Recall@20,10,5,9,0.6914107176547127,0.02678790093521714,0.8465593009029484,0.0020065410488865638,0.5482409888162155,0.035080937020574667,0.6914107176547127
kind=improved,zipf_alpha_full,Recall@20,10,5,9,-0.6914107176547127,0.02678790093521714,-0.8360981468019103,0.0025777169374650113,-0.5482409888162155,0.035080937020574667,0.6914107176547127
kind=improved,entropy_l2,Recall@20,10,5,9,0.6914107176547127,0.02678790093521714,0.7421231839915257,0.013980060750218869,0.5482409888162155,0.035080937020574667,0.6914107176547127
kind=improved,max_dupe,Recall@20,10,5,9,-0.6296776178641134,0.051059685887007725,-0.7911143069949179,0.006417812678594037,-0.5005678593539359,0.05433343498003298,0.6296776178641134
kind=improved,entropy_l1,Recall@20,10,5,9,0.4815181783666749,0.15880207562705057,0.7589761314215518,0.010908258895606187,0.35754847096709713,0.16931559722602774,0.4815181783666749
kind=improved,entropy_l3,Recall@20,10,5,9,0.4815181783666749,0.15880207562705057,0.7354096891463656,0.015356472571056901,0.35754847096709713,0.16931559722602774,0.4815181783666749
kind=improved,pas_behavioral,Recall@20,10,5,9,0.14815943949743846,0.6829223777866165,0.12225296685506219,0.7365328478337192,0.07150969419341942,0.7834074729414255,0.14815943949743846
kind=improved,pas_emb,Recall@20,10,5,9,-0.09877295966495896,0.7860297996254557,0.029155355293176994,0.9362768456065528,-0.02383656473113981,0.9269943326245997,0.09877295966495896
kind=improved,n_layers,Recall@20,10,1,9,,,,,,,
kind=improved,codebook_size,Recall@20,10,1,9,,,,,,,
kind=improved,embed_dim,Recall@20,10,1,9,,,,,,,
kind=improved,beta,Recall@20,10,1,9,,,,,,,
kind=improved,gamma,Recall@20,10,1,9,,,,,,,
kind=improved,ema_decay,Recall@20,10,1,9,,,,,,,
kind=improved,temperature,Recall@20,10,1,9,,,,,,,
kind=improved,margin,Recall@20,0,0,0,,,,,,,
kind=improved,unique_l3,Recall@20,10,1,9,,,,,,,
kind=improved,entropy_mean,Recall@5,10,5,10,0.8370221386594626,0.0025230520869352845,0.5429183470495279,0.1048669097785929,0.6599663291074443,0.010587137334056945,0.8370221386594626
kind=improved,unique_total_base,Recall@5,10,5,10,0.8370221386594626,0.0025230520869352845,0.6078961515233301,0.06226003018734215,0.6599663291074443,0.010587137334056945,0.8370221386594626
kind=improved,n_collisions,Recall@5,10,5,10,-0.8370221386594626,0.0025230520869352845,-0.6078961515233301,0.06226003018734215,-0.6599663291074443,0.010587137334056945,0.8370221386594626
kind=improved,cfr,Recall@5,10,5,10,0.8370221386594626,0.0025230520869352845,0.6078961515233382,0.06226003018733777,0.6599663291074443,0.010587137334056945,0.8370221386594626
kind=improved,cur_total,Recall@5,10,5,10,0.8370221386594626,0.0025230520869352845,0.6078961515233331,0.06226003018734044,0.6599663291074443,0.010587137334056945,0.8370221386594626
kind=improved,zipf_alpha_full,Recall@5,10,5,10,-0.8370221386594626,0.0025230520869352845,-0.65527951068918,0.03971362792742295,-0.6599663291074443,0.010587137334056945,0.8370221386594626
kind=improved,entropy_l2,Recall@5,10,5,10,0.8370221386594626,0.0025230520869352845,0.6062953028265372,0.06314165627222132,0.6599663291074443,0.010587137334056945,0.8370221386594626
kind=improved,entropy_min,Recall@5,10,5,10,0.6646940512883968,0.036010369082368904,0.5205754503112295,0.12290265718016834,0.4714045207910316,0.06788915486182899,0.6646940512883968
kind=improved,entropy_l1,Recall@5,10,5,10,0.5908391567007971,0.07207739173366809,0.4825651937124882,0.15776605876218053,0.4714045207910316,0.06788915486182899,0.5908391567007971
kind=improved,entropy_l3,Recall@5,10,5,10,0.5908391567007971,0.07207739173366809,0.5917927698553607,0.07150360202951467,0.4714045207910316,0.06788915486182899,0.5908391567007971
kind=improved,entropy_l0,Recall@5,10,5,10,0.541602560309064,0.10587956642405422,0.4297364667939958,0.21516345563378295,0.282842712474619,0.27332167829229814,0.541602560309064
kind=improved,pas_behavioral,Recall@5,10,5,10,0.44312936752559784,0.19962119460714353,0.41101138384707253,0.23802034302150155,0.37712361663282534,0.14412703481601533,0.44312936752559784
kind=improved,unique_l0,Recall@5,10,2,10,0.43519413988924455,0.20874863008758832,0.31404362320641477,0.3768659512738766,0.37267799624996495,0.19169460205188804,0.43519413988924455
kind=improved,unique_l1,Recall@5,10,2,10,0.43519413988924455,0.20874863008758832,0.31404362320641477,0.3768659512738766,0.37267799624996495,0.19169460205188804,0.43519413988924455
kind=improved,unique_l2,Recall@5,10,2,10,0.43519413988924455,0.20874863008758832,0.3140436232064149,0.3768659512738766,0.37267799624996495,0.19169460205188804,0.43519413988924455
kind=improved,pas_emb,Recall@5,10,5,10,0.19694638556693236,0.585505074276392,0.47105766114316366,0.1693774283597705,0.09428090415820634,0.7150006546880893,0.19694638556693236
kind=improved,max_dupe,Recall@5,10,5,10,0.07385489458759964,0.8393207610060259,-0.06846873602977833,0.8509248092348849,0.09428090415820634,0.7150006546880893,0.07385489458759964
kind=improved,n_layers,Recall@5,10,1,10,,,,,,,
kind=improved,codebook_size,Recall@5,10,1,10,,,,,,,
kind=improved,embed_dim,Recall@5,10,1,10,,,,,,,
kind=improved,beta,Recall@5,10,1,10,,,,,,,
kind=improved,gamma,Recall@5,10,1,10,,,,,,,
kind=improved,ema_decay,Recall@5,10,1,10,,,,,,,
kind=improved,temperature,Recall@5,10,1,10,,,,,,,
kind=improved,margin,Recall@5,0,0,0,,,,,,,
kind=improved,unique_l3,Recall@5,10,1,10,,,,,,,
kind=improved|tie_break=count,pas_behavioral,NDCG@1,5,5,5,0.6,0.28475697986529386,0.5228433151984008,0.3660095947224083,0.39999999999999997,0.48333333333333334,0.6
kind=improved|tie_break=count,entropy_min,NDCG@1,5,5,5,-0.39999999999999997,0.5046315754686912,-0.17590586839253694,0.7771901609600945,-0.39999999999999997,0.48333333333333334,0.39999999999999997
kind=improved|tie_break=count,unique_l0,NDCG@1,5,2,5,0.35355339059327373,0.5594043441634877,0.16222142113076254,0.7943627883091955,0.31622776601683794,0.4795001221869535,0.35355339059327373
kind=improved|tie_break=count,unique_l1,NDCG@1,5,2,5,0.35355339059327373,0.5594043441634877,0.16222142113076257,0.794362788309195,0.31622776601683794,0.4795001221869535,0.35355339059327373
kind=improved|tie_break=count,unique_l2,NDCG@1,5,2,5,0.35355339059327373,0.5594043441634877,0.16222142113076254,0.7943627883091955,0.31622776601683794,0.4795001221869535,0.35355339059327373
kind=improved|tie_break=count,entropy_l0,NDCG@1,5,5,5,-0.3,0.623837664781073,0.012909310443900077,0.9835638119875908,-0.19999999999999998,0.8166666666666667,0.3
kind=improved|tie_break=count,entropy_mean,NDCG@1,5,5,5,-0.19999999999999998,0.7470600781046621,-0.19961760454174435,0.7475371411190493,-0.19999999999999998,0.8166666666666667,0.19999999999999998
kind=improved|tie_break=count,unique_total_base,NDCG@1,5,5,5,-0.19999999999999998,0.7470600781046621,-0.25198534817929863,0.6825907373227945,-0.19999999999999998,0.8166666666666667,0.19999999999999998
kind=improved|tie_break=count,n_collisions,NDCG@1,5,5,5,0.19999999999999998,0.7470600781046621,0.2519853481792986,0.6825907373227945,0.19999999999999998,0.8166666666666667,0.19999999999999998
kind=improved|tie_break=count,cfr,NDCG@1,5,5,5,-0.19999999999999998,0.7470600781046621,-0.25198534817930096,0.6825907373227916,-0.19999999999999998,0.8166666666666667,0.19999999999999998
kind=improved|tie_break=count,cur_total,NDCG@1,5,5,5,-0.19999999999999998,0.7470600781046621,-0.2519853481793052,0.682590737322786,-0.19999999999999998,0.8166666666666667,0.19999999999999998
kind=improved|tie_break=count,zipf_alpha_full,NDCG@1,5,5,5,0.19999999999999998,0.7470600781046621,0.26982783387735026,0.6606601650430802,0.19999999999999998,0.8166666666666667,0.19999999999999998
kind=improved|tie_break=count,entropy_l2,NDCG@1,5,5,5,-0.19999999999999998,0.7470600781046621,-0.3688075762904101,0.5412934236992062,-0.19999999999999998,0.8166666666666667,0.19999999999999998
kind=improved|tie_break=count,pas_emb,NDCG@1,5,5,5,0.09999999999999999,0.8728885715695384,0.0827167030987682,0.894802044923141,0.0,1.0,0.09999999999999999
kind=improved|tie_break=count,entropy_l1,NDCG@1,5,5,5,-0.09999999999999999,0.8728885715695384,-0.0876766048687901,0.8885098692747485,0.0,1.0,0.09999999999999999
kind=improved|tie_break=count,entropy_l3,NDCG@1,5,5,5,-0.09999999999999999,0.8728885715695384,-0.30586481410189553,0.616721237691144,0.0,1.0,0.09999999999999999
kind=improved|tie_break=count,max_dupe,NDCG@1,5,5,5,0.0,1.0,0.09883074902017563,0.8743699328984674,-0.19999999999999998,0.8166666666666667,0.0
kind=improved|tie_break=count,n_layers,NDCG@1,5,1,5,,,,,,,
kind=improved|tie_break=count,codebook_size,NDCG@1,5,1,5,,,,,,,
kind=improved|tie_break=count,embed_dim,NDCG@1,5,1,5,,,,,,,
kind=improved|tie_break=count,beta,NDCG@1,5,1,5,,,,,,,
kind=improved|tie_break=count,gamma,NDCG@1,5,1,5,,,,,,,
kind=improved|tie_break=count,ema_decay,NDCG@1,5,1,5,,,,,,,
kind=improved|tie_break=count,temperature,NDCG@1,5,1,5,,,,,,,
kind=improved|tie_break=count,margin,NDCG@1,0,0,0,,,,,,,
kind=improved|tie_break=count,unique_l3,NDCG@1,5,1,5,,,,,,,
kind=improved|tie_break=count,entropy_mean,NDCG@10,5,5,4,0.8207826816681233,0.08858700531354384,0.6661797549788118,0.21956425969050627,0.7378647873726218,0.07697417298126674,0.8207826816681233
kind=improved|tie_break=count,unique_total_base,NDCG@10,5,5,4,0.8207826816681233,0.08858700531354384,0.7220613244307763,0.16837070716048888,0.7378647873726218,0.07697417298126674,0.8207826816681233
kind=improved|tie_break=count,n_collisions,NDCG@10,5,5,4,-0.8207826816681233,0.08858700531354384,-0.7220613244307762,0.1683707071604891,-0.7378647873726218,0.07697417298126674,0.8207826816681233
kind=improved|tie_break=count,cfr,NDCG@10,5,5,4,0.8207826816681233,0.08858700531354384,0.7220613244307824,0.16837070716048352,0.7378647873726218,0.07697417298126674,0.8207826816681233
kind=improved|tie_break=count,pas_behavioral,NDCG@10,5,5,4,0.8207826816681233,0.08858700531354384,0.7267967995439325,0.16421436536737358,0.7378647873726218,0.07697417298126674,0.8207826816681233
kind=improved|tie_break=count,cur_total,NDCG@10,5,5,4,0.8207826816681233,0.08858700531354384,0.7220613244307756,0.1683707071604895,0.7378647873726218,0.07697417298126674,0.8207826816681233
kind=improved|tie_break=count,zipf_alpha_full,NDCG@10,5,5,4,-0.8207826816681233,0.08858700531354384,-0.7575962690960195,0.13793825026511689,-0.7378647873726218,0.07697417298126674,0.8207826816681233
kind=improved|tie_break=count,entropy_l2,NDCG@10,5,5,4,0.8207826816681233,0.08858700531354384,0.6343106440731364,0.2503876892397741,0.7378647873726218,0.07697417298126674,0.8207826816681233
kind=improved|tie_break=count,unique_l0,NDCG@10,5,2,4,0.7254762501100117,0.16537039580601637,0.607142857142859,0.27750583758443226,0.6666666666666666,0.146793087308571,0.7254762501100117
kind=improved|tie_break=count,unique_l1,NDCG@10,5,2,4,0.7254762501100117,0.16537039580601637,0.607142857142859,0.27750583758443226,0.6666666666666666,0.146793087308571,0.7254762501100117
kind=improved|tie_break=count,unique_l2,NDCG@10,5,2,4,0.7254762501100117,0.16537039580601637,0.607142857142859,0.27750583758443226,0.6666666666666666,0.146793087308571,0.7254762501100117
kind=improved|tie_break=count,entropy_l1,NDCG@10,5,5,4,0.6668859288553501,0.21889398131323157,0.6584493479886475,0.22693857702672224,0.5270462766947298,0.206507295485425,0.6668859288553501
kind=improved|tie_break=count,entropy_l3,NDCG@10,5,5,4,0.6668859288553501,0.21889398131323157,0.6504785624227989,0.23461189261473014,0.5270462766947298,0.206507295485425,0.6668859288553501
kind=improved|tie_break=count,entropy_min,NDCG@10,5,5,4,0.5642880936468347,0.3217233358243003,0.6580492445481665,0.22732207406573146,0.5270462766947298,0.206507295485425,0.5642880936468347
kind=improved|tie_break=count,entropy_l0,NDCG@10,5,5,4,0.46169025843831935,0.43376615616902764,0.6676570645742116,0.21816269226459392,0.31622776601683794,0.44848886103153174,0.46169025843831935
kind=improved|tie_break=count,pas_emb,NDCG@10,5,5,4,0.35909242322980395,0.5528147466433508,0.537921772504437,0.3497342130782625,0.31622776601683794,0.44848886103153174,0.35909242322980395
kind=improved|tie_break=count,max_dupe,NDCG@10,5,5,4,-0.051298917604257706,0.934712848108234,-0.24131982366374796,0.6957508732559882,0.10540925533894598,0.8005421074231263,0.051298917604257706
kind=improved|tie_break=count,n_layers,NDCG@10,5,1,4,,,,,,,
kind=improved|tie_break=count,codebook_size,NDCG@10,5,1,4,,,,,,,
kind=improved|tie_break=count,embed_dim,NDCG@10,5,1,4,,,,,,,
kind=improved|tie_break=count,beta,NDCG@10,5,1,4,,,,,,,
kind=improved|tie_break=count,gamma,NDCG@10,5,1,4,,,,,,,
kind=improved|tie_break=count,ema_decay,NDCG@10,5,1,4,,,,,,,
kind=improved|tie_break=count,temperature,NDCG@10,5,1,4,,,,,,,
kind=improved|tie_break=count,margin,NDCG@10,0,0,0,,,,,,,
kind=improved|tie_break=count,unique_l3,NDCG@10,5,1,4,,,,,,,
kind=improved|tie_break=count,entropy_min,NDCG@20,5,5,4,0.9746794344808964,0.004818230468198535,0.96052910966318,0.009357527554132673,0.9486832980505137,0.022977401503206065,0.9746794344808964
kind=improved|tie_break=count,entropy_l0,NDCG@20,5,5,4,0.9746794344808964,0.004818230468198535,0.9967088553368828,0.0002265373421608921,0.9486832980505137,0.022977401503206065,0.9746794344808964
kind=improved|tie_break=count,entropy_mean,NDCG@20,5,5,4,0.8207826816681233,0.08858700531354384,0.948908372537492,0.013756307243395162,0.7378647873726218,0.07697417298126674,0.8207826816681233
kind=improved|tie_break=count,unique_total_base,NDCG@20,5,5,4,0.8207826816681233,0.08858700531354384,0.9630590796264886,0.008475673286816508,0.7378647873726218,0.07697417298126674,0.8207826816681233
kind=improved|tie_break=count,n_collisions,NDCG@20,5,5,4,-0.8207826816681233,0.08858700531354384,-0.9630590796264883,0.00847567328681658,-0.7378647873726218,0.07697417298126674,0.8207826816681233
kind=improved|tie_break=count,cfr,NDCG@20,5,5,4,0.8207826816681233,0.08858700531354384,0.9630590796264857,0.008475673286817498,0.7378647873726218,0.07697417298126674,0.8207826816681233
kind=improved|tie_break=count,cur_total,NDCG@20,5,5,4,0.8207826816681233,0.08858700531354384,0.9630590796264865,0.008475673286817195,0.7378647873726218,0.07697417298126674,0.8207826816681233
kind=improved|tie_break=count,zipf_alpha_full,NDCG@20,5,5,4,-0.8207826816681233,0.08858700531354384,-0.9464973412041942,0.014736029933986903,-0.7378647873726218,0.07697417298126674,0.8207826816681233
kind=improved|tie_break=count,entropy_l2,NDCG@20,5,5,4,0.8207826816681233,0.08858700531354384,0.8664375941278651,0.05740666456137796,0.7378647873726218,0.07697417298126674,0.8207826816681233
kind=improved|tie_break=count,unique_l0,NDCG@20,5,2,4,0.7254762501100117,0.16537039580601637,0.9752598049970058,0.004653934502592386,0.6666666666666666,0.146793087308571,0.7254762501100117
kind=improved|tie_break=count,unique_l1,NDCG@20,5,2,4,0.7254762501100117,0.16537039580601637,0.9752598049970058,0.004653934502592386,0.6666666666666666,0.146793087308571,0.7254762501100117
kind=improved|tie_break=count,unique_l2,NDCG@20,5,2,4,0.7254762501100117,0.16537039580601637,0.9752598049970059,0.004653934502592386,0.6666666666666666,0.146793087308571,0.7254762501100117
kind=improved|tie_break=count,max_dupe,NDCG@20,5,5,4,-0.6668859288553501,0.21889398131323157,-0.9019189542275693,0.036325927304497706,-0.5270462766947298,0.206507295485425,0.6668859288553501
kind=improved|tie_break=count,entropy_l1,NDCG@20,5,5,4,0.6668859288553501,0.21889398131323157,0.967847818972898,0.006887218171031155,0.5270462766947298,0.206507295485425,0.6668859288553501
kind=improved|tie_break=count,entropy_l3,NDCG@20,5,5,4,0.6668859288553501,0.21889398131323157,0.8864558045040359,0.04513804850409569,0.5270462766947298,0.206507295485425,0.6668859288553501
kind=improved|tie_break=count,pas_behavioral,NDCG@20,5,5,4,0.20519567041703082,0.7405819415910723,0.5576700220220243,0.32869892750534285,0.10540925533894598,0.8005421074231263,0.20519567041703082
kind=improved|tie_break=count,pas_emb,NDCG@20,5,5,4,0.10259783520851541,0.8695979205185651,0.35821923497545466,0.5538525576916123,0.10540925533894598,0.8005421074231263,0.10259783520851541
kind=improved|tie_break=count,n_layers,NDCG@20,5,1,4,,,,,,,
kind=improved|tie_break=count,codebook_size,NDCG@20,5,1,4,,,,,,,
kind=improved|tie_break=count,embed_dim,NDCG@20,5,1,4,,,,,,,
kind=improved|tie_break=count,beta,NDCG@20,5,1,4,,,,,,,
kind=improved|tie_break=count,gamma,NDCG@20,5,1,4,,,,,,,
kind=improved|tie_break=count,ema_decay,NDCG@20,5,1,4,,,,,,,
kind=improved|tie_break=count,temperature,NDCG@20,5,1,4,,,,,,,
kind=improved|tie_break=count,margin,NDCG@20,0,0,0,,,,,,,
kind=improved|tie_break=count,unique_l3,NDCG@20,5,1,4,,,,,,,
kind=improved|tie_break=count,pas_behavioral,NDCG@5,5,5,4,0.8720815992723809,0.05385421772754213,0.8202793167828476,0.08895334734819127,0.7378647873726218,0.07697417298126674,0.8720815992723809
kind=improved|tie_break=count,pas_emb,NDCG@5,5,5,4,0.46169025843831935,0.43376615616902764,0.6421408438482095,0.24271256339249886,0.31622776601683794,0.44848886103153174,0.46169025843831935
kind=improved|tie_break=count,unique_l0,NDCG@5,5,2,4,0.36273812505500586,0.5484857653455566,0.30110668549785014,0.622493737731762,0.3333333333333333,0.468159909854428,0.36273812505500586
kind=improved|tie_break=count,unique_l1,NDCG@5,5,2,4,0.36273812505500586,0.5484857653455566,0.3011066854978501,0.622493737731762,0.3333333333333333,0.468159909854428,0.36273812505500586
kind=improved|tie_break=count,unique_l2,NDCG@5,5,2,4,0.36273812505500586,0.5484857653455566,0.30110668549785014,0.622493737731762,0.3333333333333333,0.468159909854428,0.36273812505500586
kind=improved|tie_break=count,entropy_mean,NDCG@5,5,5,4,0.35909242322980395,0.5528147466433508,0.3044523803366628,0.618433824735585,0.31622776601683794,0.44848886103153174,0.35909242322980395
kind=improved|tie_break=count,unique_total_base,NDCG@5,5,5,4,0.35909242322980395,0.5528147466433508,0.2976666117142156,0.6266728690933862,0.31622776601683794,0.44848886103153174,0.35909242322980395
kind=improved|tie_break=count,n_collisions,NDCG@5,5,5,4,-0.35909242322980395,0.5528147466433508,-0.29766661171421555,0.6266728690933863,-0.31622776601683794,0.44848886103153174,0.35909242322980395
kind=improved|tie_break=count,max_dupe,NDCG@5,5,5,4,0.35909242322980395,0.5528147466433508,0.14367667491218322,0.8176965260868811,0.31622776601683794,0.44848886103153174,0.35909242322980395
kind=improved|tie_break=count,cfr,NDCG@5,5,5,4,0.35909242322980395,0.5528147466433508,0.2976666117142238,0.6266728690933765,0.31622776601683794,0.44848886103153174,0.35909242322980395
kind=improved|tie_break=count,cur_total,NDCG@5,5,5,4,0.35909242322980395,0.5528147466433508,0.297666611714215,0.6266728690933869,0.31622776601683794,0.44848886103153174,0.35909242322980395
kind=improved|tie_break=count,zipf_alpha_full,NDCG@5,5,5,4,-0.35909242322980395,0.5528147466433508,-0.3354422432258052,0.5810522336836771,-0.31622776601683794,0.44848886103153174,0.35909242322980395
kind=improved|tie_break=count,entropy_l1,NDCG@5,5,5,4,0.35909242322980395,0.5528147466433508,0.3200864803469171,0.599523532325178,0.31622776601683794,0.44848886103153174,0.35909242322980395
kind=improved|tie_break=count,entropy_l2,NDCG@5,5,5,4,0.35909242322980395,0.5528147466433508,0.27092312873235885,0.6593175333255531,0.31622776601683794,0.44848886103153174,0.35909242322980395
kind=improved|tie_break=count,entropy_l3,NDCG@5,5,5,4,0.35909242322980395,0.5528147466433508,0.3011949374089743,0.6223865883206599,0.31622776601683794,0.44848886103153174,0.35909242322980395
kind=improved|tie_break=count,entropy_l0,NDCG@5,5,5,4,-0.20519567041703082,0.7405819415910723,0.2953285575288617,0.6295159107564346,-0.10540925533894598,0.8005421074231263,0.20519567041703082
kind=improved|tie_break=count,entropy_min,NDCG@5,5,5,4,-0.051298917604257706,0.934712848108234,0.293082269966101,0.6322493921950421,0.10540925533894598,0.8005421074231263,0.051298917604257706
kind=improved|tie_break=count,n_layers,NDCG@5,5,1,4,,,,,,,
kind=improved|tie_break=count,codebook_size,NDCG@5,5,1,4,,,,,,,
kind=improved|tie_break=count,embed_dim,NDCG@5,5,1,4,,,,,,,
kind=improved|tie_break=count,beta,NDCG@5,5,1,4,,,,,,,
kind=improved|tie_break=count,gamma,NDCG@5,5,1,4,,,,,,,
kind=improved|tie_break=count,ema_decay,NDCG@5,5,1,4,,,,,,,
kind=improved|tie_break=count,temperature,NDCG@5,5,1,4,,,,,,,
kind=improved|tie_break=count,margin,NDCG@5,0,0,0,,,,,,,
kind=improved|tie_break=count,unique_l3,NDCG@5,5,1,4,,,,,,,
kind=improved|tie_break=count,pas_behavioral,Recall@1,5,5,5,0.6,0.28475697986529386,0.5228433151984008,0.3660095947224083,0.39999999999999997,0.48333333333333334,0.6
kind=improved|tie_break=count,entropy_min,Recall@1,5,5,5,-0.39999999999999997,0.5046315754686912,-0.17590586839253694,0.7771901609600945,-0.39999999999999997,0.48333333333333334,0.39999999999999997
kind=improved|tie_break=count,unique_l0,Recall@1,5,2,5,0.35355339059327373,0.5594043441634877,0.16222142113076254,0.7943627883091955,0.31622776601683794,0.4795001221869535,0.35355339059327373
kind=improved|tie_break=count,unique_l1,Recall@1,5,2,5,0.35355339059327373,0.5594043441634877,0.16222142113076257,0.794362788309195,0.31622776601683794,0.4795001221869535,0.35355339059327373
kind=improved|tie_break=count,unique_l2,Recall@1,5,2,5,0.35355339059327373,0.5594043441634877,0.16222142113076254,0.7943627883091955,0.31622776601683794,0.4795001221869535,0.35355339059327373
kind=improved|tie_break=count,entropy_l0,Recall@1,5,5,5,-0.3,0.623837664781073,0.012909310443900077,0.9835638119875908,-0.19999999999999998,0.8166666666666667,0.3
kind=improved|tie_break=count,entropy_mean,Recall@1,5,5,5,-0.19999999999999998,0.7470600781046621,-0.19961760454174435,0.7475371411190493,-0.19999999999999998,0.8166666666666667,0.19999999999999998
kind=improved|tie_break=count,unique_total_base,Recall@1,5,5,5,-0.19999999999999998,0.7470600781046621,-0.25198534817929863,0.6825907373227945,-0.19999999999999998,0.8166666666666667,0.19999999999999998
kind=improved|tie_break=count,n_collisions,Recall@1,5,5,5,0.19999999999999998,0.7470600781046621,0.2519853481792986,0.6825907373227945,0.19999999999999998,0.8166666666666667,0.19999999999999998
kind=improved|tie_break=count,cfr,Recall@1,5,5,5,-0.19999999999999998,0.7470600781046621,-0.25198534817930096,0.6825907373227916,-0.19999999999999998,0.8166666666666667,0.19999999999999998
kind=improved|tie_break=count,cur_total,Recall@1,5,5,5,-0.19999999999999998,0.7470600781046621,-0.2519853481793052,0.682590737322786,-0.19999999999999998,0.8166666666666667,0.19999999999999998
kind=improved|tie_break=count,zipf_alpha_full,Recall@1,5,5,5,0.19999999999999998,0.7470600781046621,0.26982783387735026,0.6606601650430802,0.19999999999999998,0.8166666666666667,0.19999999999999998
kind=improved|tie_break=count,entropy_l2,Recall@1,5,5,5,-0.19999999999999998,0.7470600781046621,-0.3688075762904101,0.5412934236992062,-0.19999999999999998,0.8166666666666667,0.19999999999999998
kind=improved|tie_break=count,pas_emb,Recall@1,5,5,5,0.09999999999999999,0.8728885715695384,0.0827167030987682,0.894802044923141,0.0,1.0,0.09999999999999999
kind=improved|tie_break=count,entropy_l1,Recall@1,5,5,5,-0.09999999999999999,0.8728885715695384,-0.0876766048687901,0.8885098692747485,0.0,1.0,0.09999999999999999
kind=improved|tie_break=count,entropy_l3,Recall@1,5,5,5,-0.09999999999999999,0.8728885715695384,-0.30586481410189553,0.616721237691144,0.0,1.0,0.09999999999999999
kind=improved|tie_break=count,max_dupe,Recall@1,5,5,5,0.0,1.0,0.09883074902017563,0.8743699328984674,-0.19999999999999998,0.8166666666666667,0.0
kind=improved|tie_break=count,n_layers,Recall@1,5,1,5,,,,,,,
kind=improved|tie_break=count,codebook_size,Recall@1,5,1,5,,,,,,,
kind=improved|tie_break=count,embed_dim,Recall@1,5,1,5,,,,,,,
kind=improved|tie_break=count,beta,Recall@1,5,1,5,,,,,,,
kind=improved|tie_break=count,gamma,Recall@1,5,1,5,,,,,,,
kind=improved|tie_break=count,ema_decay,Recall@1,5,1,5,,,,,,,
kind=improved|tie_break=count,temperature,Recall@1,5,1,5,,,,,,,
kind=improved|tie_break=count,margin,Recall@1,0,0,0,,,,,,,
kind=improved|tie_break=count,unique_l3,Recall@1,5,1,5,,,,,,,
kind=improved|tie_break=count,entropy_min,Recall@10,5,5,5,0.8999999999999998,0.03738607346849875,0.7336540214086772,0.15824942264814376,0.7999999999999999,0.08333333333333333,0.8999999999999998
kind=improved|tie_break=count,entropy_mean,Recall@10,5,5,5,0.7999999999999999,0.10408803866182788,0.7496230944443141,0.14461113341989246,0.6,0.23333333333333334,0.7999999999999999
kind=improved|tie_break=count,unique_total_base,Recall@10,5,5,5,0.7999999999999999,0.10408803866182788,0.7917013298391163,0.11048565871886308,0.6,0.23333333333333334,0.7999999999999999
kind=improved|tie_break=count,n_collisions,Recall@10,5,5,5,-0.7999999999999999,0.10408803866182788,-0.7917013298391162,0.11048565871886308,-0.6,0.23333333333333334,0.7999999999999999
kind=improved|tie_break=count,cfr,Recall@10,5,5,5,0.7999999999999999,0.10408803866182788,0.7917013298391183,0.11048565871886133,0.6,0.23333333333333334,0.7999999999999999
kind=improved|tie_break=count,cur_total,Recall@10,5,5,5,0.7999999999999999,0.10408803866182788,0.7917013298391209,0.1104856587188594,0.6,0.23333333333333334,0.7999999999999999
kind=improved|tie_break=count,zipf_alpha_full,Recall@10,5,5,5,-0.7999999999999999,0.10408803866182788,-0.8031615136570367,0.10168133550860184,-0.6,0.23333333333333334,0.7999999999999999
kind=improved|tie_break=count,entropy_l0,Recall@10,5,5,5,0.7999999999999999,0.10408803866182788,0.5885555635009798,0.2964761068454688,0.6,0.23333333333333334,0.7999999999999999
kind=improved|tie_break=count,entropy_l2,Recall@10,5,5,5,0.7999999999999999,0.10408803866182788,0.8418116521051419,0.07370762560487949,0.6,0.23333333333333334,0.7999999999999999
kind=improved|tie_break=count,entropy_l1,Recall@10,5,5,5,0.6,0.28475697986529386,0.6695114026493985,0.21640695518411446,0.39999999999999997,0.48333333333333334,0.6
kind=improved|tie_break=count,entropy_l3,Recall@10,5,5,5,0.6,0.28475697986529386,0.8060821106968887,0.09947327150718803,0.39999999999999997,0.48333333333333334,0.6
kind=improved|tie_break=count,unique_l0,Recall@10,5,2,5,0.35355339059327373,0.5594043441634877,0.456797930767125,0.4392995243399931,0.31622776601683794,0.4795001221869535,0.35355339059327373
kind=improved|tie_break=count,unique_l1,Recall@10,5,2,5,0.35355339059327373,0.5594043441634877,0.456797930767125,0.4392995243399931,0.31622776601683794,0.4795001221869535,0.35355339059327373
kind=improved|tie_break=count,unique_l2,Recall@10,5,2,5,0.35355339059327373,0.5594043441634877,0.456797930767125,0.4392995243399931,0.31622776601683794,0.4795001221869535,0.35355339059327373
kind=improved|tie_break=count,max_dupe,Recall@10,5,5,5,-0.3,0.623837664781073,-0.5590616074236219,0.3272290337098742,-0.19999999999999998,0.8166666666666667,0.3
kind=improved|tie_break=count,pas_emb,Recall@10,5,5,5,0.09999999999999999,0.8728885715695384,0.26909687381898884,0.6615564270103702,0.0,1.0,0.09999999999999999
kind=improved|tie_break=count,pas_behavioral,Recall@10,5,5,5,0.0,1.0,0.03058178878258702,0.9610681274496327,0.0,1.0,0.0
kind=improved|tie_break=count,n_layers,Recall@10,5,1,5,,,,,,,
kind=improved|tie_break=count,codebook_size,Recall@10,5,1,5,,,,,,,
kind=improved|tie_break=count,embed_dim,Recall@10,5,1,5,,,,,,,
kind=improved|tie_break=count,beta,Recall@10,5,1,5,,,,,,,
kind=improved|tie_break=count,gamma,Recall@10,5,1,5,,,,,,,
kind=improved|tie_break=count,ema_decay,Recall@10,5,1,5,,,,,,,
kind=improved|tie_break=count,temperature,Recall@10,5,1,5,,,,,,,
kind=improved|tie_break=count,margin,Recall@10,0,0,0,,,,,,,
kind=improved|tie_break=count,unique_l3,Recall@10,5,1,5,,,,,,,
kind=improved|tie_break=count,entropy_l0,Recall@20,5,5,5,0.9999999999999999,1.4042654220543608e-24,0.7993514136835214,0.10458387891273205,0.9999999999999999,0.016666666666666666,0.9999999999999999
kind=improved|tie_break=count,entropy_min,Recall@20,5,5,5,0.8999999999999998,0.03738607346849875,0.8283939659968602,0.08310462038941116,0.7999999999999999,0.08333333333333333,0.8999999999999998
kind=improved|tie_break=count,unique_l0,Recall@20,5,2,5,0.7071067811865475,0.1816901138162094,0.7452441887011256,0.1483150571201488,0.6324555320336759,0.15729920705028516,0.7071067811865475
kind=improved|tie_break=count,unique_l1,Recall@20,5,2,5,0.7071067811865475,0.1816901138162094,0.7452441887011255,0.14831505712014909,0.6324555320336759,0.15729920705028516,0.7071067811865475
kind=improved|tie_break=count,unique_l2,Recall@20,5,2,5,0.7071067811865475,0.1816901138162094,0.7452441887011256,0.1483150571201488,0.6324555320336759,0.15729920705028516,0.7071067811865475
kind=improved|tie_break=count,entropy_mean,Recall@20,5,5,5,0.7,0.1881204043741873,0.8202358322276094,0.08898501653218042,0.6,0.23333333333333334,0.7
kind=improved|tie_break=count,unique_total_base,Recall@20,5,5,5,0.7,0.1881204043741873,0.8354301940615722,0.07813342146816124,0.6,0.23333333333333334,0.7
kind=improved|tie_break=count,n_collisions,Recall@20,5,5,5,-0.7,0.1881204043741873,-0.8354301940615719,0.07813342146816159,-0.6,0.23333333333333334,0.7
kind=improved|tie_break=count,max_dupe,Recall@20,5,5,5,-0.7,0.1881204043741873,-0.924107168471554,0.02481008555324763,-0.6,0.23333333333333334,0.7
kind=improved|tie_break=count,cfr,Recall@20,5,5,5,0.7,0.1881204043741873,0.8354301940615672,0.07813342146816485,0.6,0.23333333333333334,0.7
kind=improved|tie_break=count,cur_total,Recall@20,5,5,5,0.7,0.1881204043741873,0.8354301940615726,0.07813342146816098,0.6,0.23333333333333334,0.7
kind=improved|tie_break=count,zipf_alpha_full,Recall@20,5,5,5,-0.7,0.1881204043741873,-0.8082283493937129,0.09786006815682419,-0.6,0.23333333333333334,0.7
kind=improved|tie_break=count,entropy_l2,Recall@20,5,5,5,0.7,0.1881204043741873,0.8043732533787912,0.10076343605092347,0.6,0.23333333333333334,0.7
kind=improved|tie_break=count,entropy_l1,Recall@20,5,5,5,0.49999999999999994,0.3910022189557703,0.803181321557642,0.10166631062361271,0.39999999999999997,0.48333333333333334,0.49999999999999994
kind=improved|tie_break=count,entropy_l3,Recall@20,5,5,5,0.49999999999999994,0.3910022189557703,0.7956455646936978,0.1074305963528931,0.39999999999999997,0.48333333333333334,0.49999999999999994
kind=improved|tie_break=count,pas_emb,Recall@20,5,5,5,-0.09999999999999999,0.8728885715695384,0.104986355603128,0.8665731878851339,0.0,1.0,0.09999999999999999
kind=improved|tie_break=count,pas_behavioral,Recall@20,5,5,5,0.09999999999999999,0.8728885715695384,0.08576779490724548,0.8909310848807569,0.0,1.0,0.09999999999999999
kind=improved|tie_break=count,n_layers,Recall@20,5,1,5,,,,,,,
kind=improved|tie_break=count,codebook_size,Recall@20,5,1,5,,,,,,,
kind=improved|tie_break=count,embed_dim,Recall@20,5,1,5,,,,,,,
kind=improved|tie_break=count,beta,Recall@20,5,1,5,,,,,,,
kind=improved|tie_break=count,gamma,Recall@20,5,1,5,,,,,,,
kind=improved|tie_break=count,ema_decay,Recall@20,5,1,5,,,,,,,
kind=improved|tie_break=count,temperature,Recall@20,5,1,5,,,,,,,
kind=improved|tie_break=count,margin,Recall@20,0,0,0,,,,,,,
kind=improved|tie_break=count,unique_l3,Recall@20,5,1,5,,,,,,,
kind=improved|tie_break=count,entropy_mean,Recall@5,5,5,5,0.8999999999999998,0.03738607346849875,0.5866278685111307,0.298462116624468,0.7999999999999999,0.08333333333333333,0.8999999999999998
kind=improved|tie_break=count,unique_total_base,Recall@5,5,5,5,0.8999999999999998,0.03738607346849875,0.5956866137890369,0.28915940919704824,0.7999999999999999,0.08333333333333333,0.8999999999999998
kind=improved|tie_break=count,n_collisions,Recall@5,5,5,5,-0.8999999999999998,0.03738607346849875,-0.5956866137890368,0.2891594091970485,-0.7999999999999999,0.08333333333333333,0.8999999999999998
kind=improved|tie_break=count,cfr,Recall@5,5,5,5,0.8999999999999998,0.03738607346849875,0.5956866137890464,0.28915940919703853,0.7999999999999999,0.08333333333333333,0.8999999999999998
kind=improved|tie_break=count,cur_total,Recall@5,5,5,5,0.8999999999999998,0.03738607346849875,0.5956866137890413,0.28915940919704375,0.7999999999999999,0.08333333333333333,0.8999999999999998
kind=improved|tie_break=count,zipf_alpha_full,Recall@5,5,5,5,-0.8999999999999998,0.03738607346849875,-0.6399074266668905,0.24489514163085477,-0.7999999999999999,0.08333333333333333,0.8999999999999998
kind=improved|tie_break=count,entropy_l2,Recall@5,5,5,5,0.8999999999999998,0.03738607346849875,0.6733598201422039,0.21277578602698433,0.7999999999999999,0.08333333333333333,0.8999999999999998
kind=improved|tie_break=count,entropy_min,Recall@5,5,5,5,0.7999999999999999,0.10408803866182788,0.5582746474218468,0.3280600742843487,0.6,0.23333333333333334,0.7999999999999999
kind=improved|tie_break=count,entropy_l1,Recall@5,5,5,5,0.7,0.1881204043741873,0.5230617283992409,0.3657725594455438,0.6,0.23333333333333334,0.7
kind=improved|tie_break=count,entropy_l3,Recall@5,5,5,5,0.7,0.1881204043741873,0.6606499991943096,0.2248324572620058,0.6,0.23333333333333334,0.7
kind=improved|tie_break=count,entropy_l0,Recall@5,5,5,5,0.6,0.28475697986529386,0.4044645140800636,0.499427303108648,0.39999999999999997,0.48333333333333334,0.6
kind=improved|tie_break=count,unique_l0,Recall@5,5,2,5,0.35355339059327373,0.5594043441634877,0.3092233781371784,0.6126522372588947,0.31622776601683794,0.4795001221869535,0.35355339059327373
kind=improved|tie_break=count,unique_l1,Recall@5,5,2,5,0.35355339059327373,0.5594043441634877,0.3092233781371783,0.6126522372588947,0.31622776601683794,0.4795001221869535,0.35355339059327373
kind=improved|tie_break=count,unique_l2,Recall@5,5,2,5,0.35355339059327373,0.5594043441634877,0.30922337813717843,0.6126522372588943,0.31622776601683794,0.4795001221869535,0.35355339059327373
kind=improved|tie_break=count,pas_emb,Recall@5,5,5,5,0.3,0.623837664781073,0.6882180013357229,0.19891916109463345,0.19999999999999998,0.8166666666666667,0.3
kind=improved|tie_break=count,pas_behavioral,Recall@5,5,5,5,0.3,0.623837664781073,0.5289376439283056,0.3594097194093047,0.19999999999999998,0.8166666666666667,0.3
kind=improved|tie_break=count,max_dupe,Recall@5,5,5,5,0.0,1.0,-0.07104242522217476,0.9096221198650364,0.0,1.0,0.0
kind=improved|tie_break=count,n_layers,Recall@5,5,1,5,,,,,,,
kind=improved|tie_break=count,codebook_size,Recall@5,5,1,5,,,,,,,
kind=improved|tie_break=count,embed_dim,Recall@5,5,1,5,,,,,,,
kind=improved|tie_break=count,beta,Recall@5,5,1,5,,,,,,,
kind=improved|tie_break=count,gamma,Recall@5,5,1,5,,,,,,,
kind=improved|tie_break=count,ema_decay,Recall@5,5,1,5,,,,,,,
kind=improved|tie_break=count,temperature,Recall@5,5,1,5,,,,,,,
kind=improved|tie_break=count,margin,Recall@5,0,0,0,,,,,,,
kind=improved|tie_break=count,unique_l3,Recall@5,5,1,5,,,,,,,
kind=improved|tie_break=popularity,pas_behavioral,NDCG@1,5,5,5,0.6,0.28475697986529386,0.464636692122249,0.4304412913809299,0.39999999999999997,0.48333333333333334,0.6
kind=improved|tie_break=popularity,unique_l0,NDCG@1,5,2,5,0.35355339059327373,0.5594043441634877,0.2671036121482481,0.6640014162106626,0.31622776601683794,0.4795001221869535,0.35355339059327373
kind=improved|tie_break=popularity,unique_l1,NDCG@1,5,2,5,0.35355339059327373,0.5594043441634877,0.2671036121482481,0.6640014162106626,0.31622776601683794,0.4795001221869535,0.35355339059327373
kind=improved|tie_break=popularity,unique_l2,NDCG@1,5,2,5,0.35355339059327373,0.5594043441634877,0.2671036121482482,0.6640014162106626,0.31622776601683794,0.4795001221869535,0.35355339059327373
kind=improved|tie_break=popularity,max_dupe,NDCG@1,5,5,5,0.3,0.623837664781073,0.1667631005500266,0.788658916692291,0.19999999999999998,0.8166666666666667,0.3
kind=improved|tie_break=popularity,entropy_mean,NDCG@1,5,5,5,0.19999999999999998,0.7470600781046621,0.050571404935833474,0.9356379436167943,0.19999999999999998,0.8166666666666667,0.19999999999999998
kind=improved|tie_break=popularity,unique_total_base,NDCG@1,5,5,5,0.19999999999999998,0.7470600781046621,0.17400594879037257,0.7795719025296979,0.19999999999999998,0.8166666666666667,0.19999999999999998
kind=improved|tie_break=popularity,n_collisions,NDCG@1,5,5,5,-0.19999999999999998,0.7470600781046621,-0.17400594879037257,0.7795719025296979,-0.19999999999999998,0.8166666666666667,0.19999999999999998
kind=improved|tie_break=popularity,cfr,NDCG@1,5,5,5,0.19999999999999998,0.7470600781046621,0.1740059487903747,0.7795719025296952,0.19999999999999998,0.8166666666666667,0.19999999999999998
kind=improved|tie_break=popularity,cur_total,NDCG@1,5,5,5,0.19999999999999998,0.7470600781046621,0.1740059487903663,0.7795719025297059,0.19999999999999998,0.8166666666666667,0.19999999999999998
kind=improved|tie_break=popularity,zipf_alpha_full,NDCG@1,5,5,5,-0.19999999999999998,0.7470600781046621,-0.20729538227725866,0.7379659840920614,-0.19999999999999998,0.8166666666666667,0.19999999999999998
kind=improved|tie_break=popularity,entropy_l2,NDCG@1,5,5,5,0.19999999999999998,0.7470600781046621,-0.0781116709143878,0.900646360654926,0.19999999999999998,0.8166666666666667,0.19999999999999998
kind=improved|tie_break=popularity,entropy_min,NDCG@1,5,5,5,-0.09999999999999999,0.8728885715695384,0.0630406158163611,0.9197873910687683,0.0,1.0,0.09999999999999999
kind=improved|tie_break=popularity,pas_emb,NDCG@1,5,5,5,-0.09999999999999999,0.8728885715695384,-0.03990086533355103,0.949210124103426,0.0,1.0,0.09999999999999999
kind=improved|tie_break=popularity,entropy_l0,NDCG@1,5,5,5,0.0,1.0,0.2748421771609815,0.6545170290453709,0.19999999999999998,0.8166666666666667,0.0
kind=improved|tie_break=popularity,entropy_l1,NDCG@1,5,5,5,0.0,1.0,0.10016547291915205,0.8726789427383517,0.0,1.0,0.0
kind=improved|tie_break=popularity,entropy_l3,NDCG@1,5,5,5,0.0,1.0,-0.04286103165242761,0.9454443530357868,0.0,1.0,0.0
kind=improved|tie_break=popularity,n_layers,NDCG@1,5,1,5,,,,,,,
kind=improved|tie_break=popularity,codebook_size,NDCG@1,5,1,5,,,,,,,
kind=improved|tie_break=popularity,embed_dim,NDCG@1,5,1,5,,,,,,,
kind=improved|tie_break=popularity,beta,NDCG@1,5,1,5,,,,,,,
kind=improved|tie_break=popularity,gamma,NDCG@1,5,1,5,,,,,,,
kind=improved|tie_break=popularity,ema_decay,NDCG@1,5,1,5,,,,,,,
kind=improved|tie_break=popularity,temperature,NDCG@1,5,1,5,,,,,,,
kind=improved|tie_break=popularity,margin,NDCG@1,0,0,0,,,,,,,
kind=improved|tie_break=popularity,unique_l3,NDCG@1,5,1,5,,,,,,,
kind=improved|tie_break=popularity,entropy_mean,NDCG@10,5,5,5,0.7999999999999999,0.10408803866182788,0.5620996124141748,0.32402585655682553,0.6,0.23333333333333334,0.7999999999999999
kind=improved|tie_break=popularity,unique_total_base,NDCG@10,5,5,5,0.7999999999999999,0.10408803866182788,0.7033683923003252,0.18506471220392154,0.6,0.23333333333333334,0.7999999999999999
kind=improved|tie_break=popularity,n_collisions,NDCG@10,5,5,5,-0.7999999999999999,0.10408803866182788,-0.703368392300325,0.185064712203922,-0.6,0.23333333333333334,0.7999999999999999
kind=improved|tie_break=popularity,cfr,NDCG@10,5,5,5,0.7999999999999999,0.10408803866182788,0.7033683923003295,0.1850647122039177,0.6,0.23333333333333334,0.7999999999999999
kind=improved|tie_break=popularity,cur_total,NDCG@10,5,5,5,0.7999999999999999,0.10408803866182788,0.7033683923003241,0.1850647122039228,0.6,0.23333333333333334,0.7999999999999999
kind=improved|tie_break=popularity,zipf_alpha_full,NDCG@10,5,5,5,-0.7999999999999999,0.10408803866182788,-0.7454653805937872,0.14812730323196038,-0.6,0.23333333333333334,0.7999999999999999
kind=improved|tie_break=popularity,entropy_l2,NDCG@10,5,5,5,0.7999999999999999,0.10408803866182788,0.5439283978816764,0.34330182994743114,0.6,0.23333333333333334,0.7999999999999999
kind=improved|tie_break=popularity,entropy_min,NDCG@10,5,5,5,0.6,0.28475697986529386,0.5568399597015599,0.3295764888710997,0.39999999999999997,0.48333333333333334,0.6
kind=improved|tie_break=popularity,entropy_l0,NDCG@10,5,5,5,0.49999999999999994,0.3910022189557703,0.6068485738013767,0.2778036081702452,0.19999999999999998,0.8166666666666667,0.49999999999999994
kind=improved|tie_break=popularity,entropy_l1,NDCG@10,5,5,5,0.49999999999999994,0.3910022189557703,0.5319762650705772,0.3561300156608888,0.39999999999999997,0.48333333333333334,0.49999999999999994
kind=improved|tie_break=popularity,entropy_l3,NDCG@10,5,5,5,0.49999999999999994,0.3910022189557703,0.5405103382578087,0.34695854493928496,0.39999999999999997,0.48333333333333334,0.49999999999999994
kind=improved|tie_break=popularity,pas_behavioral,NDCG@10,5,5,5,0.39999999999999997,0.5046315754686912,0.3584172277936411,0.5536172044577269,0.39999999999999997,0.48333333333333334,0.39999999999999997
kind=improved|tie_break=popularity,unique_l0,NDCG@10,5,2,5,0.35355339059327373,0.5594043441634877,0.48786114859002916,0.40444079665547994,0.31622776601683794,0.4795001221869535,0.35355339059327373
kind=improved|tie_break=popularity,unique_l1,NDCG@10,5,2,5,0.35355339059327373,0.5594043441634877,0.4878611485900292,0.40444079665547994,0.31622776601683794,0.4795001221869535,0.35355339059327373
kind=improved|tie_break=popularity,unique_l2,NDCG@10,5,2,5,0.35355339059327373,0.5594043441634877,0.4878611485900292,0.40444079665547994,0.31622776601683794,0.4795001221869535,0.35355339059327373
kind=improved|tie_break=popularity,max_dupe,NDCG@10,5,5,5,0.19999999999999998,0.7470600781046621,-0.2055459887916351,0.7401454100548092,0.19999999999999998,0.8166666666666667,0.19999999999999998
kind=improved|tie_break=popularity,pas_emb,NDCG@10,5,5,5,0.09999999999999999,0.8728885715695384,0.15926443845426203,0.7980787759418091,0.0,1.0,0.09999999999999999
kind=improved|tie_break=popularity,n_layers,NDCG@10,5,1,5,,,,,,,
kind=improved|tie_break=popularity,codebook_size,NDCG@10,5,1,5,,,,,,,
kind=improved|tie_break=popularity,embed_dim,NDCG@10,5,1,5,,,,,,,
kind=improved|tie_break=popularity,beta,NDCG@10,5,1,5,,,,,,,
kind=improved|tie_break=popularity,gamma,NDCG@10,5,1,5,,,,,,,
kind=improved|tie_break=popularity,ema_decay,NDCG@10,5,1,5,,,,,,,
kind=improved|tie_break=popularity,temperature,NDCG@10,5,1,5,,,,,,,
kind=improved|tie_break=popularity,margin,NDCG@10,0,0,0,,,,,,,
kind=improved|tie_break=popularity,unique_l3,NDCG@10,5,1,5,,,,,,,
kind=improved|tie_break=popularity,unique_l0,NDCG@20,5,2,5,0.7071067811865475,0.1816901138162094,0.659640661024891,0.22579776643392926,0.6324555320336759,0.15729920705028516,0.7071067811865475
kind=improved|tie_break=popularity,unique_l1,NDCG@20,5,2,5,0.7071067811865475,0.1816901138162094,0.659640661024891,0.22579776643392926,0.6324555320336759,0.15729920705028516,0.7071067811865475
kind=improved|tie_break=popularity,unique_l2,NDCG@20,5,2,5,0.7071067811865475,0.1816901138162094,0.659640661024891,0.22579776643392926,0.6324555320336759,0.15729920705028516,0.7071067811865475
kind=improved|tie_break=popularity,entropy_mean,NDCG@20,5,5,5,0.7,0.1881204043741873,0.6891646636650678,0.198045232601911,0.6,0.23333333333333334,0.7
kind=improved|tie_break=popularity,unique_total_base,NDCG@20,5,5,5,0.7,0.1881204043741873,0.8328596781106568,0.07993855911319706,0.6,0.23333333333333334,0.7
kind=improved|tie_break=popularity,n_collisions,NDCG@20,5,5,5,-0.7,0.1881204043741873,-0.8328596781106565,0.07993855911319724,-0.6,0.23333333333333334,0.7
kind=improved|tie_break=popularity,cfr,NDCG@20,5,5,5,0.7,0.1881204043741873,0.8328596781106571,0.07993855911319689,0.6,0.23333333333333334,0.7
kind=improved|tie_break=popularity,cur_total,NDCG@20,5,5,5,0.7,0.1881204043741873,0.8328596781106546,0.0799385591131985,0.6,0.23333333333333334,0.7
kind=improved|tie_break=popularity,zipf_alpha_full,NDCG@20,5,5,5,-0.7,0.1881204043741873,-0.8555180680425251,0.06447788365399108,-0.6,0.23333333333333334,0.7
kind=improved|tie_break=popularity,entropy_l0,NDCG@20,5,5,5,0.7,0.1881204043741873,0.7723554702889457,0.1258357340801309,0.6,0.23333333333333334,0.7
kind=improved|tie_break=popularity,entropy_l2,NDCG@20,5,5,5,0.7,0.1881204043741873,0.6435991647597493,0.24129030706480328,0.6,0.23333333333333334,0.7
kind=improved|tie_break=popularity,entropy_min,NDCG@20,5,5,5,0.6,0.28475697986529386,0.6934944214576466,0.1940620141358646,0.39999999999999997,0.48333333333333334,0.6
kind=improved|tie_break=popularity,pas_behavioral,NDCG@20,5,5,5,0.49999999999999994,0.3910022189557703,0.2671098878444913,0.6639937160640123,0.39999999999999997,0.48333333333333334,0.49999999999999994
kind=improved|tie_break=popularity,entropy_l1,NDCG@20,5,5,5,0.39999999999999997,0.5046315754686912,0.6696110746642232,0.2163126946220849,0.39999999999999997,0.48333333333333334,0.39999999999999997
kind=improved|tie_break=popularity,entropy_l3,NDCG@20,5,5,5,0.39999999999999997,0.5046315754686912,0.6409788948768753,0.24384740115967116,0.39999999999999997,0.48333333333333334,0.39999999999999997
kind=improved|tie_break=popularity,max_dupe,NDCG@20,5,5,5,-0.19999999999999998,0.7470600781046621,-0.48886128314742816,0.4033295654661823,-0.19999999999999998,0.8166666666666667,0.19999999999999998
kind=improved|tie_break=popularity,pas_emb,NDCG@20,5,5,5,-0.09999999999999999,0.8728885715695384,0.03189441650829847,0.9593976536790132,0.0,1.0,0.09999999999999999
kind=improved|tie_break=popularity,n_layers,NDCG@20,5,1,5,,,,,,,
kind=improved|tie_break=popularity,codebook_size,NDCG@20,5,1,5,,,,,,,
kind=improved|tie_break=popularity,embed_dim,NDCG@20,5,1,5,,,,,,,
kind=improved|tie_break=popularity,beta,NDCG@20,5,1,5,,,,,,,
kind=improved|tie_break=popularity,gamma,NDCG@20,5,1,5,,,,,,,
kind=improved|tie_break=popularity,ema_decay,NDCG@20,5,1,5,,,,,,,
kind=improved|tie_break=popularity,temperature,NDCG@20,5,1,5,,,,,,,
kind=improved|tie_break=popularity,margin,NDCG@20,0,0,0,,,,,,,
kind=improved|tie_break=popularity,unique_l3,NDCG@20,5,1,5,,,,,,,
kind=improved|tie_break=popularity,entropy_mean,NDCG@5,5,5,5,0.7999999999999999,0.10408803866182788,0.44643079977434125,0.4510765141429957,0.6,0.23333333333333334,0.7999999999999999
kind=improved|tie_break=popularity,unique_total_base,NDCG@5,5,5,5,0.7999999999999999,0.10408803866182788,0.586241028726271,0.29886107215464364,0.6,0.23333333333333334,0.7999999999999999
kind=improved|tie_break=popularity,n_collisions,NDCG@5,5,5,5,-0.7999999999999999,0.10408803866182788,-0.5862410287262709,0.29886107215464364,-0.6,0.23333333333333334,0.7999999999999999
kind=improved|tie_break=popularity,cfr,NDCG@5,5,5,5,0.7999999999999999,0.10408803866182788,0.5862410287262766,0.2988610721546377,0.6,0.23333333333333334,0.7999999999999999
kind=improved|tie_break=popularity,cur_total,NDCG@5,5,5,5,0.7999999999999999,0.10408803866182788,0.5862410287262698,0.2988610721546448,0.6,0.23333333333333334,0.7999999999999999
kind=improved|tie_break=popularity,zipf_alpha_full,NDCG@5,5,5,5,-0.7999999999999999,0.10408803866182788,-0.6354511174428751,0.24926578562713123,-0.6,0.23333333333333334,0.7999999999999999
kind=improved|tie_break=popularity,entropy_l2,NDCG@5,5,5,5,0.7999999999999999,0.10408803866182788,0.43154798026837476,0.4681021568963422,0.6,0.23333333333333334,0.7999999999999999
kind=improved|tie_break=popularity,entropy_min,NDCG@5,5,5,5,0.6,0.28475697986529386,0.4387956507419255,0.4597937599090856,0.39999999999999997,0.48333333333333334,0.6
kind=improved|tie_break=popularity,entropy_l0,NDCG@5,5,5,5,0.49999999999999994,0.3910022189557703,0.49122179663969895,0.40070967569274896,0.19999999999999998,0.8166666666666667,0.49999999999999994
kind=improved|tie_break=popularity,entropy_l1,NDCG@5,5,5,5,0.49999999999999994,0.3910022189557703,0.41820581290757697,0.4834801897783664,0.39999999999999997,0.48333333333333334,0.49999999999999994
kind=improved|tie_break=popularity,entropy_l3,NDCG@5,5,5,5,0.49999999999999994,0.3910022189557703,0.43029165464946073,0.46954562327208926,0.39999999999999997,0.48333333333333334,0.49999999999999994
kind=improved|tie_break=popularity,pas_behavioral,NDCG@5,5,5,5,0.39999999999999997,0.5046315754686912,0.3826996230512081,0.5249018756026781,0.39999999999999997,0.48333333333333334,0.39999999999999997
kind=improved|tie_break=popularity,unique_l0,NDCG@5,5,2,5,0.35355339059327373,0.5594043441634877,0.3788383804718294,0.529447815555947,0.31622776601683794,0.4795001221869535,0.35355339059327373
kind=improved|tie_break=popularity,unique_l1,NDCG@5,5,2,5,0.35355339059327373,0.5594043441634877,0.3788383804718294,0.529447815555947,0.31622776601683794,0.4795001221869535,0.35355339059327373
kind=improved|tie_break=popularity,unique_l2,NDCG@5,5,2,5,0.35355339059327373,0.5594043441634877,0.37883838047182944,0.529447815555947,0.31622776601683794,0.4795001221869535,0.35355339059327373
kind=improved|tie_break=popularity,max_dupe,NDCG@5,5,5,5,0.19999999999999998,0.7470600781046621,-0.04467117880666813,0.9431418108137299,0.19999999999999998,0.8166666666666667,0.19999999999999998
kind=improved|tie_break=popularity,pas_emb,NDCG@5,5,5,5,0.09999999999999999,0.8728885715695384,0.17622061741682374,0.7767956702445459,0.0,1.0,0.09999999999999999
kind=improved|tie_break=popularity,n_layers,NDCG@5,5,1,5,,,,,,,
kind=improved|tie_break=popularity,codebook_size,NDCG@5,5,1,5,,,,,,,
kind=improved|tie_break=popularity,embed_dim,NDCG@5,5,1,5,,,,,,,
kind=improved|tie_break=popularity,beta,NDCG@5,5,1,5,,,,,,,
kind=improved|tie_break=popularity,gamma,NDCG@5,5,1,5,,,,,,,
kind=improved|tie_break=popularity,ema_decay,NDCG@5,5,1,5,,,,,,,
kind=improved|tie_break=popularity,temperature,NDCG@5,5,1,5,,,,,,,
kind=improved|tie_break=popularity,margin,NDCG@5,0,0,0,,,,,,,
kind=improved|tie_break=popularity,unique_l3,NDCG@5,5,1,5,,,,,,,
kind=improved|tie_break=popularity,pas_behavioral,Recall@1,5,5,5,0.6,0.28475697986529386,0.464636692122249,0.4304412913809299,0.39999999999999997,0.48333333333333334,0.6
kind=improved|tie_break=popularity,unique_l0,Recall@1,5,2,5,0.35355339059327373,0.5594043441634877,0.2671036121482481,0.6640014162106626,0.31622776601683794,0.4795001221869535,0.35355339059327373
kind=improved|tie_break=popularity,unique_l1,Recall@1,5,2,5,0.35355339059327373,0.5594043441634877,0.2671036121482481,0.6640014162106626,0.31622776601683794,0.4795001221869535,0.35355339059327373
kind=improved|tie_break=popularity,unique_l2,Recall@1,5,2,5,0.35355339059327373,0.5594043441634877,0.2671036121482482,0.6640014162106626,0.31622776601683794,0.4795001221869535,0.35355339059327373
kind=improved|tie_break=popularity,max_dupe,Recall@1,5,5,5,0.3,0.623837664781073,0.1667631005500266,0.788658916692291,0.19999999999999998,0.8166666666666667,0.3
kind=improved|tie_break=popularity,entropy_mean,Recall@1,5,5,5,0.19999999999999998,0.7470600781046621,0.050571404935833474,0.9356379436167943,0.19999999999999998,0.8166666666666667,0.19999999999999998
kind=improved|tie_break=popularity,unique_total_base,Recall@1,5,5,5,0.19999999999999998,0.7470600781046621,0.17400594879037257,0.7795719025296979,0.19999999999999998,0.8166666666666667,0.19999999999999998
kind=improved|tie_break=popularity,n_collisions,Recall@1,5,5,5,-0.19999999999999998,0.7470600781046621,-0.17400594879037257,0.7795719025296979,-0.19999999999999998,0.8166666666666667,0.19999999999999998
kind=improved|tie_break=popularity,cfr,Recall@1,5,5,5,0.19999999999999998,0.7470600781046621,0.1740059487903747,0.7795719025296952,0.19999999999999998,0.8166666666666667,0.19999999999999998
kind=improved|tie_break=popularity,cur_total,Recall@1,5,5,5,0.19999999999999998,0.7470600781046621,0.1740059487903663,0.7795719025297059,0.19999999999999998,0.8166666666666667,0.19999999999999998
kind=improved|tie_break=popularity,zipf_alpha_full,Recall@1,5,5,5,-0.19999999999999998,0.7470600781046621,-0.20729538227725866,0.7379659840920614,-0.19999999999999998,0.8166666666666667,0.19999999999999998
kind=improved|tie_break=popularity,entropy_l2,Recall@1,5,5,5,0.19999999999999998,0.7470600781046621,-0.0781116709143878,0.900646360654926,0.19999999999999998,0.8166666666666667,0.19999999999999998
kind=improved|tie_break=popularity,entropy_min,Recall@1,5,5,5,-0.09999999999999999,0.8728885715695384,0.0630406158163611,0.9197873910687683,0.0,1.0,0.09999999999999999
kind=improved|tie_break=popularity,pas_emb,Recall@1,5,5,5,-0.09999999999999999,0.8728885715695384,-0.03990086533355103,0.949210124103426,0.0,1.0,0.09999999999999999
kind=improved|tie_break=popularity,entropy_l0,Recall@1,5,5,5,0.0,1.0,0.2748421771609815,0.6545170290453709,0.19999999999999998,0.8166666666666667,0.0
kind=improved|tie_break=popularity,entropy_l1,Recall@1,5,5,5,0.0,1.0,0.10016547291915205,0.8726789427383517,0.0,1.0,0.0
kind=improved|tie_break=popularity,entropy_l3,Recall@1,5,5,5,0.0,1.0,-0.04286103165242761,0.9454443530357868,0.0,1.0,0.0
kind=improved|tie_break=popularity,n_layers,Recall@1,5,1,5,,,,,,,
kind=improved|tie_break=popularity,codebook_size,Recall@1,5,1,5,,,,,,,
kind=improved|tie_break=popularity,embed_dim,Recall@1,5,1,5,,,,,,,
kind=improved|tie_break=popularity,beta,Recall@1,5,1,5,,,,,,,
kind=improved|tie_break=popularity,gamma,Recall@1,5,1,5,,,,,,,
kind=improved|tie_break=popularity,ema_decay,Recall@1,5,1,5,,,,,,,
kind=improved|tie_break=popularity,temperature,Recall@1,5,1,5,,,,,,,
kind=improved|tie_break=popularity,margin,Recall@1,0,0,0,,,,,,,
kind=improved|tie_break=popularity,unique_l3,Recall@1,5,1,5,,,,,,,
kind=improved|tie_break=popularity,entropy_mean,Recall@10,5,5,5,0.7999999999999999,0.10408803866182788,0.6744410455680994,0.21175868001922932,0.6,0.23333333333333334,0.7999999999999999
kind=improved|tie_break=popularity,unique_total_base,Recall@10,5,5,5,0.7999999999999999,0.10408803866182788,0.797599178354536,0.10592701034415755,0.6,0.23333333333333334,0.7999999999999999
kind=improved|tie_break=popularity,n_collisions,Recall@10,5,5,5,-0.7999999999999999,0.10408803866182788,-0.7975991783545358,0.10592701034415772,-0.6,0.23333333333333334,0.7999999999999999
kind=improved|tie_break=popularity,cfr,Recall@10,5,5,5,0.7999999999999999,0.10408803866182788,0.7975991783545399,0.10592701034415444,0.6,0.23333333333333334,0.7999999999999999
kind=improved|tie_break=popularity,cur_total,Recall@10,5,5,5,0.7999999999999999,0.10408803866182788,0.7975991783545363,0.10592701034415722,0.6,0.23333333333333334,0.7999999999999999
kind=improved|tie_break=popularity,zipf_alpha_full,Recall@10,5,5,5,-0.7999999999999999,0.10408803866182788,-0.8345977506207652,0.07871660867481588,-0.6,0.23333333333333334,0.7999999999999999
kind=improved|tie_break=popularity,entropy_l2,Recall@10,5,5,5,0.7999999999999999,0.10408803866182788,0.6841059708831706,0.2027277821906408,0.6,0.23333333333333334,0.7999999999999999
kind=improved|tie_break=popularity,entropy_min,Recall@10,5,5,5,0.6,0.28475697986529386,0.6657155707320374,0.22000515800405432,0.39999999999999997,0.48333333333333334,0.6
kind=improved|tie_break=popularity,entropy_l0,Recall@10,5,5,5,0.49999999999999994,0.3910022189557703,0.6648494973191065,0.22082843870059002,0.19999999999999998,0.8166666666666667,0.49999999999999994
kind=improved|tie_break=popularity,entropy_l1,Recall@10,5,5,5,0.49999999999999994,0.3910022189557703,0.6288032328085035,0.25582447746629017,0.39999999999999997,0.48333333333333334,0.49999999999999994
kind=improved|tie_break=popularity,entropy_l3,Recall@10,5,5,5,0.49999999999999994,0.3910022189557703,0.6723398567618781,0.21373650570063954,0.39999999999999997,0.48333333333333334,0.49999999999999994
kind=improved|tie_break=popularity,pas_behavioral,Recall@10,5,5,5,0.39999999999999997,0.5046315754686912,0.3176954317848442,0.6024089663970378,0.39999999999999997,0.48333333333333334,0.39999999999999997
kind=improved|tie_break=popularity,unique_l0,Recall@10,5,2,5,0.35355339059327373,0.5594043441634877,0.5338740972590245,0.35408535375381933,0.31622776601683794,0.4795001221869535,0.35355339059327373
kind=improved|tie_break=popularity,unique_l1,Recall@10,5,2,5,0.35355339059327373,0.5594043441634877,0.5338740972590245,0.35408535375381933,0.31622776601683794,0.4795001221869535,0.35355339059327373
kind=improved|tie_break=popularity,unique_l2,Recall@10,5,2,5,0.35355339059327373,0.5594043441634877,0.5338740972590245,0.35408535375381933,0.31622776601683794,0.4795001221869535,0.35355339059327373
kind=improved|tie_break=popularity,max_dupe,Recall@10,5,5,5,0.19999999999999998,0.7470600781046621,-0.32911083420166387,0.5886555854059774,0.19999999999999998,0.8166666666666667,0.19999999999999998
kind=improved|tie_break=popularity,pas_emb,Recall@10,5,5,5,0.09999999999999999,0.8728885715695384,0.22099910294708966,0.7209227835952695,0.0,1.0,0.09999999999999999
kind=improved|tie_break=popularity,n_layers,Recall@10,5,1,5,,,,,,,
kind=improved|tie_break=popularity,codebook_size,Recall@10,5,1,5,,,,,,,
kind=improved|tie_break=popularity,embed_dim,Recall@10,5,1,5,,,,,,,
kind=improved|tie_break=popularity,beta,Recall@10,5,1,5,,,,,,,
kind=improved|tie_break=popularity,gamma,Recall@10,5,1,5,,,,,,,
kind=improved|tie_break=popularity,ema_decay,Recall@10,5,1,5,,,,,,,
kind=improved|tie_break=popularity,temperature,Recall@10,5,1,5,,,,,,,
kind=improved|tie_break=popularity,margin,Recall@10,0,0,0,,,,,,,
kind=improved|tie_break=popularity,unique_l3,Recall@10,5,1,5,,,,,,,
kind=improved|tie_break=popularity,entropy_l0,Recall@20,5,5,5,0.8999999999999998,0.03738607346849875,0.8502755657715579,0.06796269044161742,0.7999999999999999,0.08333333333333333,0.8999999999999998
kind=improved|tie_break=popularity,unique_l0,Recall@20,5,2,5,0.7071067811865475,0.1816901138162094,0.7539666748029927,0.14096440716148442,0.6324555320336759,0.15729920705028516,0.7071067811865475
kind=improved|tie_break=popularity,unique_l1,Recall@20,5,2,5,0.7071067811865475,0.1816901138162094,0.7539666748029927,0.14096440716148442,0.6324555320336759,0.15729920705028516,0.7071067811865475
kind=improved|tie_break=popularity,unique_l2,Recall@20,5,2,5,0.7071067811865475,0.1816901138162094,0.7539666748029927,0.14096440716148442,0.6324555320336759,0.15729920705028516,0.7071067811865475
kind=improved|tie_break=popularity,entropy_min,Recall@20,5,5,5,0.7,0.1881204043741873,0.7932339685620514,0.10929546358213445,0.6,0.23333333333333334,0.7
kind=improved|tie_break=popularity,entropy_mean,Recall@20,5,5,5,0.6,0.28475697986529386,0.783791087620371,0.1166896716960422,0.39999999999999997,0.48333333333333334,0.6
kind=improved|tie_break=popularity,unique_total_base,Recall@20,5,5,5,0.6,0.28475697986529386,0.8929924212258914,0.04133891273221258,0.39999999999999997,0.48333333333333334,0.6
kind=improved|tie_break=popularity,n_collisions,Recall@20,5,5,5,-0.6,0.28475697986529386,-0.8929924212258913,0.0413389127322127,-0.39999999999999997,0.48333333333333334,0.6
kind=improved|tie_break=popularity,cfr,Recall@20,5,5,5,0.6,0.28475697986529386,0.8929924212258884,0.04133891273221436,0.39999999999999997,0.48333333333333334,0.6
kind=improved|tie_break=popularity,cur_total,Recall@20,5,5,5,0.6,0.28475697986529386,0.8929924212258898,0.04133891273221358,0.39999999999999997,0.48333333333333334,0.6
kind=improved|tie_break=popularity,zipf_alpha_full,Recall@20,5,5,5,-0.6,0.28475697986529386,-0.8923765898619819,0.041692292828402776,-0.39999999999999997,0.48333333333333334,0.6
kind=improved|tie_break=popularity,entropy_l2,Recall@20,5,5,5,0.6,0.28475697986529386,0.7383778241377178,0.1541778173863172,0.39999999999999997,0.48333333333333334,0.6
kind=improved|tie_break=popularity,max_dupe,Recall@20,5,5,5,-0.49999999999999994,0.3910022189557703,-0.7459881860389284,0.14768380831990258,-0.39999999999999997,0.48333333333333334,0.49999999999999994
kind=improved|tie_break=popularity,pas_emb,Recall@20,5,5,5,-0.3,0.623837664781073,-0.01629341526560271,0.9792554973013404,-0.19999999999999998,0.8166666666666667,0.3
kind=improved|tie_break=popularity,entropy_l1,Recall@20,5,5,5,0.3,0.623837664781073,0.767157678286427,0.13006024519388606,0.19999999999999998,0.8166666666666667,0.3
kind=improved|tie_break=popularity,entropy_l3,Recall@20,5,5,5,0.3,0.623837664781073,0.7325939657246157,0.15916734994549328,0.19999999999999998,0.8166666666666667,0.3
kind=improved|tie_break=popularity,pas_behavioral,Recall@20,5,5,5,0.19999999999999998,0.7470600781046621,0.15048902151514065,0.8091171284986636,0.19999999999999998,0.8166666666666667,0.19999999999999998
kind=improved|tie_break=popularity,n_layers,Recall@20,5,1,5,,,,,,,
kind=improved|tie_break=popularity,codebook_size,Recall@20,5,1,5,,,,,,,
kind=improved|tie_break=popularity,embed_dim,Recall@20,5,1,5,,,,,,,
kind=improved|tie_break=popularity,beta,Recall@20,5,1,5,,,,,,,
kind=improved|tie_break=popularity,gamma,Recall@20,5,1,5,,,,,,,
kind=improved|tie_break=popularity,ema_decay,Recall@20,5,1,5,,,,,,,
kind=improved|tie_break=popularity,temperature,Recall@20,5,1,5,,,,,,,
kind=improved|tie_break=popularity,margin,Recall@20,0,0,0,,,,,,,
kind=improved|tie_break=popularity,unique_l3,Recall@20,5,1,5,,,,,,,
kind=improved|tie_break=popularity,entropy_mean,Recall@5,5,5,5,0.7999999999999999,0.10408803866182788,0.5211298526895655,0.36787043920722473,0.6,0.23333333333333334,0.7999999999999999
kind=improved|tie_break=popularity,unique_total_base,Recall@5,5,5,5,0.7999999999999999,0.10408803866182788,0.6317297961982137,0.25293152482542536,0.6,0.23333333333333334,0.7999999999999999
kind=improved|tie_break=popularity,n_collisions,Recall@5,5,5,5,-0.7999999999999999,0.10408803866182788,-0.6317297961982135,0.25293152482542536,-0.6,0.23333333333333334,0.7999999999999999
kind=improved|tie_break=popularity,cfr,Recall@5,5,5,5,0.7999999999999999,0.10408803866182788,0.6317297961982209,0.2529315248254181,0.6,0.23333333333333334,0.7999999999999999
kind=improved|tie_break=popularity,cur_total,Recall@5,5,5,5,0.7999999999999999,0.10408803866182788,0.6317297961982153,0.2529315248254236,0.6,0.23333333333333334,0.7999999999999999
kind=improved|tie_break=popularity,zipf_alpha_full,Recall@5,5,5,5,-0.7999999999999999,0.10408803866182788,-0.6827146268854953,0.2040210482958078,-0.6,0.23333333333333334,0.7999999999999999
kind=improved|tie_break=popularity,entropy_l2,Recall@5,5,5,5,0.7999999999999999,0.10408803866182788,0.5675673429818487,0.31828101757294763,0.6,0.23333333333333334,0.7999999999999999
kind=improved|tie_break=popularity,entropy_min,Recall@5,5,5,5,0.6,0.28475697986529386,0.5030053003345772,0.3876917296821026,0.39999999999999997,0.48333333333333334,0.6
kind=improved|tie_break=popularity,entropy_l0,Recall@5,5,5,5,0.49999999999999994,0.3910022189557703,0.4597097518665193,0.43600426919859725,0.19999999999999998,0.8166666666666667,0.49999999999999994
kind=improved|tie_break=popularity,entropy_l1,Recall@5,5,5,5,0.49999999999999994,0.3910022189557703,0.46190062408156507,0.43352858052372245,0.39999999999999997,0.48333333333333334,0.49999999999999994
kind=improved|tie_break=popularity,entropy_l3,Recall@5,5,5,5,0.49999999999999994,0.3910022189557703,0.5513120204445842,0.33543569508463733,0.39999999999999997,0.48333333333333334,0.49999999999999994
kind=improved|tie_break=popularity,pas_behavioral,Recall@5,5,5,5,0.39999999999999997,0.5046315754686912,0.32760535616692726,0.5904661372548416,0.39999999999999997,0.48333333333333334,0.39999999999999997
kind=improved|tie_break=popularity,unique_l0,Recall@5,5,2,5,0.35355339059327373,0.5594043441634877,0.3251832180884663,0.5933812011947064,0.31622776601683794,0.4795001221869535,0.35355339059327373
kind=improved|tie_break=popularity,unique_l1,Recall@5,5,2,5,0.35355339059327373,0.5594043441634877,0.32518321808846623,0.5933812011947065,0.31622776601683794,0.4795001221869535,0.35355339059327373
kind=improved|tie_break=popularity,unique_l2,Recall@5,5,2,5,0.35355339059327373,0.5594043441634877,0.3251832180884662,0.5933812011947065,0.31622776601683794,0.4795001221869535,0.35355339059327373
kind=improved|tie_break=popularity,max_dupe,Recall@5,5,5,5,0.19999999999999998,0.7470600781046621,-0.06803865693883177,0.9134373763065993,0.19999999999999998,0.8166666666666667,0.19999999999999998
kind=improved|tie_break=popularity,pas_emb,Recall@5,5,5,5,0.09999999999999999,0.8728885715695384,0.3107877906151661,0.6107584957562335,0.0,1.0,0.09999999999999999
kind=improved|tie_break=popularity,n_layers,Recall@5,5,1,5,,,,,,,
kind=improved|tie_break=popularity,codebook_size,Recall@5,5,1,5,,,,,,,
kind=improved|tie_break=popularity,embed_dim,Recall@5,5,1,5,,,,,,,
kind=improved|tie_break=popularity,beta,Recall@5,5,1,5,,,,,,,
kind=improved|tie_break=popularity,gamma,Recall@5,5,1,5,,,,,,,
kind=improved|tie_break=popularity,ema_decay,Recall@5,5,1,5,,,,,,,
kind=improved|tie_break=popularity,temperature,Recall@5,5,1,5,,,,,,,
kind=improved|tie_break=popularity,margin,Recall@5,0,0,0,,,,,,,
kind=improved|tie_break=popularity,unique_l3,Recall@5,5,1,5,,,,,,,
